customer_id,activation_date,age,gender,city,city_tier,kyc_verified,phone_verified,credit_limit_vnd,primary_cat_pref,referral_source,device_type
ZLP000001,2023-12-18,30.0,Male,Hà Nội,1,0,1,1000000,Thực phẩm & Ăn uống,Campaign,Android
ZLP000002,2023-11-02,27.0,Male,Hà Nội,1,1,1,1000000,Chăm sóc sức khỏe,Organic,iOS
ZLP000003,2024-05-30,31.0,Female,Bình Dương,3,1,1,2000000,Thời trang,Campaign,Android
ZLP000004,2024-07-29,37.0,Male,Hà Nội,1,0,1,2000000,Điện tử,Referral,Android
ZLP000005,2023-12-02,26.0,Female,Hồ Chí Minh,1,1,1,2000000,Điện tử,Organic,iOS
ZLP000006,2023-07-05,26.0,Female,Hà Nội,1,1,1,500000,Du lịch & Vận chuyển,Referral,iOS
ZLP000007,2023-11-02,37.0,Female,Bình Dương,3,1,1,5000000,Chăm sóc sức khỏe,Unknown,iOS
ZLP000008,2023-07-05,32.0,Female,Hà Nội,1,0,1,3000000,Du lịch & Vận chuyển,Campaign,Android
ZLP000009,2023-12-02,25.0,Female,Hồ Chí Minh,2,1,1,5000000,Thực phẩm & Ăn uống,Organic,Android
ZLP000010,2024-01-31,31.0,Female,Cần Thơ,2,1,1,1000000,Viễn thông,Referral,iOS
ZLP000011,2024-11-26,25.0,Female,Bình Dương,3,1,1,2000000,Viễn thông,Organic,Android
ZLP000012,2023-12-18,25.0,Male,An Giang,3,1,1,1000000,Chăm sóc sức khỏe,Organic,iOS
ZLP000013,2023-11-02,29.0,Male,Hà Nội,1,1,1,3000000,Chăm sóc sức khỏe,Organic,iOS
ZLP000014,2023-10-03,18.0,Male,Hồ Chí Minh,1,0,1,1000000,Điện tử,Organic,Android
ZLP000015,2023-10-03,18.0,Female,Hà Nội,1,1,1,1000000,Điện & Nước,Social,Android
ZLP000016,2023-10-03,24.0,Male,Hà Nội,1,1,1,2000000,Viễn thông,Unknown,Android
ZLP000017,2024-05-30,21.0,Male,Bình Dương,3,1,1,2000000,Điện tử,Campaign,iOS
ZLP000018,2023-04-06,29.0,Male,Hồ Chí Minh,1,1,0,2000000,Viễn thông,Social,Android
ZLP000019,2024-11-26,22.0,Female,Hà Nội,1,1,1,1000000,Thời trang,Referral,iOS
ZLP000020,2024-01-15,19.0,Female,Đồng Nai,3,1,1,2000000,Thời trang,Campaign,iOS
ZLP000021,2024-01-31,36.0,Female,Cần Thơ,2,1,1,5000000,Viễn thông,Organic,Android
ZLP000022,2023-12-18,26.0,Female,Bình Dương,3,1,1,3000000,Du lịch & Vận chuyển,Referral,Android
ZLP000023,2024-04-30,28.0,Female,Đồng Nai,3,0,1,2000000,Viễn thông,Unknown,iOS
ZLP000024,2024-01-01,19.0,Male,Đồng Nai,3,1,1,2000000,Du lịch & Vận chuyển,Campaign,Android
ZLP000025,2023-12-02,24.0,Female,Bình Dương,3,1,0,1000000,Thời trang,Organic,Android
ZLP000026,2023-11-02,28.0,Male,Hà Nội,1,0,0,1000000,Điện & Nước,Organic,iOS
ZLP000027,2024-09-27,21.0,Male,Hồ Chí Minh,3,1,1,1000000,Chăm sóc sức khỏe,Referral,iOS
ZLP000028,2023-12-02,30.0,Male,Đà Nẵng,2,1,1,2000000,Chăm sóc sức khỏe,Organic,Android
ZLP000029,2024-01-01,24.0,Female,Hồ Chí Minh,1,1,1,3000000,Chăm sóc sức khỏe,Campaign,iOS
ZLP000030,2023-12-02,26.0,Male,Hà Nội,1,1,0,2000000,Thời trang,Organic,Android
ZLP000031,2023-07-05,24.0,Female,Bình Dương,3,1,1,1000000,Điện tử,Referral,iOS
ZLP000032,2023-10-03,39.0,Male,An Giang,3,1,1,2000000,Du lịch & Vận chuyển,Campaign,iOS
ZLP000033,2023-10-03,27.0,Female,Hồ Chí Minh,1,1,1,1000000,Điện & Nước,Referral,Android
ZLP000034,2024-04-30,21.0,Male,Hồ Chí Minh,1,1,1,3000000,Điện & Nước,Organic,iOS
ZLP000035,2023-12-18,32.0,Male,Hải Phòng,2,1,1,1000000,Điện & Nước,Organic,iOS
ZLP000036,2024-05-30,20.0,Male,Hồ Chí Minh,3,1,1,2000000,Du lịch & Vận chuyển,Organic,Android
ZLP000037,2024-04-30,29.0,Female,Hồ Chí Minh,1,1,1,2000000,Thời trang,Unknown,Android
ZLP000038,2023-10-03,18.0,Male,Hà Nội,1,0,1,1000000,Điện & Nước,Organic,iOS
ZLP000039,2024-01-31,20.0,Female,Cần Thơ,2,1,1,500000,Điện & Nước,Referral,Android
ZLP000040,2024-05-30,29.0,Female,Hà Nội,1,1,1,2000000,Thực phẩm & Ăn uống,Organic,Android
ZLP000041,2024-03-31,32.0,Female,Hải Phòng,2,1,1,500000,Chăm sóc sức khỏe,Unknown,Android
ZLP000042,2024-03-01,29.0,Female,Hồ Chí Minh,1,1,1,2000000,Chăm sóc sức khỏe,Campaign,Android
ZLP000043,2024-05-30,27.0,Male,Hồ Chí Minh,1,1,1,3000000,Chăm sóc sức khỏe,Organic,Android
ZLP000044,2023-04-06,26.0,Male,Hồ Chí Minh,1,1,1,1000000,Điện tử,Organic,iOS
ZLP000045,2024-04-30,19.0,Female,Hà Nội,1,1,1,2000000,Điện & Nước,Campaign,iOS
ZLP000046,2023-11-02,23.0,Female,Hồ Chí Minh,1,0,1,5000000,Điện tử,Social,Android
ZLP000047,2024-01-31,25.0,Female,Hồ Chí Minh,1,1,1,2000000,Thực phẩm & Ăn uống,Unknown,Android
ZLP000048,2023-11-02,34.0,Female,Bình Dương,3,1,1,5000000,Điện tử,Social,iOS
ZLP000049,2024-07-29,30.0,Male,Hồ Chí Minh,1,1,1,1000000,Thực phẩm & Ăn uống,Campaign,iOS
ZLP000050,2024-01-15,18.0,Male,An Giang,3,1,1,3000000,Thực phẩm & Ăn uống,Social,iOS
ZLP000051,2024-03-31,29.0,Female,Hà Nội,1,0,1,2000000,Điện & Nước,Social,Android
ZLP000052,2024-06-29,25.0,Male,Cần Thơ,2,0,1,3000000,Du lịch & Vận chuyển,Unknown,Android
ZLP000053,2024-08-28,23.0,Male,Hồ Chí Minh,1,1,1,500000,Thực phẩm & Ăn uống,Organic,iOS
ZLP000054,2024-04-30,31.0,Female,Hồ Chí Minh,1,1,1,1000000,Thời trang,Social,iOS
ZLP000055,2023-10-03,34.0,Male,Đà Nẵng,2,1,1,1000000,Viễn thông,Organic,iOS
ZLP000056,2024-07-29,33.0,Female,Đà Nẵng,2,1,1,5000000,Thực phẩm & Ăn uống,Campaign,iOS
ZLP000057,2024-03-01,22.0,Female,Đồng Nai,3,1,1,2000000,Du lịch & Vận chuyển,Referral,Android
ZLP000058,2024-03-01,26.0,Female,Bình Dương,3,1,1,5000000,Viễn thông,Campaign,Android
ZLP000059,2024-09-27,29.0,Male,Cần Thơ,2,0,1,1000000,Viễn thông,Campaign,Android
ZLP000060,2023-11-02,33.0,Male,Hà Nội,1,0,1,1000000,Viễn thông,Unknown,Android
ZLP000061,2023-11-02,25.0,Female,An Giang,3,0,1,1000000,Thời trang,Social,iOS
ZLP000062,2024-01-15,26.0,Male,Cần Thơ,2,1,1,2000000,Thực phẩm & Ăn uống,Campaign,iOS
ZLP000063,2024-05-30,21.0,Male,Thanh Hóa,3,1,1,3000000,Điện & Nước,Referral,Android
ZLP000064,2024-01-01,20.0,Male,Đồng Nai,3,1,1,2000000,Điện tử,Organic,Android
ZLP000065,2024-03-31,32.0,Male,Hồ Chí Minh,1,1,1,5000000,Du lịch & Vận chuyển,Campaign,iOS
ZLP000066,2024-01-01,36.0,Male,Hà Nội,1,1,1,1000000,Viễn thông,Referral,Android
ZLP000067,2024-03-01,27.0,Female,Đà Nẵng,2,1,1,2000000,Điện tử,Unknown,Unknown
ZLP000068,2024-06-29,34.0,Male,Bình Dương,3,1,1,3000000,Thời trang,Unknown,iOS
ZLP000069,2023-10-03,30.0,Male,Đà Nẵng,2,1,1,1000000,Viễn thông,Organic,Android
ZLP000070,2024-04-30,24.0,Female,Đồng Nai,3,1,1,500000,Thời trang,Unknown,Android
ZLP000071,2024-06-29,30.0,Female,Hà Nội,1,1,1,1000000,Viễn thông,Referral,iOS
ZLP000072,2024-01-01,37.0,Male,Hồ Chí Minh,1,1,1,500000,Chăm sóc sức khỏe,Organic,iOS
ZLP000073,2023-12-02,27.0,Male,Hồ Chí Minh,1,1,1,5000000,Điện & Nước,Campaign,Android
ZLP000074,2023-01-01,37.0,Female,Đà Nẵng,2,0,1,5000000,Thời trang,Campaign,Android
ZLP000075,2024-06-29,18.0,Female,Bình Dương,3,1,1,3000000,Viễn thông,Campaign,Android
ZLP000076,2023-12-02,32.0,Female,Hà Nội,1,1,1,3000000,Du lịch & Vận chuyển,Organic,iOS
ZLP000077,2023-12-18,28.0,Female,Cần Thơ,2,1,1,1000000,Thực phẩm & Ăn uống,Campaign,Android
ZLP000078,2023-12-02,26.0,Male,Hồ Chí Minh,1,1,1,500000,Chăm sóc sức khỏe,Organic,iOS
ZLP000079,2024-01-15,28.0,Female,Hồ Chí Minh,1,1,1,3000000,Du lịch & Vận chuyển,Unknown,iOS
ZLP000080,2024-04-30,18.0,Male,Bình Dương,3,0,1,2000000,Thực phẩm & Ăn uống,Social,Android
ZLP000081,2024-05-30,26.0,Female,Hà Nội,1,1,0,2000000,Du lịch & Vận chuyển,Campaign,Android
ZLP000082,2023-12-18,30.0,Female,Cần Thơ,2,1,1,3000000,Điện tử,Organic,Android
ZLP000083,2024-03-31,36.0,Female,Hải Phòng,2,1,1,2000000,Điện & Nước,Campaign,Android
ZLP000084,2024-04-30,24.0,Male,Hải Phòng,2,1,1,1000000,Điện & Nước,Referral,Android
ZLP000085,2023-12-02,23.0,Male,Hồ Chí Minh,1,1,1,3000000,Chăm sóc sức khỏe,Social,Android
ZLP000086,2023-07-05,24.0,Female,Hà Nội,1,1,1,2000000,Thực phẩm & Ăn uống,Organic,Android
ZLP000087,2024-08-28,33.0,Female,Bình Dương,3,1,1,3000000,Thực phẩm & Ăn uống,Referral,Android
ZLP000088,2024-03-31,29.0,Female,Đồng Nai,3,1,1,2000000,Du lịch & Vận chuyển,Campaign,Android
ZLP000089,2024-03-31,24.0,Male,Đồng Nai,3,0,1,1000000,Du lịch & Vận chuyển,Organic,iOS
ZLP000090,2023-04-06,31.0,Male,Hồ Chí Minh,1,1,0,1000000,Điện & Nước,Organic,Android
ZLP000091,2024-06-29,28.0,Female,Hồ Chí Minh,1,1,1,3000000,Thực phẩm & Ăn uống,Referral,iOS
ZLP000092,2024-01-31,33.0,Male,Đà Nẵng,2,1,1,2000000,Du lịch & Vận chuyển,Campaign,Android
ZLP000093,2024-07-29,23.0,Female,Bình Dương,3,1,1,2000000,Chăm sóc sức khỏe,Unknown,Android
ZLP000094,2024-11-26,26.0,Female,Hà Nội,1,1,1,2000000,Điện tử,Social,iOS
ZLP000095,2024-09-27,25.0,Female,Hồ Chí Minh,1,1,1,2000000,Điện & Nước,Campaign,Android
ZLP000096,2024-07-29,19.0,Female,Bình Dương,3,1,1,1000000,Thời trang,Referral,iOS
ZLP000097,2023-01-01,29.0,Female,Hà Nội,1,0,1,1000000,Thời trang,Organic,iOS
ZLP000098,2024-08-28,29.0,Male,Hồ Chí Minh,1,1,1,1000000,Điện & Nước,Unknown,Android
ZLP000099,2023-07-05,28.0,Female,Hồ Chí Minh,1,1,1,2000000,Chăm sóc sức khỏe,Campaign,Android
ZLP000100,2024-07-29,26.0,Male,Hà Nội,1,0,1,2000000,Viễn thông,Campaign,iOS
ZLP000101,2023-12-02,19.0,Female,Đà Nẵng,2,1,1,1000000,Thời trang,Social,iOS
ZLP000102,2024-03-01,25.0,Male,Hà Nội,1,1,1,2000000,Thực phẩm & Ăn uống,Unknown,Android
ZLP000103,2023-04-06,25.0,Female,Hồ Chí Minh,1,1,1,2000000,Điện & Nước,Unknown,iOS
ZLP000104,2024-05-30,23.0,Male,Hồ Chí Minh,1,1,1,1000000,Thực phẩm & Ăn uống,Referral,iOS
ZLP000105,2023-07-05,27.0,Male,Hà Nội,1,1,1,5000000,Viễn thông,Organic,iOS
ZLP000106,2023-12-18,30.0,Female,Cần Thơ,2,1,1,500000,Điện & Nước,Organic,iOS
ZLP000107,2024-06-29,39.0,Male,Hồ Chí Minh,1,1,1,2000000,Viễn thông,Campaign,Android
ZLP000108,2024-04-30,29.0,Female,Đà Nẵng,2,1,1,1000000,Thời trang,Campaign,iOS
ZLP000109,2023-01-01,29.0,Other,Hồ Chí Minh,1,1,1,3000000,Điện & Nước,Campaign,iOS
ZLP000110,2023-12-18,27.0,Male,Hồ Chí Minh,1,1,1,5000000,Điện & Nước,Social,Android
ZLP000111,2023-04-06,18.0,Female,Hồ Chí Minh,1,0,0,2000000,Giải trí,Campaign,Android
ZLP000112,2024-03-31,27.0,Female,Hồ Chí Minh,1,1,1,3000000,Điện & Nước,Unknown,Android
ZLP000113,2024-11-26,28.0,Male,Cần Thơ,2,1,1,1000000,Thực phẩm & Ăn uống,Organic,Android
ZLP000114,2024-03-31,42.0,Female,Hà Nội,1,1,1,1000000,Điện & Nước,Organic,iOS
ZLP000115,2023-11-02,26.0,Female,Hải Phòng,2,1,1,1000000,Du lịch & Vận chuyển,Campaign,Android
ZLP000116,2023-12-02,29.0,Male,Hồ Chí Minh,1,1,1,1000000,Thực phẩm & Ăn uống,Campaign,iOS
ZLP000117,2024-11-26,27.0,Female,Hồ Chí Minh,1,1,0,2000000,Điện & Nước,Social,Android
ZLP000118,2023-11-02,20.0,Female,Hà Nội,1,1,1,1000000,Điện tử,Campaign,Android
ZLP000119,2024-01-31,34.0,Female,Đồng Nai,3,1,0,2000000,Chăm sóc sức khỏe,Organic,Android
ZLP000120,2023-12-18,32.0,Male,Hà Nội,1,1,1,3000000,Du lịch & Vận chuyển,Referral,iOS
ZLP000121,2024-05-30,32.0,Female,Hà Nội,1,1,1,1000000,Điện tử,Campaign,Android
ZLP000122,2024-07-29,27.0,Female,Hà Nội,1,0,1,500000,Điện & Nước,Organic,Unknown
ZLP000123,2023-12-02,36.0,Female,Hồ Chí Minh,1,1,1,2000000,Thời trang,Unknown,iOS
ZLP000124,2024-03-31,19.0,Female,Nghệ An,3,0,1,2000000,Thực phẩm & Ăn uống,Campaign,Android
ZLP000125,2024-01-31,31.0,Female,Đà Nẵng,2,1,1,500000,Điện tử,Organic,Android
ZLP000126,2023-12-02,41.0,Male,Đồng Nai,3,1,1,1000000,Thời trang,Referral,Android
ZLP000127,2023-11-02,22.0,Female,Cần Thơ,2,0,1,2000000,Điện tử,Social,iOS
ZLP000128,2024-01-31,24.0,Male,Đà Nẵng,2,1,1,1000000,Viễn thông,Referral,Android
ZLP000129,2023-10-03,28.0,Female,Hồ Chí Minh,1,1,1,3000000,Thực phẩm & Ăn uống,Referral,Android
ZLP000130,2024-06-29,24.0,Male,Cần Thơ,2,1,0,1000000,Thực phẩm & Ăn uống,Campaign,iOS
ZLP000131,2023-04-06,18.0,Male,Hồ Chí Minh,1,0,1,500000,Giải trí,Social,Android
ZLP000132,2023-07-05,28.0,Male,Hà Nội,1,1,1,2000000,Điện & Nước,Referral,Android
ZLP000133,2023-12-02,21.0,Female,Cần Thơ,2,1,1,5000000,Chăm sóc sức khỏe,Campaign,iOS
ZLP000134,2023-07-05,30.0,Male,Đồng Nai,3,0,1,2000000,Điện & Nước,Referral,Android
ZLP000135,2024-01-01,22.0,Female,Bình Dương,3,1,0,1000000,Điện & Nước,Organic,Android
ZLP000136,2023-12-18,37.0,Female,Cần Thơ,2,1,1,500000,Viễn thông,Organic,iOS
ZLP000137,2024-04-30,23.0,Female,Hồ Chí Minh,1,1,1,2000000,Điện tử,Unknown,iOS
ZLP000138,2024-09-27,26.0,Female,Hà Nội,1,1,1,1000000,Điện tử,Unknown,Android
ZLP000139,2024-05-30,32.0,Male,Hồ Chí Minh,1,0,1,2000000,Thời trang,Social,Android
ZLP000140,2023-10-03,20.0,Female,Bình Dương,3,1,1,2000000,Chăm sóc sức khỏe,Campaign,iOS
ZLP000141,2024-09-27,29.0,Male,Nghệ An,3,1,1,1000000,Viễn thông,Organic,iOS
ZLP000142,2023-12-18,35.0,Female,Hồ Chí Minh,1,1,1,500000,Thời trang,Campaign,Android
ZLP000143,2024-01-01,18.0,Female,Hồ Chí Minh,1,1,1,3000000,Thời trang,Referral,Android
ZLP000144,2023-12-18,29.0,Female,Hà Nội,1,1,0,2000000,Điện tử,Campaign,Android
ZLP000145,2023-12-02,29.0,Male,Hải Phòng,2,1,1,3000000,Thời trang,Social,Android
ZLP000146,2024-08-28,32.0,Male,Đà Nẵng,2,1,0,1000000,Viễn thông,Referral,iOS
ZLP000147,2023-12-02,20.0,Male,Hồ Chí Minh,1,1,1,2000000,Du lịch & Vận chuyển,Referral,Android
ZLP000148,2024-01-31,20.0,Male,Thanh Hóa,3,1,1,1000000,Giải trí,Unknown,Android
ZLP000149,2023-11-02,31.0,Female,Hồ Chí Minh,3,1,1,1000000,Điện tử,Unknown,Android
ZLP000150,2024-06-29,29.0,Male,Hồ Chí Minh,1,1,1,2000000,Thực phẩm & Ăn uống,Referral,Android
ZLP000151,2024-05-30,29.0,Female,An Giang,3,1,1,3000000,Thời trang,Organic,Android
ZLP000152,2023-12-02,30.0,Male,Hà Nội,1,1,1,1000000,Điện & Nước,Unknown,iOS
ZLP000153,2024-03-31,23.0,Male,Hà Nội,1,1,1,3000000,Thực phẩm & Ăn uống,Organic,Android
ZLP000154,2024-04-30,29.0,Female,Hà Nội,1,1,1,2000000,Giải trí,Campaign,iOS
ZLP000155,2024-01-31,29.0,Female,Hải Phòng,2,1,1,1000000,Thời trang,Social,Unknown
ZLP000156,2024-03-01,23.0,Female,Hồ Chí Minh,2,1,1,3000000,Thời trang,Organic,iOS
ZLP000157,2024-01-31,27.0,Female,Hồ Chí Minh,1,1,1,2000000,Giải trí,Referral,Android
ZLP000158,2023-07-05,30.0,Male,Nghệ An,3,1,0,2000000,Du lịch & Vận chuyển,Campaign,Android
ZLP000159,2024-03-31,20.0,Male,Hồ Chí Minh,1,1,1,2000000,Thời trang,Referral,Android
ZLP000160,2024-01-01,31.0,Female,Bình Dương,3,1,1,2000000,Viễn thông,Unknown,Android
ZLP000161,2024-01-01,22.0,Female,Cần Thơ,2,1,1,3000000,Điện & Nước,Social,Android
ZLP000162,2024-07-29,32.0,Female,Hồ Chí Minh,1,1,0,1000000,Chăm sóc sức khỏe,Organic,Android
ZLP000163,2023-01-01,34.0,Male,Hồ Chí Minh,1,1,1,500000,Du lịch & Vận chuyển,Organic,Android
ZLP000164,2023-11-02,23.0,Other,Hải Phòng,2,1,1,3000000,Thực phẩm & Ăn uống,Unknown,Android
ZLP000165,2023-07-05,33.0,Male,Hà Nội,1,1,1,3000000,Điện & Nước,Referral,Android
ZLP000166,2023-04-06,30.0,Female,Cần Thơ,2,1,1,1000000,Thời trang,Organic,Android
ZLP000167,2023-12-02,32.0,Female,Đà Nẵng,2,1,1,1000000,Thực phẩm & Ăn uống,Referral,Android
ZLP000168,2024-11-26,39.0,Male,Bình Dương,3,1,1,2000000,Điện & Nước,Organic,iOS
ZLP000169,2023-11-02,26.0,Female,Hà Nội,1,1,1,500000,Du lịch & Vận chuyển,Organic,Android
ZLP000170,2024-03-31,23.0,Male,Hà Nội,1,0,1,2000000,Viễn thông,Unknown,iOS
ZLP000171,2023-07-05,22.0,Female,Hà Nội,1,1,1,500000,Điện tử,Campaign,Android
ZLP000172,2024-03-01,23.0,Male,Hải Phòng,2,1,1,2000000,Thực phẩm & Ăn uống,Campaign,iOS
ZLP000173,2024-11-26,27.0,Female,Hà Nội,1,1,1,500000,Chăm sóc sức khỏe,Referral,Android
ZLP000174,2023-12-02,30.0,Male,Hồ Chí Minh,1,1,1,2000000,Điện tử,Social,iOS
ZLP000175,2024-07-29,29.0,Female,Nghệ An,3,1,1,2000000,Điện & Nước,Referral,Android
ZLP000176,2024-11-26,32.0,Female,Đồng Nai,3,1,0,2000000,Thực phẩm & Ăn uống,Campaign,iOS
ZLP000177,2024-03-01,28.0,Female,Hồ Chí Minh,1,1,1,1000000,Viễn thông,Referral,Android
ZLP000178,2023-12-02,36.0,Male,Thanh Hóa,3,1,1,1000000,Điện tử,Referral,iOS
ZLP000179,2024-03-31,26.0,Female,Bình Dương,3,1,1,1000000,Thời trang,Social,Android
ZLP000180,2024-07-29,44.0,Male,Hồ Chí Minh,1,1,1,2000000,Thực phẩm & Ăn uống,Campaign,Android
ZLP000181,2023-10-03,31.0,Female,Hồ Chí Minh,1,1,1,2000000,Viễn thông,Organic,Android
ZLP000182,2024-01-01,22.0,Male,Bình Dương,3,1,1,500000,Điện & Nước,Referral,iOS
ZLP000183,2023-12-02,21.0,Female,Đồng Nai,3,1,1,3000000,Viễn thông,Organic,Android
ZLP000184,2023-12-02,30.0,Male,Hồ Chí Minh,1,1,1,3000000,Điện tử,Campaign,Android
ZLP000185,2024-07-29,26.0,Male,Hồ Chí Minh,1,1,1,2000000,Thời trang,Organic,iOS
ZLP000186,2023-12-18,27.0,Male,Hà Nội,1,1,1,1000000,Thực phẩm & Ăn uống,Campaign,Android
ZLP000187,2023-12-02,30.0,Male,Đà Nẵng,2,1,1,3000000,Chăm sóc sức khỏe,Campaign,Android
ZLP000188,2024-03-01,27.0,Male,Hồ Chí Minh,1,1,1,3000000,Thực phẩm & Ăn uống,Social,iOS
ZLP000189,2023-11-02,27.0,Female,Hồ Chí Minh,1,1,1,5000000,Chăm sóc sức khỏe,Referral,Android
ZLP000190,2023-11-02,18.0,Female,Cần Thơ,2,1,1,1000000,Chăm sóc sức khỏe,Organic,iOS
ZLP000191,2024-01-15,25.0,Female,Đồng Nai,3,1,1,5000000,Chăm sóc sức khỏe,Social,Android
ZLP000192,2023-12-18,33.0,Female,Đà Nẵng,2,1,0,500000,Chăm sóc sức khỏe,Campaign,Android
ZLP000193,2023-12-02,29.0,Male,Hà Nội,1,1,1,2000000,Điện tử,Organic,Android
ZLP000194,2023-04-06,20.0,Female,Hà Nội,1,1,1,2000000,Điện tử,Campaign,iOS
ZLP000195,2024-01-15,29.0,Male,Hà Nội,1,1,1,2000000,Chăm sóc sức khỏe,Organic,iOS
ZLP000196,2024-06-29,30.0,Female,Nghệ An,3,1,1,2000000,Điện & Nước,Campaign,Android
ZLP000197,2024-07-29,22.0,Male,Đồng Nai,3,0,1,1000000,Viễn thông,Social,Android
ZLP000198,2023-11-02,28.0,Male,Hồ Chí Minh,1,1,1,3000000,Điện & Nước,Referral,iOS
ZLP000199,2024-03-01,28.0,Male,Hà Nội,1,1,1,2000000,Viễn thông,Campaign,iOS
ZLP000200,2024-07-29,21.0,Female,Đà Nẵng,2,1,0,5000000,Chăm sóc sức khỏe,Organic,Android
ZLP000201,2023-12-18,30.0,Male,Cần Thơ,2,1,1,500000,Giải trí,Organic,Android
ZLP000202,2024-09-27,31.0,Female,Hà Nội,1,0,1,2000000,Điện tử,Unknown,iOS
ZLP000203,2024-08-28,34.0,Male,Đồng Nai,3,0,1,2000000,Du lịch & Vận chuyển,Campaign,iOS
ZLP000204,2023-11-02,34.0,Female,Đồng Nai,3,1,1,2000000,Viễn thông,Unknown,Android
ZLP000205,2023-11-02,19.0,Female,Đà Nẵng,2,1,1,3000000,Chăm sóc sức khỏe,Campaign,Android
ZLP000206,2023-10-03,22.0,Male,Hải Phòng,2,1,1,1000000,Thực phẩm & Ăn uống,Organic,iOS
ZLP000207,2023-11-02,31.0,Female,Bình Dương,3,1,1,1000000,Du lịch & Vận chuyển,Unknown,Android
ZLP000208,2024-08-28,31.0,Female,Đồng Nai,3,0,1,3000000,Chăm sóc sức khỏe,Organic,Android
ZLP000209,2024-09-27,31.0,Female,Nghệ An,3,1,1,2000000,Giải trí,Referral,Android
ZLP000210,2023-04-06,51.0,Female,Hồ Chí Minh,1,1,1,1000000,Chăm sóc sức khỏe,Social,Android
ZLP000211,2024-03-01,31.0,Female,Hồ Chí Minh,1,1,0,2000000,Thực phẩm & Ăn uống,Referral,Android
ZLP000212,2024-01-31,34.0,Female,Hải Phòng,2,1,1,2000000,Điện & Nước,Social,iOS
ZLP000213,2023-12-18,33.0,Male,Đồng Nai,3,1,1,2000000,Du lịch & Vận chuyển,Referral,Android
ZLP000214,2024-03-01,31.0,Female,An Giang,3,1,0,500000,Thời trang,Campaign,Android
ZLP000215,2024-09-27,26.0,Male,Hồ Chí Minh,1,1,1,2000000,Chăm sóc sức khỏe,Unknown,Android
ZLP000216,2023-10-03,32.0,Male,Hồ Chí Minh,2,1,1,2000000,Thực phẩm & Ăn uống,Unknown,Android
ZLP000217,2023-07-05,23.0,Female,Hồ Chí Minh,1,1,1,3000000,Điện & Nước,Campaign,Android
ZLP000218,2023-04-06,26.0,Male,Đà Nẵng,2,0,1,3000000,Điện & Nước,Unknown,iOS
ZLP000219,2023-12-18,25.0,Male,Hồ Chí Minh,1,1,1,2000000,Điện tử,Campaign,Android
ZLP000220,2023-12-02,28.0,Female,Hồ Chí Minh,1,1,1,1000000,Điện & Nước,Organic,iOS
ZLP000221,2024-01-01,41.0,Female,Hồ Chí Minh,1,1,1,1000000,Điện tử,Organic,iOS
ZLP000222,2024-01-15,18.0,Female,Hồ Chí Minh,2,1,1,1000000,Thực phẩm & Ăn uống,Organic,Android
ZLP000223,2024-05-30,32.0,Female,Hà Nội,1,1,1,500000,Thời trang,Social,Android
ZLP000224,2023-12-18,18.0,Female,Hồ Chí Minh,1,0,1,3000000,Chăm sóc sức khỏe,Campaign,Android
ZLP000225,2023-12-02,25.0,Male,Hà Nội,1,1,1,3000000,Viễn thông,Social,Android
ZLP000226,2024-06-29,34.0,Male,Hồ Chí Minh,1,1,1,2000000,Thực phẩm & Ăn uống,Referral,Android
ZLP000227,2024-07-29,28.0,Female,Nghệ An,3,1,1,1000000,Điện tử,Campaign,iOS
ZLP000228,2023-11-02,21.0,Male,Hà Nội,1,1,1,1000000,Du lịch & Vận chuyển,Organic,iOS
ZLP000229,2023-12-02,23.0,Female,Hà Nội,1,0,1,3000000,Viễn thông,Campaign,Android
ZLP000230,2024-06-29,32.0,Female,Hải Phòng,2,1,1,3000000,Thời trang,Unknown,Android
ZLP000231,2023-07-05,23.0,Male,Cần Thơ,2,1,1,1000000,Giải trí,Social,Android
ZLP000232,2023-12-02,29.0,Female,Bình Dương,3,1,1,2000000,Thời trang,Social,Android
ZLP000233,2024-01-01,28.0,Female,Cần Thơ,2,1,1,1000000,Du lịch & Vận chuyển,Social,Android
ZLP000234,2023-10-03,24.0,Male,Nghệ An,3,1,1,1000000,Du lịch & Vận chuyển,Campaign,Android
ZLP000235,2023-10-03,40.0,Other,Hồ Chí Minh,1,0,1,500000,Du lịch & Vận chuyển,Organic,Android
ZLP000236,2023-12-18,31.0,Female,Thanh Hóa,3,1,1,2000000,Điện tử,Organic,Android
ZLP000237,2024-05-30,18.0,Male,Hồ Chí Minh,2,0,1,1000000,Thời trang,Campaign,Android
ZLP000238,2024-07-29,29.0,Female,Đà Nẵng,2,1,1,500000,Điện & Nước,Campaign,iOS
ZLP000239,2024-11-26,24.0,Female,Cần Thơ,2,1,1,1000000,Viễn thông,Social,Android
ZLP000240,2023-07-05,33.0,Female,Cần Thơ,2,1,1,1000000,Viễn thông,Campaign,iOS
ZLP000241,2023-11-02,23.0,Female,Hồ Chí Minh,1,1,1,2000000,Điện & Nước,Organic,iOS
ZLP000242,2024-05-30,27.0,Female,Hồ Chí Minh,1,1,1,1000000,Điện & Nước,Social,Android
ZLP000243,2024-01-31,31.0,Male,Nghệ An,3,1,1,3000000,Viễn thông,Referral,Android
ZLP000244,2023-12-02,33.0,Female,Đà Nẵng,2,1,1,1000000,Điện & Nước,Organic,iOS
ZLP000245,2023-11-02,27.0,Female,Hà Nội,1,1,1,1000000,Điện & Nước,Unknown,Android
ZLP000246,2023-12-02,25.0,Male,Đồng Nai,3,1,1,1000000,Điện & Nước,Campaign,iOS
ZLP000247,2024-01-01,25.0,Male,Đà Nẵng,2,1,1,1000000,Thực phẩm & Ăn uống,Referral,iOS
ZLP000248,2023-10-03,24.0,Female,Hồ Chí Minh,1,1,0,500000,Chăm sóc sức khỏe,Unknown,iOS
ZLP000249,2024-11-26,38.0,Female,Bình Dương,3,1,1,1000000,Chăm sóc sức khỏe,Organic,Android
ZLP000250,2023-07-05,30.0,Female,Bình Dương,3,1,1,3000000,Du lịch & Vận chuyển,Social,Unknown
ZLP000251,2024-11-26,20.0,Female,Hồ Chí Minh,1,1,0,2000000,Điện tử,Referral,iOS
ZLP000252,2024-07-29,33.0,Female,Nghệ An,3,0,1,3000000,Viễn thông,Organic,Android
ZLP000253,2023-12-18,40.0,Female,Hồ Chí Minh,1,0,1,1000000,Điện tử,Referral,Android
ZLP000254,2024-05-30,34.0,Female,Hà Nội,1,1,1,2000000,Điện tử,Social,Android
ZLP000255,2024-03-31,18.0,Male,Hồ Chí Minh,1,0,1,1000000,Thời trang,Social,Android
ZLP000256,2023-11-02,25.0,Female,Cần Thơ,2,1,1,3000000,Chăm sóc sức khỏe,Social,Android
ZLP000257,2023-12-02,35.0,Female,Hà Nội,1,1,1,5000000,Điện & Nước,Organic,iOS
ZLP000258,2024-01-15,23.0,Female,Hà Nội,1,1,1,3000000,Thời trang,Organic,Android
ZLP000259,2024-03-31,30.0,Female,Đồng Nai,3,1,1,500000,Thực phẩm & Ăn uống,Campaign,iOS
ZLP000260,2024-01-31,32.0,Female,Hồ Chí Minh,1,1,1,1000000,Chăm sóc sức khỏe,Referral,iOS
ZLP000261,2024-01-01,22.0,Male,Đồng Nai,3,1,1,500000,Điện & Nước,Unknown,Android
ZLP000262,2024-01-01,27.0,Male,Đà Nẵng,2,1,1,500000,Viễn thông,Campaign,iOS
ZLP000263,2024-01-15,18.0,Male,Thanh Hóa,3,1,1,500000,Thời trang,Campaign,Android
ZLP000264,2024-01-01,21.0,Male,Đà Nẵng,2,1,1,1000000,Giải trí,Organic,Android
ZLP000265,2024-01-31,26.0,Female,Hồ Chí Minh,1,1,1,1000000,Điện & Nước,Unknown,Android
ZLP000266,2024-08-28,20.0,Male,Hồ Chí Minh,1,1,1,2000000,Điện tử,Organic,Android
ZLP000267,2024-03-31,37.0,Male,Hải Phòng,2,1,1,2000000,Viễn thông,Campaign,iOS
ZLP000268,2024-04-30,19.0,Female,Hải Phòng,2,0,1,3000000,Điện & Nước,Organic,Android
ZLP000269,2024-03-01,25.0,Female,Hà Nội,1,1,1,1000000,Thực phẩm & Ăn uống,Social,Android
ZLP000270,2024-03-31,28.0,Male,Cần Thơ,2,1,1,1000000,Thời trang,Referral,iOS
ZLP000271,2024-01-31,36.0,Female,Hà Nội,1,1,1,2000000,Chăm sóc sức khỏe,Social,Unknown
ZLP000272,2023-01-01,19.0,Female,Nghệ An,3,0,1,2000000,Thời trang,Campaign,Android
ZLP000273,2024-11-26,34.0,Male,Nghệ An,3,1,1,1000000,Thực phẩm & Ăn uống,Referral,Android
ZLP000274,2023-04-06,28.0,Male,Thanh Hóa,3,1,1,3000000,Viễn thông,Campaign,Android
ZLP000275,2023-12-18,22.0,Female,Hải Phòng,2,0,1,1000000,Viễn thông,Unknown,Android
ZLP000276,2023-07-05,30.0,Female,An Giang,3,1,1,1000000,Chăm sóc sức khỏe,Social,Android
ZLP000277,2023-07-05,29.0,Female,Hồ Chí Minh,1,1,1,2000000,Điện & Nước,Unknown,Android
ZLP000278,2024-06-29,24.0,Male,Hải Phòng,2,1,1,1000000,Điện & Nước,Referral,Android
ZLP000279,2023-12-18,28.0,Male,Bình Dương,3,1,1,2000000,Điện tử,Organic,Unknown
ZLP000280,2024-06-29,25.0,Female,Nghệ An,3,1,1,2000000,Giải trí,Referral,iOS
ZLP000281,2023-11-02,28.0,Male,Đà Nẵng,2,0,1,1000000,Điện & Nước,Unknown,Android
ZLP000282,2023-11-02,31.0,Male,Hồ Chí Minh,1,1,1,5000000,Thời trang,Organic,Android
ZLP000283,2023-11-02,37.0,Female,Đà Nẵng,2,1,1,1000000,Viễn thông,Referral,Android
ZLP000284,2024-03-01,20.0,Male,Bình Dương,3,1,1,2000000,Điện & Nước,Campaign,Android
ZLP000285,2024-06-29,40.0,Female,Hồ Chí Minh,1,1,1,1000000,Chăm sóc sức khỏe,Social,Android
ZLP000286,2024-01-01,18.0,Female,Hà Nội,1,1,1,2000000,Thực phẩm & Ăn uống,Organic,Android
ZLP000287,2023-12-18,27.0,Male,Đà Nẵng,2,1,1,1000000,Điện & Nước,Organic,Android
ZLP000288,2024-11-26,31.0,Female,Hà Nội,1,1,1,3000000,Du lịch & Vận chuyển,Unknown,iOS
ZLP000289,2023-07-05,29.0,Female,Hà Nội,1,1,1,3000000,Thời trang,Organic,iOS
ZLP000290,2024-01-15,24.0,Female,Hồ Chí Minh,1,0,0,500000,Điện tử,Referral,iOS
ZLP000291,2023-12-18,26.0,Male,Nghệ An,3,0,1,500000,Thực phẩm & Ăn uống,Organic,Android
ZLP000292,2023-07-05,25.0,Male,Bình Dương,3,1,1,5000000,Viễn thông,Referral,iOS
ZLP000293,2023-11-02,24.0,Female,Hồ Chí Minh,1,1,0,3000000,Thực phẩm & Ăn uống,Social,Unknown
ZLP000294,2023-01-01,33.0,Female,Đồng Nai,3,1,1,2000000,Viễn thông,Organic,iOS
ZLP000295,2024-07-29,30.0,Female,Bình Dương,3,1,1,2000000,Viễn thông,Organic,iOS
ZLP000296,2024-03-01,23.0,Male,Hồ Chí Minh,1,1,1,3000000,Thời trang,Unknown,Unknown
ZLP000297,2024-06-29,33.0,Male,Hà Nội,1,1,1,1000000,Điện & Nước,Referral,Android
ZLP000298,2024-01-15,29.0,Female,Cần Thơ,2,1,1,2000000,Thực phẩm & Ăn uống,Organic,iOS
ZLP000299,2024-03-01,32.0,Male,Hà Nội,1,1,0,2000000,Thời trang,Campaign,Android
ZLP000300,2024-04-30,31.0,Male,Đồng Nai,3,1,0,3000000,Điện tử,Unknown,Android
ZLP000301,2024-08-28,27.0,Female,Hà Nội,1,1,1,500000,Thời trang,Organic,iOS
ZLP000302,2023-07-05,24.0,Female,Hồ Chí Minh,1,1,1,2000000,Du lịch & Vận chuyển,Referral,Android
ZLP000303,2023-12-02,32.0,Female,Thanh Hóa,3,1,1,2000000,Giải trí,Organic,Unknown
ZLP000304,2024-04-30,31.0,Female,Hồ Chí Minh,1,0,1,3000000,Du lịch & Vận chuyển,Campaign,Android
ZLP000305,2024-09-27,27.0,Male,Bình Dương,3,1,1,2000000,Điện tử,Social,Android
ZLP000306,2024-11-26,28.0,Female,Hồ Chí Minh,1,0,1,3000000,Điện tử,Unknown,Android
ZLP000307,2024-03-31,35.0,Male,Hà Nội,1,1,1,3000000,Điện & Nước,Unknown,iOS
ZLP000308,2023-10-03,24.0,Female,Hà Nội,1,1,1,2000000,Thời trang,Campaign,Android
ZLP000309,2023-07-05,31.0,Female,Hồ Chí Minh,1,1,1,1000000,Điện tử,Referral,Android
ZLP000310,2024-09-27,26.0,Female,Hà Nội,1,1,1,2000000,Thực phẩm & Ăn uống,Organic,iOS
ZLP000311,2024-01-01,26.0,Female,Hồ Chí Minh,1,1,1,3000000,Thực phẩm & Ăn uống,Campaign,Android
ZLP000312,2023-11-02,34.0,Female,Đà Nẵng,2,0,1,500000,Thời trang,Campaign,Android
ZLP000313,2024-09-27,32.0,Female,Cần Thơ,2,1,1,2000000,Du lịch & Vận chuyển,Organic,Android
ZLP000314,2023-07-05,32.0,Female,Hồ Chí Minh,1,1,1,1000000,Viễn thông,Unknown,Android
ZLP000315,2024-04-30,35.0,Female,Hải Phòng,2,1,1,500000,Thực phẩm & Ăn uống,Unknown,Android
ZLP000316,2024-03-01,28.0,Male,Hồ Chí Minh,1,1,1,2000000,Điện tử,Organic,Android
ZLP000317,2023-07-05,32.0,Male,Hồ Chí Minh,1,0,1,2000000,Viễn thông,Referral,iOS
ZLP000318,2023-12-02,26.0,Male,Cần Thơ,2,1,1,2000000,Chăm sóc sức khỏe,Organic,iOS
ZLP000319,2023-10-03,29.0,Female,Hà Nội,1,1,1,3000000,Điện tử,Organic,Android
ZLP000320,2024-03-01,27.0,Female,Hà Nội,1,1,1,500000,Thực phẩm & Ăn uống,Organic,iOS
ZLP000321,2024-01-01,28.0,Female,Hồ Chí Minh,1,1,1,1000000,Điện tử,Campaign,Android
ZLP000322,2023-01-01,31.0,Female,Đồng Nai,3,1,1,3000000,Viễn thông,Organic,Android
ZLP000323,2024-11-26,23.0,Female,Cần Thơ,2,1,1,2000000,Chăm sóc sức khỏe,Referral,Android
ZLP000324,2023-12-02,40.0,Female,Hồ Chí Minh,1,1,1,1000000,Điện & Nước,Unknown,Android
ZLP000325,2023-11-02,21.0,Male,Hà Nội,1,1,1,3000000,Thực phẩm & Ăn uống,Organic,Android
ZLP000326,2023-11-02,20.0,Male,Đồng Nai,3,1,1,3000000,Viễn thông,Referral,Android
ZLP000327,2023-10-03,34.0,Male,Đà Nẵng,2,0,1,2000000,Chăm sóc sức khỏe,Organic,iOS
ZLP000328,2024-11-26,32.0,Male,Hồ Chí Minh,1,1,1,3000000,Điện tử,Organic,Android
ZLP000329,2023-12-02,31.0,Female,Hà Nội,1,0,0,1000000,Chăm sóc sức khỏe,Organic,Android
ZLP000330,2023-12-18,31.0,Female,Hồ Chí Minh,1,1,1,1000000,Điện tử,Campaign,Android
ZLP000331,2024-07-29,27.0,Female,Đà Nẵng,2,1,1,3000000,Chăm sóc sức khỏe,Organic,Android
ZLP000332,2024-03-31,22.0,Female,Hải Phòng,2,1,1,2000000,Thực phẩm & Ăn uống,Referral,Android
ZLP000333,2023-12-18,28.0,Female,Hà Nội,1,0,1,1000000,Điện tử,Organic,iOS
ZLP000334,2024-08-28,23.0,Male,Hà Nội,1,1,1,2000000,Điện & Nước,Campaign,Android
ZLP000335,2024-05-30,33.0,Female,An Giang,3,1,1,2000000,Du lịch & Vận chuyển,Referral,iOS
ZLP000336,2023-11-02,27.0,Male,Đà Nẵng,2,1,1,1000000,Điện tử,Unknown,Android
ZLP000337,2024-03-31,23.0,Male,Đà Nẵng,2,1,1,2000000,Chăm sóc sức khỏe,Campaign,Android
ZLP000338,2024-09-27,26.0,Male,Hồ Chí Minh,1,1,1,500000,Chăm sóc sức khỏe,Organic,Android
ZLP000339,2024-01-15,30.0,Female,Cần Thơ,2,1,1,1000000,Viễn thông,Organic,Android
ZLP000340,2024-04-30,24.0,Male,Đà Nẵng,2,1,1,2000000,Viễn thông,Social,Android
ZLP000341,2024-11-26,23.0,Male,Hà Nội,1,0,1,1000000,Chăm sóc sức khỏe,Campaign,Android
ZLP000342,2024-04-30,27.0,Female,Thanh Hóa,3,1,1,1000000,Viễn thông,Social,Android
ZLP000343,2023-07-05,29.0,Female,Hải Phòng,2,1,1,3000000,Điện & Nước,Organic,iOS
ZLP000344,2023-11-02,24.0,Male,Bình Dương,3,1,1,2000000,Điện & Nước,Campaign,iOS
ZLP000345,2024-03-01,25.0,Male,Hồ Chí Minh,2,1,0,2000000,Viễn thông,Organic,Android
ZLP000346,2023-12-02,29.0,Female,Hà Nội,1,0,1,1000000,Điện & Nước,Campaign,Android
ZLP000347,2024-09-27,19.0,Male,Hồ Chí Minh,1,0,1,1000000,Chăm sóc sức khỏe,Campaign,Android
ZLP000348,2023-12-18,19.0,Female,Hà Nội,1,1,1,2000000,Thực phẩm & Ăn uống,Organic,iOS
ZLP000349,2024-01-01,23.0,Female,Đồng Nai,3,0,1,1000000,Viễn thông,Campaign,Android
ZLP000350,2024-04-30,26.0,Male,Hà Nội,1,1,1,2000000,Thời trang,Organic,iOS
ZLP000351,2024-01-15,29.0,Female,Hải Phòng,2,1,1,2000000,Điện & Nước,Social,Android
ZLP000352,2023-12-18,27.0,Male,Hồ Chí Minh,1,1,1,2000000,Điện tử,Campaign,iOS
ZLP000353,2023-07-05,27.0,Male,Đà Nẵng,2,1,1,1000000,Thực phẩm & Ăn uống,Referral,iOS
ZLP000354,2024-03-01,27.0,Male,Cần Thơ,2,1,1,1000000,Điện & Nước,Social,Android
ZLP000355,2024-07-29,27.0,Female,Đà Nẵng,2,1,1,5000000,Viễn thông,Unknown,iOS
ZLP000356,2024-04-30,27.0,Male,Hải Phòng,2,1,1,5000000,Điện tử,Campaign,iOS
ZLP000357,2023-12-18,27.0,Female,Thanh Hóa,3,1,1,2000000,Viễn thông,Organic,Android
ZLP000358,2023-10-03,26.0,Female,Hồ Chí Minh,1,1,1,3000000,Giải trí,Organic,Android
ZLP000359,2024-06-29,29.0,Male,Hồ Chí Minh,1,1,1,2000000,Du lịch & Vận chuyển,Organic,iOS
ZLP000360,2024-09-27,23.0,Male,Hồ Chí Minh,1,1,1,1000000,Chăm sóc sức khỏe,Campaign,iOS
ZLP000361,2023-12-18,31.0,Male,Bình Dương,3,1,0,1000000,Điện & Nước,Campaign,iOS
ZLP000362,2024-04-30,37.0,Male,Hà Nội,1,1,0,1000000,Thực phẩm & Ăn uống,Organic,Unknown
ZLP000363,2023-12-18,27.0,Female,Bình Dương,3,0,1,2000000,Viễn thông,Organic,iOS
ZLP000364,2024-01-15,30.0,Male,Hà Nội,1,0,1,2000000,Điện & Nước,Organic,Android
ZLP000365,2024-06-29,32.0,Female,Cần Thơ,2,1,1,5000000,Giải trí,Organic,Android
ZLP000366,2023-07-05,25.0,Male,Đồng Nai,3,1,0,3000000,Điện & Nước,Referral,Android
ZLP000367,2024-01-15,29.0,Male,Đà Nẵng,2,1,1,3000000,Viễn thông,Referral,Android
ZLP000368,2023-11-02,28.0,Female,Đà Nẵng,2,1,1,3000000,Du lịch & Vận chuyển,Campaign,iOS
ZLP000369,2023-12-02,28.0,Female,Hồ Chí Minh,1,1,1,3000000,Điện & Nước,Unknown,iOS
ZLP000370,2024-03-31,23.0,Male,Hà Nội,1,1,1,1000000,Thực phẩm & Ăn uống,Campaign,iOS
ZLP000371,2023-01-01,28.0,Male,Đà Nẵng,2,1,1,1000000,Giải trí,Campaign,Android
ZLP000372,2024-03-01,30.0,Female,Hà Nội,1,1,1,2000000,Viễn thông,Organic,iOS
ZLP000373,2023-12-02,36.0,Male,An Giang,3,1,1,2000000,Điện tử,Organic,Android
ZLP000374,2024-03-31,33.0,Male,An Giang,3,0,1,2000000,Điện & Nước,Referral,Android
ZLP000375,2023-10-03,40.0,Female,Đồng Nai,3,0,1,3000000,Thời trang,Unknown,Android
ZLP000376,2024-05-30,23.0,Female,Hà Nội,1,0,1,5000000,Thực phẩm & Ăn uống,Referral,Android
ZLP000377,2024-03-31,33.0,Female,Bình Dương,3,0,1,2000000,Điện tử,Organic,Android
ZLP000378,2024-11-26,29.0,Female,Hà Nội,1,1,1,2000000,Thực phẩm & Ăn uống,Organic,Android
ZLP000379,2024-08-28,41.0,Female,Hồ Chí Minh,1,1,1,3000000,Viễn thông,Campaign,iOS
ZLP000380,2023-12-02,23.0,Female,Hà Nội,1,1,1,500000,Thời trang,Referral,iOS
ZLP000381,2023-01-01,27.0,Female,Hồ Chí Minh,1,0,1,1000000,Điện & Nước,Organic,iOS
ZLP000382,2024-03-31,24.0,Female,Hà Nội,1,1,1,3000000,Chăm sóc sức khỏe,Referral,Android
ZLP000383,2024-03-01,18.0,Female,Hà Nội,1,1,1,3000000,Điện tử,Campaign,Android
ZLP000384,2023-01-01,24.0,Male,Nghệ An,3,1,1,2000000,Thời trang,Social,Android
ZLP000385,2023-10-03,23.0,Male,Hà Nội,1,1,1,3000000,Thực phẩm & Ăn uống,Campaign,iOS
ZLP000386,2024-03-01,28.0,Female,An Giang,3,1,1,1000000,Du lịch & Vận chuyển,Referral,Android
ZLP000387,2024-08-28,30.0,Female,Hồ Chí Minh,1,0,0,2000000,Thời trang,Organic,Android
ZLP000388,2024-08-28,39.0,Male,Hồ Chí Minh,1,0,0,2000000,Viễn thông,Referral,Android
ZLP000389,2023-10-03,33.0,Female,Đà Nẵng,2,1,1,1000000,Chăm sóc sức khỏe,Social,Android
ZLP000390,2023-12-18,24.0,Male,Cần Thơ,2,1,1,1000000,Thời trang,Social,iOS
ZLP000391,2023-04-06,22.0,Female,Hồ Chí Minh,1,1,1,5000000,Điện & Nước,Organic,Android
ZLP000392,2024-01-01,30.0,Female,Hồ Chí Minh,1,0,1,1000000,Điện & Nước,Referral,Android
ZLP000393,2024-05-30,20.0,Female,Hà Nội,1,0,1,1000000,Du lịch & Vận chuyển,Unknown,Android
ZLP000394,2024-06-29,38.0,Male,Hà Nội,1,1,1,2000000,Viễn thông,Referral,Android
ZLP000395,2024-01-15,35.0,Female,Bình Dương,3,1,1,500000,Điện tử,Organic,Android
ZLP000396,2023-07-05,25.0,Male,Đà Nẵng,2,1,1,3000000,Điện & Nước,Social,Android
ZLP000397,2023-12-18,18.0,Male,Hồ Chí Minh,1,1,1,1000000,Thời trang,Organic,Android
ZLP000398,2024-09-27,36.0,Male,An Giang,3,0,1,2000000,Viễn thông,Organic,iOS
ZLP000399,2023-11-02,27.0,Female,Hà Nội,1,1,1,1000000,Điện & Nước,Campaign,Android
ZLP000400,2023-12-02,35.0,Female,Bình Dương,3,1,1,3000000,Chăm sóc sức khỏe,Organic,Android
ZLP000401,2024-05-30,18.0,Male,Đồng Nai,3,1,1,2000000,Chăm sóc sức khỏe,Organic,Android
ZLP000402,2024-04-30,24.0,Female,Nghệ An,3,1,1,2000000,Điện tử,Campaign,Android
ZLP000403,2024-08-28,28.0,Female,Hà Nội,1,1,0,5000000,Điện & Nước,Referral,Android
ZLP000404,2023-12-18,28.0,Female,Cần Thơ,2,1,0,500000,Viễn thông,Unknown,Android
ZLP000405,2024-01-15,25.0,Female,Hà Nội,1,0,1,2000000,Thực phẩm & Ăn uống,Referral,Android
ZLP000406,2024-01-01,31.0,Male,Cần Thơ,2,1,0,5000000,Điện tử,Social,iOS
ZLP000407,2024-09-27,21.0,Female,Hà Nội,1,1,1,2000000,Điện tử,Campaign,Android
ZLP000408,2024-05-30,27.0,Female,Hà Nội,1,1,1,3000000,Thời trang,Campaign,Android
ZLP000409,2024-06-29,28.0,Male,Hồ Chí Minh,2,1,1,500000,Chăm sóc sức khỏe,Referral,iOS
ZLP000410,2023-10-03,31.0,Male,Hồ Chí Minh,1,1,1,500000,Thực phẩm & Ăn uống,Referral,iOS
ZLP000411,2024-06-29,32.0,Male,Hải Phòng,2,1,1,500000,Thời trang,Campaign,Android
ZLP000412,2024-01-01,21.0,Male,Hải Phòng,2,0,1,5000000,Điện & Nước,Organic,iOS
ZLP000413,2023-01-01,18.0,Female,Đà Nẵng,2,0,1,5000000,Thực phẩm & Ăn uống,Campaign,Android
ZLP000414,2023-04-06,35.0,Female,Hà Nội,1,1,1,1000000,Thực phẩm & Ăn uống,Campaign,Android
ZLP000415,2024-03-31,29.0,Female,Hà Nội,1,1,1,1000000,Thời trang,Organic,Android
ZLP000416,2023-12-18,23.0,Female,Thanh Hóa,3,1,1,1000000,Thực phẩm & Ăn uống,Social,Unknown
ZLP000417,2024-07-29,37.0,Male,Hồ Chí Minh,1,0,1,1000000,Viễn thông,Campaign,iOS
ZLP000418,2024-04-30,28.0,Female,Đà Nẵng,2,1,1,1000000,Viễn thông,Referral,Android
ZLP000419,2023-01-01,35.0,Male,Bình Dương,3,1,1,3000000,Điện & Nước,Organic,Android
ZLP000420,2024-04-30,28.0,Female,Nghệ An,3,1,1,3000000,Điện tử,Campaign,iOS
ZLP000421,2023-10-03,40.0,Male,Đồng Nai,3,1,0,3000000,Thời trang,Unknown,Android
ZLP000422,2023-12-18,38.0,Female,Cần Thơ,2,1,1,2000000,Thời trang,Organic,Android
ZLP000423,2024-03-01,26.0,Male,Hồ Chí Minh,1,1,1,3000000,Thời trang,Campaign,Android
ZLP000424,2024-07-29,33.0,Male,Hà Nội,1,1,1,3000000,Thực phẩm & Ăn uống,Campaign,Android
ZLP000425,2024-01-01,31.0,Male,Hồ Chí Minh,1,1,1,2000000,Điện tử,Campaign,Android
ZLP000426,2024-06-29,36.0,Female,Hải Phòng,2,1,1,1000000,Du lịch & Vận chuyển,Referral,iOS
ZLP000427,2024-05-30,22.0,Female,Bình Dương,3,1,0,1000000,Thực phẩm & Ăn uống,Campaign,Android
ZLP000428,2023-12-18,32.0,Male,Bình Dương,3,0,1,2000000,Thực phẩm & Ăn uống,Referral,iOS
ZLP000429,2024-01-15,34.0,Female,Cần Thơ,2,1,1,5000000,Điện & Nước,Campaign,Android
ZLP000430,2024-04-30,18.0,Female,Đà Nẵng,2,0,1,2000000,Điện tử,Organic,iOS
ZLP000431,2023-04-06,20.0,Female,Hồ Chí Minh,1,1,1,5000000,Thời trang,Unknown,iOS
ZLP000432,2024-08-28,18.0,Female,Hà Nội,1,1,1,500000,Giải trí,Organic,Android
ZLP000433,2024-05-30,26.0,Male,Hồ Chí Minh,1,1,1,3000000,Thời trang,Campaign,iOS
ZLP000434,2023-11-02,32.0,Male,Bình Dương,3,1,1,3000000,Viễn thông,Organic,iOS
ZLP000435,2024-11-26,37.0,Female,Hồ Chí Minh,1,1,1,2000000,Thời trang,Unknown,iOS
ZLP000436,2023-10-03,28.0,Female,Bình Dương,3,1,1,5000000,Giải trí,Unknown,Android
ZLP000437,2024-08-28,37.0,Female,Bình Dương,3,1,1,2000000,Điện tử,Campaign,Android
ZLP000438,2023-12-02,19.0,Female,Hà Nội,1,0,1,1000000,Điện & Nước,Organic,Android
ZLP000439,2024-05-30,18.0,Male,Hồ Chí Minh,1,0,1,1000000,Thực phẩm & Ăn uống,Unknown,Android
ZLP000440,2024-01-01,27.0,Female,Hà Nội,1,1,1,2000000,Viễn thông,Organic,iOS
ZLP000441,2024-05-30,30.0,Male,Hà Nội,1,1,1,5000000,Chăm sóc sức khỏe,Referral,Android
ZLP000442,2023-10-03,27.0,Other,Bình Dương,3,0,1,500000,Thời trang,Unknown,iOS
ZLP000443,2023-11-02,18.0,Female,Hồ Chí Minh,1,0,1,2000000,Chăm sóc sức khỏe,Referral,iOS
ZLP000444,2023-07-05,27.0,Female,Đồng Nai,3,1,1,3000000,Điện & Nước,Social,Android
ZLP000445,2024-07-29,20.0,Female,Đồng Nai,3,1,1,1000000,Du lịch & Vận chuyển,Organic,Unknown
ZLP000446,2023-12-02,32.0,Male,Hồ Chí Minh,1,1,1,1000000,Điện & Nước,Unknown,iOS
ZLP000447,2024-04-30,30.0,Male,Bình Dương,3,1,1,1000000,Thực phẩm & Ăn uống,Organic,Android
ZLP000448,2024-06-29,22.0,Female,Cần Thơ,2,1,1,1000000,Điện & Nước,Organic,Android
ZLP000449,2024-08-28,24.0,Female,Bình Dương,3,1,1,1000000,Viễn thông,Social,Android
ZLP000450,2023-07-05,21.0,Male,Hồ Chí Minh,1,1,1,1000000,Giải trí,Campaign,Android
ZLP000451,2024-08-28,27.0,Female,Hồ Chí Minh,1,1,1,1000000,Điện & Nước,Unknown,Android
ZLP000452,2023-11-02,33.0,Female,Hồ Chí Minh,1,1,1,2000000,Điện & Nước,Social,iOS
ZLP000453,2024-05-30,22.0,Male,Hà Nội,1,0,1,2000000,Du lịch & Vận chuyển,Referral,Android
ZLP000454,2024-04-30,31.0,Male,Đồng Nai,3,1,1,3000000,Điện tử,Organic,iOS
ZLP000455,2023-01-01,24.0,Female,Bình Dương,3,1,1,2000000,Thực phẩm & Ăn uống,Referral,Android
ZLP000456,2023-11-02,23.0,Female,An Giang,3,1,1,5000000,Điện & Nước,Organic,Android
ZLP000457,2024-01-15,27.0,Female,Hồ Chí Minh,1,0,1,3000000,Chăm sóc sức khỏe,Organic,Android
ZLP000458,2023-12-18,21.0,Female,Hồ Chí Minh,1,1,1,5000000,Thực phẩm & Ăn uống,Referral,iOS
ZLP000459,2024-09-27,24.0,Male,Bình Dương,3,1,1,2000000,Viễn thông,Unknown,Android
ZLP000460,2023-12-18,20.0,Female,Hồ Chí Minh,1,1,1,3000000,Thực phẩm & Ăn uống,Social,iOS
ZLP000461,2024-09-27,39.0,Male,Hà Nội,1,0,0,3000000,Thực phẩm & Ăn uống,Campaign,Android
ZLP000462,2024-01-01,28.0,Male,Đà Nẵng,2,1,1,1000000,Thời trang,Social,Android
ZLP000463,2024-11-26,23.0,Female,Hồ Chí Minh,1,0,1,1000000,Chăm sóc sức khỏe,Unknown,iOS
ZLP000464,2024-05-30,29.0,Female,Cần Thơ,2,1,1,2000000,Chăm sóc sức khỏe,Campaign,Unknown
ZLP000465,2024-06-29,27.0,Male,Hà Nội,1,1,1,1000000,Điện tử,Organic,iOS
ZLP000466,2023-07-05,26.0,Male,Cần Thơ,2,1,1,1000000,Điện tử,Organic,Android
ZLP000467,2024-03-01,31.0,Female,Hải Phòng,2,1,1,2000000,Điện tử,Campaign,Android
ZLP000468,2023-10-03,32.0,Female,Hồ Chí Minh,1,1,1,2000000,Điện tử,Organic,Android
ZLP000469,2023-12-02,24.0,Female,Nghệ An,3,1,1,5000000,Chăm sóc sức khỏe,Campaign,Android
ZLP000470,2024-03-01,24.0,Female,Đà Nẵng,2,1,1,2000000,Thời trang,Referral,Android
ZLP000471,2024-04-30,26.0,Female,An Giang,3,1,1,2000000,Thực phẩm & Ăn uống,Campaign,Android
ZLP000472,2023-04-06,18.0,Female,Hồ Chí Minh,1,1,1,1000000,Điện tử,Unknown,Android
ZLP000473,2024-01-31,18.0,Male,Cần Thơ,2,1,1,2000000,Điện & Nước,Campaign,Android
ZLP000474,2024-01-31,27.0,Male,Hà Nội,1,1,1,2000000,Chăm sóc sức khỏe,Organic,iOS
ZLP000475,2023-07-05,37.0,Male,Đồng Nai,3,0,1,3000000,Du lịch & Vận chuyển,Campaign,Android
ZLP000476,2024-01-15,26.0,Female,Cần Thơ,2,1,0,2000000,Viễn thông,Unknown,Android
ZLP000477,2024-04-30,31.0,Female,Hà Nội,1,1,1,2000000,Thời trang,Organic,Android
ZLP000478,2023-04-06,29.0,Female,An Giang,3,1,1,2000000,Điện & Nước,Organic,iOS
ZLP000479,2024-05-30,46.0,Male,Hà Nội,1,1,1,3000000,Điện tử,Referral,Android
ZLP000480,2024-01-31,34.0,Male,Hồ Chí Minh,1,1,1,5000000,Thời trang,Organic,Android
ZLP000481,2024-06-29,27.0,Male,Cần Thơ,2,0,0,1000000,Điện tử,Social,Android
ZLP000482,2023-11-02,22.0,Male,Cần Thơ,2,1,1,2000000,Điện & Nước,Campaign,Android
ZLP000483,2024-06-29,18.0,Female,Hà Nội,1,1,1,3000000,Chăm sóc sức khỏe,Social,Android
ZLP000484,2023-07-05,29.0,Female,Hà Nội,1,1,1,3000000,Viễn thông,Campaign,Android
ZLP000485,2023-12-18,23.0,Female,Nghệ An,3,1,1,2000000,Điện tử,Organic,Android
ZLP000486,2023-11-02,19.0,Female,Bình Dương,3,0,1,1000000,Thời trang,Campaign,Android
ZLP000487,2024-07-29,24.0,Female,Hồ Chí Minh,1,1,1,1000000,Điện tử,Campaign,Android
ZLP000488,2024-04-30,21.0,Female,Hồ Chí Minh,1,1,1,2000000,Điện & Nước,Social,Android
ZLP000489,2023-01-01,38.0,Male,Thanh Hóa,3,0,0,2000000,Điện tử,Referral,Android
ZLP000490,2023-01-01,33.0,Female,Bình Dương,3,0,1,1000000,Chăm sóc sức khỏe,Social,Android
ZLP000491,2023-12-02,27.0,Female,An Giang,3,1,1,500000,Thực phẩm & Ăn uống,Unknown,Android
ZLP000492,2023-10-03,36.0,Female,Hà Nội,1,1,1,2000000,Thực phẩm & Ăn uống,Referral,iOS
ZLP000493,2024-03-01,28.0,Male,Bình Dương,3,1,1,5000000,Thực phẩm & Ăn uống,Organic,iOS
ZLP000494,2024-03-31,22.0,Male,Bình Dương,3,0,1,5000000,Du lịch & Vận chuyển,Organic,Android
ZLP000495,2024-09-27,37.0,Male,Hà Nội,1,1,1,2000000,Điện tử,Organic,Android
ZLP000496,2024-09-27,31.0,Female,Đà Nẵng,2,0,1,3000000,Điện tử,Social,iOS
ZLP000497,2024-03-31,21.0,Male,Cần Thơ,2,1,1,1000000,Du lịch & Vận chuyển,Campaign,iOS
ZLP000498,2023-01-01,26.0,Female,Hà Nội,1,1,1,2000000,Thực phẩm & Ăn uống,Campaign,Android
ZLP000499,2023-12-18,22.0,Female,Đồng Nai,3,1,0,500000,Thời trang,Unknown,Android
ZLP000500,2024-01-15,19.0,Female,Hải Phòng,2,1,1,3000000,Điện tử,Unknown,iOS
ZLP000501,2024-01-15,33.0,Female,Hải Phòng,2,1,1,5000000,Giải trí,Referral,Android
ZLP000502,2024-03-01,39.0,Female,Đồng Nai,3,1,1,3000000,Thực phẩm & Ăn uống,Unknown,Android
ZLP000503,2024-11-26,19.0,Female,Hà Nội,1,1,1,2000000,Thực phẩm & Ăn uống,Campaign,iOS
ZLP000504,2024-08-28,31.0,Female,Hà Nội,1,1,1,3000000,Điện & Nước,Social,Android
ZLP000505,2023-07-05,24.0,Male,Hải Phòng,2,1,1,5000000,Điện & Nước,Campaign,Android
ZLP000506,2023-11-02,25.0,Male,Hà Nội,1,1,1,1000000,Thực phẩm & Ăn uống,Organic,Android
ZLP000507,2024-06-29,24.0,Female,Hồ Chí Minh,1,1,1,3000000,Điện & Nước,Social,iOS
ZLP000508,2024-06-29,22.0,Female,Đà Nẵng,2,0,1,1000000,Điện & Nước,Unknown,Android
ZLP000509,2023-11-02,28.0,Other,Hồ Chí Minh,1,1,1,3000000,Giải trí,Campaign,iOS
ZLP000510,2024-04-30,23.0,Female,Bình Dương,3,1,1,500000,Giải trí,Campaign,Android
ZLP000511,2024-03-31,29.0,Female,Hà Nội,1,1,1,1000000,Viễn thông,Unknown,iOS
ZLP000512,2024-01-01,27.0,Female,Hồ Chí Minh,1,1,1,3000000,Chăm sóc sức khỏe,Unknown,Android
ZLP000513,2023-11-02,26.0,Female,Nghệ An,3,1,1,1000000,Du lịch & Vận chuyển,Unknown,iOS
ZLP000514,2024-08-28,22.0,Female,Đồng Nai,3,0,1,1000000,Thực phẩm & Ăn uống,Organic,Android
ZLP000515,2024-03-31,24.0,Male,Đồng Nai,3,1,1,2000000,Viễn thông,Social,Android
ZLP000516,2023-10-03,32.0,Female,Cần Thơ,2,1,1,3000000,Điện & Nước,Referral,iOS
ZLP000517,2024-04-30,31.0,Male,Hải Phòng,2,1,1,1000000,Điện & Nước,Unknown,iOS
ZLP000518,2024-05-30,22.0,Female,Bình Dương,3,1,1,3000000,Chăm sóc sức khỏe,Campaign,Android
ZLP000519,2024-08-28,28.0,Male,Đà Nẵng,2,1,1,3000000,Thực phẩm & Ăn uống,Organic,iOS
ZLP000520,2023-11-02,32.0,Female,Nghệ An,3,1,1,2000000,Điện tử,Social,iOS
ZLP000521,2024-11-26,18.0,Female,Hồ Chí Minh,1,1,1,2000000,Thời trang,Organic,Android
ZLP000522,2023-10-03,31.0,Male,Nghệ An,3,0,1,500000,Thực phẩm & Ăn uống,Social,iOS
ZLP000523,2024-03-01,24.0,Female,Hà Nội,1,0,1,1000000,Điện & Nước,Unknown,Android
ZLP000524,2024-03-31,31.0,Male,Đà Nẵng,2,1,1,1000000,Thực phẩm & Ăn uống,Organic,Android
ZLP000525,2023-12-18,23.0,Female,Hồ Chí Minh,1,1,1,1000000,Chăm sóc sức khỏe,Referral,Android
ZLP000526,2024-01-01,18.0,Male,Đà Nẵng,2,0,1,2000000,Chăm sóc sức khỏe,Campaign,iOS
ZLP000527,2024-08-28,18.0,Male,Cần Thơ,2,1,1,1000000,Điện & Nước,Unknown,Android
ZLP000528,2024-03-31,28.0,Male,Thanh Hóa,3,0,1,3000000,Điện & Nước,Social,iOS
ZLP000529,2024-01-15,29.0,Female,Thanh Hóa,3,1,1,2000000,Điện tử,Unknown,iOS
ZLP000530,2023-10-03,22.0,Male,Nghệ An,3,1,1,5000000,Thực phẩm & Ăn uống,Unknown,Android
ZLP000531,2023-01-01,31.0,Female,Hà Nội,1,1,1,1000000,Thời trang,Unknown,Android
ZLP000532,2023-10-03,18.0,Male,Thanh Hóa,3,1,1,500000,Thời trang,Campaign,Android
ZLP000533,2024-09-27,27.0,Male,Hà Nội,1,1,1,2000000,Điện tử,Social,Android
ZLP000534,2024-05-30,20.0,Male,Hồ Chí Minh,2,1,1,500000,Điện & Nước,Organic,iOS
ZLP000535,2024-11-26,24.0,Male,Hồ Chí Minh,1,1,1,3000000,Du lịch & Vận chuyển,Unknown,iOS
ZLP000536,2023-04-06,28.0,Female,Đà Nẵng,2,1,1,2000000,Điện & Nước,Unknown,iOS
ZLP000537,2024-03-31,22.0,Female,Nghệ An,3,1,1,2000000,Điện & Nước,Campaign,Android
ZLP000538,2023-04-06,25.0,Female,Nghệ An,3,1,1,1000000,Viễn thông,Campaign,iOS
ZLP000539,2024-05-30,34.0,Male,Bình Dương,3,1,1,1000000,Giải trí,Organic,iOS
ZLP000540,2023-12-18,27.0,Male,Đồng Nai,3,1,1,2000000,Điện & Nước,Organic,iOS
ZLP000541,2023-07-05,33.0,Female,Hồ Chí Minh,1,1,1,500000,Du lịch & Vận chuyển,Campaign,Android
ZLP000542,2024-01-31,21.0,Female,Bình Dương,3,1,1,500000,Điện & Nước,Social,Android
ZLP000543,2023-12-02,31.0,Male,Cần Thơ,2,1,1,2000000,Điện & Nước,Campaign,iOS
ZLP000544,2024-03-31,36.0,Female,Hồ Chí Minh,1,0,1,1000000,Chăm sóc sức khỏe,Campaign,iOS
ZLP000545,2024-03-31,18.0,Male,Hồ Chí Minh,1,1,1,3000000,Chăm sóc sức khỏe,Campaign,iOS
ZLP000546,2024-04-30,23.0,Male,Hồ Chí Minh,1,1,0,1000000,Chăm sóc sức khỏe,Organic,Android
ZLP000547,2024-11-26,31.0,Male,Bình Dương,3,1,0,500000,Viễn thông,Unknown,Android
ZLP000548,2023-12-18,26.0,Male,Hồ Chí Minh,1,1,1,1000000,Du lịch & Vận chuyển,Organic,iOS
ZLP000549,2024-01-01,30.0,Female,Hà Nội,1,1,1,1000000,Điện & Nước,Campaign,Android
ZLP000550,2024-06-29,24.0,Male,Hà Nội,1,1,1,500000,Thực phẩm & Ăn uống,Social,Android
ZLP000551,2024-01-31,28.0,Female,Đà Nẵng,2,1,1,1000000,Thực phẩm & Ăn uống,Campaign,Android
ZLP000552,2023-04-06,27.0,Male,Bình Dương,3,1,1,1000000,Điện & Nước,Campaign,Android
ZLP000553,2024-07-29,35.0,Female,Bình Dương,3,1,1,1000000,Thời trang,Unknown,Android
ZLP000554,2023-04-06,29.0,Male,Đà Nẵng,2,1,1,3000000,Thời trang,Referral,Android
ZLP000555,2023-10-03,30.0,Female,Hà Nội,1,1,1,3000000,Giải trí,Organic,Android
ZLP000556,2023-07-05,25.0,Female,Hà Nội,1,1,1,1000000,Thời trang,Social,Android
ZLP000557,2023-07-05,25.0,Female,Hải Phòng,2,1,1,1000000,Thực phẩm & Ăn uống,Organic,iOS
ZLP000558,2023-01-01,25.0,Female,Hà Nội,1,1,1,2000000,Chăm sóc sức khỏe,Campaign,iOS
ZLP000559,2023-04-06,30.0,Female,Hồ Chí Minh,1,1,1,3000000,Thực phẩm & Ăn uống,Social,Android
ZLP000560,2024-01-01,25.0,Male,Bình Dương,3,1,1,5000000,Thời trang,Unknown,Android
ZLP000561,2023-11-02,29.0,Male,Hà Nội,1,1,1,500000,Điện & Nước,Campaign,iOS
ZLP000562,2023-10-03,40.0,Male,Hải Phòng,2,1,1,2000000,Viễn thông,Organic,Android
ZLP000563,2024-03-31,33.0,Male,Hà Nội,1,1,1,3000000,Thực phẩm & Ăn uống,Campaign,Android
ZLP000564,2023-11-02,26.0,Other,Bình Dương,3,1,1,3000000,Điện tử,Unknown,iOS
ZLP000565,2023-01-01,35.0,Male,Hồ Chí Minh,1,1,1,500000,Điện & Nước,Unknown,Android
ZLP000566,2023-12-18,25.0,Female,Hà Nội,1,1,1,2000000,Chăm sóc sức khỏe,Referral,iOS
ZLP000567,2023-12-02,18.0,Female,Hà Nội,1,0,1,1000000,Du lịch & Vận chuyển,Campaign,Android
ZLP000568,2023-12-02,21.0,Female,Đồng Nai,3,0,1,500000,Viễn thông,Referral,Android
ZLP000569,2024-01-01,18.0,Female,Nghệ An,3,1,1,2000000,Điện tử,Unknown,Android
ZLP000570,2024-03-31,25.0,Male,Hà Nội,1,1,1,1000000,Viễn thông,Unknown,iOS
ZLP000571,2024-03-01,28.0,Female,Đồng Nai,3,1,1,3000000,Thực phẩm & Ăn uống,Organic,Android
ZLP000572,2024-09-27,38.0,Male,Bình Dương,3,0,1,3000000,Chăm sóc sức khỏe,Campaign,iOS
ZLP000573,2024-01-15,29.0,Female,Nghệ An,3,1,1,3000000,Thực phẩm & Ăn uống,Campaign,iOS
ZLP000574,2024-01-01,26.0,Female,Đồng Nai,3,1,1,1000000,Điện & Nước,Campaign,Android
ZLP000575,2023-11-02,32.0,Female,Hồ Chí Minh,1,1,1,500000,Thời trang,Organic,iOS
ZLP000576,2024-05-30,18.0,Male,Bình Dương,3,1,1,1000000,Chăm sóc sức khỏe,Campaign,iOS
ZLP000577,2023-10-03,29.0,Male,Đà Nẵng,2,1,1,2000000,Điện & Nước,Social,Android
ZLP000578,2024-01-15,32.0,Male,Hồ Chí Minh,1,1,1,2000000,Điện & Nước,Campaign,Android
ZLP000579,2023-12-18,19.0,Male,Hồ Chí Minh,1,1,1,2000000,Chăm sóc sức khỏe,Unknown,Android
ZLP000580,2024-03-31,34.0,Male,An Giang,3,1,1,2000000,Viễn thông,Referral,Android
ZLP000581,2024-08-28,30.0,Female,An Giang,3,0,1,2000000,Thực phẩm & Ăn uống,Campaign,iOS
ZLP000582,2024-09-27,25.0,Male,Đồng Nai,3,0,1,1000000,Điện & Nước,Organic,Android
ZLP000583,2023-10-03,31.0,Female,Thanh Hóa,3,1,0,2000000,Điện & Nước,Referral,Android
ZLP000584,2023-11-02,41.0,Female,Đồng Nai,3,1,1,2000000,Thời trang,Campaign,Unknown
ZLP000585,2024-06-29,29.0,Female,Hồ Chí Minh,1,1,1,3000000,Thời trang,Unknown,iOS
ZLP000586,2024-01-15,29.0,Male,Hà Nội,1,1,1,2000000,Viễn thông,Organic,Android
ZLP000587,2024-01-01,25.0,Male,Hồ Chí Minh,1,1,1,1000000,Thực phẩm & Ăn uống,Organic,iOS
ZLP000588,2024-04-30,22.0,Male,Hồ Chí Minh,1,1,1,2000000,Thực phẩm & Ăn uống,Organic,Android
ZLP000589,2024-03-01,32.0,Male,Hồ Chí Minh,1,0,1,3000000,Điện tử,Referral,Android
ZLP000590,2024-11-26,22.0,Female,Đà Nẵng,2,1,1,500000,Chăm sóc sức khỏe,Social,iOS
ZLP000591,2024-03-01,28.0,Male,Hải Phòng,2,1,1,3000000,Điện tử,Organic,Android
ZLP000592,2024-01-01,25.0,Female,Hải Phòng,2,1,1,1000000,Điện & Nước,Referral,Android
ZLP000593,2024-01-31,30.0,Female,Cần Thơ,2,1,1,2000000,Điện & Nước,Organic,Android
ZLP000594,2024-06-29,30.0,Female,An Giang,3,1,1,5000000,Thực phẩm & Ăn uống,Campaign,iOS
ZLP000595,2024-03-01,34.0,Male,Đà Nẵng,2,1,0,2000000,Chăm sóc sức khỏe,Organic,Android
ZLP000596,2024-03-31,27.0,Male,Hải Phòng,2,1,0,2000000,Viễn thông,Campaign,Android
ZLP000597,2024-11-26,26.0,Female,Hà Nội,1,1,0,500000,Du lịch & Vận chuyển,Campaign,iOS
ZLP000598,2024-03-01,22.0,Female,Hồ Chí Minh,1,1,1,1000000,Điện & Nước,Organic,iOS
ZLP000599,2023-12-18,25.0,Male,An Giang,3,1,1,2000000,Điện & Nước,Referral,Android
ZLP000600,2024-04-30,30.0,Male,Hà Nội,1,1,1,2000000,Du lịch & Vận chuyển,Campaign,Android
ZLP000601,2024-03-31,32.0,Male,Đà Nẵng,2,1,1,1000000,Điện & Nước,Referral,Android
ZLP000602,2023-01-01,22.0,Female,Hà Nội,1,1,1,5000000,Thực phẩm & Ăn uống,Campaign,Android
ZLP000603,2024-01-01,33.0,Male,Cần Thơ,2,1,0,1000000,Viễn thông,Referral,iOS
ZLP000604,2024-05-30,36.0,Female,Thanh Hóa,3,1,1,2000000,Điện & Nước,Campaign,Android
ZLP000605,2024-01-15,30.0,Male,Hồ Chí Minh,1,1,1,2000000,Thời trang,Unknown,Android
ZLP000606,2024-05-30,39.0,Female,An Giang,3,1,0,2000000,Giải trí,Unknown,Android
ZLP000607,2024-01-01,23.0,Female,Hồ Chí Minh,1,1,0,2000000,Điện tử,Referral,iOS
ZLP000608,2024-11-26,20.0,Female,Hà Nội,1,1,1,1000000,Thực phẩm & Ăn uống,Unknown,iOS
ZLP000609,2023-12-02,18.0,Male,Hồ Chí Minh,1,1,1,5000000,Điện tử,Unknown,iOS
ZLP000610,2023-07-05,36.0,Male,Bình Dương,3,1,1,2000000,Điện & Nước,Organic,Unknown
ZLP000611,2024-01-01,31.0,Male,Hồ Chí Minh,1,0,1,2000000,Thời trang,Unknown,Android
ZLP000612,2024-01-31,27.0,Female,Đà Nẵng,2,1,1,2000000,Thực phẩm & Ăn uống,Organic,Android
ZLP000613,2023-12-02,29.0,Female,Hà Nội,1,0,1,500000,Thực phẩm & Ăn uống,Organic,iOS
ZLP000614,2023-11-02,21.0,Female,Hồ Chí Minh,1,1,1,3000000,Điện tử,Unknown,Android
ZLP000615,2024-03-31,42.0,Female,Đồng Nai,3,1,1,2000000,Điện & Nước,Organic,iOS
ZLP000616,2023-12-18,28.0,Female,Hồ Chí Minh,1,0,1,2000000,Thời trang,Referral,Android
ZLP000617,2024-03-01,28.0,Male,Hồ Chí Minh,1,0,1,3000000,Chăm sóc sức khỏe,Unknown,Android
ZLP000618,2024-05-30,32.0,Female,Hồ Chí Minh,1,1,1,3000000,Viễn thông,Organic,iOS
ZLP000619,2024-05-30,30.0,Male,Đà Nẵng,2,1,1,2000000,Viễn thông,Organic,Android
ZLP000620,2023-12-18,29.0,Female,Cần Thơ,2,1,1,3000000,Điện tử,Referral,iOS
ZLP000621,2024-01-31,23.0,Male,Hồ Chí Minh,1,1,1,1000000,Chăm sóc sức khỏe,Social,Android
ZLP000622,2024-01-01,27.0,Male,Hồ Chí Minh,1,1,1,2000000,Viễn thông,Social,Android
ZLP000623,2024-07-29,39.0,Female,Hà Nội,1,1,1,1000000,Thực phẩm & Ăn uống,Social,Android
ZLP000624,2024-08-28,36.0,Male,Hà Nội,1,1,1,500000,Điện tử,Organic,Android
ZLP000625,2023-12-02,37.0,Female,Hải Phòng,2,1,1,500000,Viễn thông,Campaign,Android
ZLP000626,2023-07-05,24.0,Female,Đồng Nai,3,1,1,1000000,Điện tử,Referral,Android
ZLP000627,2023-10-03,22.0,Female,Cần Thơ,2,1,1,500000,Điện & Nước,Referral,Android
ZLP000628,2023-12-18,27.0,Male,Hà Nội,1,1,0,2000000,Thực phẩm & Ăn uống,Unknown,Android
ZLP000629,2024-01-31,28.0,Female,Bình Dương,3,1,1,1000000,Điện tử,Campaign,iOS
ZLP000630,2024-03-31,34.0,Female,Hải Phòng,2,1,1,3000000,Thực phẩm & Ăn uống,Campaign,iOS
ZLP000631,2023-12-02,18.0,Female,Đà Nẵng,2,1,0,500000,Điện & Nước,Social,iOS
ZLP000632,2024-03-31,37.0,Female,Đồng Nai,3,1,1,1000000,Thực phẩm & Ăn uống,Unknown,iOS
ZLP000633,2024-09-27,27.0,Male,Bình Dương,3,1,1,2000000,Viễn thông,Organic,Android
ZLP000634,2024-03-31,25.0,Male,Đà Nẵng,2,1,1,2000000,Điện & Nước,Campaign,Android
ZLP000635,2023-10-03,21.0,Male,Hà Nội,1,0,1,1000000,Điện & Nước,Campaign,Android
ZLP000636,2024-01-31,18.0,Male,Hồ Chí Minh,3,1,1,5000000,Điện & Nước,Unknown,Android
ZLP000637,2024-01-31,32.0,Male,Hồ Chí Minh,1,1,1,1000000,Giải trí,Unknown,Android
ZLP000638,2024-07-29,28.0,Female,Đồng Nai,3,1,1,3000000,Điện tử,Referral,iOS
ZLP000639,2023-12-02,20.0,Female,Đồng Nai,3,1,0,1000000,Du lịch & Vận chuyển,Organic,iOS
ZLP000640,2023-12-18,20.0,Male,Đồng Nai,3,1,1,3000000,Điện & Nước,Organic,Android
ZLP000641,2024-03-01,25.0,Female,Hà Nội,1,0,1,2000000,Thời trang,Unknown,Android
ZLP000642,2024-01-15,38.0,Female,Hồ Chí Minh,1,1,1,5000000,Điện & Nước,Unknown,Android
ZLP000643,2024-04-30,26.0,Female,Hồ Chí Minh,1,1,1,1000000,Điện & Nước,Organic,iOS
ZLP000644,2023-04-06,18.0,Female,Bình Dương,3,1,1,500000,Thực phẩm & Ăn uống,Social,Android
ZLP000645,2024-01-31,27.0,Female,Hải Phòng,2,1,1,2000000,Thời trang,Organic,Android
ZLP000646,2023-07-05,26.0,Male,Cần Thơ,2,1,1,2000000,Điện & Nước,Unknown,Android
ZLP000647,2023-12-02,18.0,Male,Hồ Chí Minh,1,1,1,1000000,Thực phẩm & Ăn uống,Social,Android
ZLP000648,2024-03-31,27.0,Male,Nghệ An,3,1,1,1000000,Điện & Nước,Referral,Android
ZLP000649,2023-10-03,26.0,Female,Thanh Hóa,3,1,1,3000000,Thực phẩm & Ăn uống,Social,Android
ZLP000650,2023-12-02,32.0,Male,Hà Nội,1,0,1,500000,Thực phẩm & Ăn uống,Social,Android
ZLP000651,2024-04-30,27.0,Female,Đà Nẵng,2,1,1,2000000,Thực phẩm & Ăn uống,Campaign,Android
ZLP000652,2024-03-31,34.0,Male,Đồng Nai,3,1,1,2000000,Thời trang,Campaign,Android
ZLP000653,2023-07-05,26.0,Female,Bình Dương,3,0,1,2000000,Thời trang,Unknown,Android
ZLP000654,2024-01-31,21.0,Male,Nghệ An,3,1,1,500000,Thực phẩm & Ăn uống,Organic,Android
ZLP000655,2023-10-03,43.0,Male,Hồ Chí Minh,1,1,1,2000000,Thực phẩm & Ăn uống,Campaign,Android
ZLP000656,2023-11-02,28.0,Male,Đà Nẵng,2,0,1,500000,Thực phẩm & Ăn uống,Unknown,iOS
ZLP000657,2024-01-01,28.0,Male,Bình Dương,3,0,1,1000000,Thực phẩm & Ăn uống,Social,Android
ZLP000658,2023-07-05,27.0,Male,An Giang,3,1,1,2000000,Điện tử,Social,Android
ZLP000659,2024-11-26,29.0,Female,Hải Phòng,2,1,1,5000000,Điện & Nước,Organic,Android
ZLP000660,2023-10-03,27.0,Male,Thanh Hóa,3,1,0,1000000,Chăm sóc sức khỏe,Social,Android
ZLP000661,2024-05-30,24.0,Male,Đà Nẵng,2,1,1,1000000,Thực phẩm & Ăn uống,Unknown,iOS
ZLP000662,2024-06-29,24.0,Female,Hải Phòng,2,1,1,2000000,Điện tử,Referral,iOS
ZLP000663,2024-11-26,27.0,Male,Hà Nội,1,1,1,1000000,Du lịch & Vận chuyển,Organic,Android
ZLP000664,2024-01-01,24.0,Female,Hà Nội,1,1,1,2000000,Du lịch & Vận chuyển,Campaign,iOS
ZLP000665,2024-07-29,23.0,Other,Hồ Chí Minh,1,1,1,5000000,Thực phẩm & Ăn uống,Social,Android
ZLP000666,2024-09-27,28.0,Male,Đồng Nai,3,1,1,5000000,Viễn thông,Social,iOS
ZLP000667,2023-10-03,26.0,Male,Thanh Hóa,3,1,1,1000000,Thời trang,Campaign,Android
ZLP000668,2024-01-01,37.0,Male,Hồ Chí Minh,1,1,0,2000000,Viễn thông,Campaign,Android
ZLP000669,2023-04-06,18.0,Female,Hồ Chí Minh,1,0,1,5000000,Chăm sóc sức khỏe,Referral,Android
ZLP000670,2024-03-01,34.0,Female,Đồng Nai,3,1,1,500000,Điện tử,Referral,Android
ZLP000671,2024-01-31,35.0,Female,Cần Thơ,2,1,1,2000000,Chăm sóc sức khỏe,Campaign,Android
ZLP000672,2023-11-02,18.0,Female,Nghệ An,3,1,1,1000000,Thực phẩm & Ăn uống,Campaign,Android
ZLP000673,2024-06-29,25.0,Male,Hồ Chí Minh,1,1,1,1000000,Thời trang,Referral,Android
ZLP000674,2023-04-06,25.0,Female,Hồ Chí Minh,1,1,1,5000000,Điện & Nước,Organic,Android
ZLP000675,2024-06-29,19.0,Female,Hà Nội,1,1,1,3000000,Điện tử,Organic,Android
ZLP000676,2023-01-01,23.0,Female,Hồ Chí Minh,1,1,1,2000000,Thực phẩm & Ăn uống,Unknown,iOS
ZLP000677,2024-03-31,21.0,Female,Hồ Chí Minh,1,0,1,3000000,Thực phẩm & Ăn uống,Organic,Android
ZLP000678,2023-07-05,38.0,Female,Hồ Chí Minh,1,1,1,2000000,Chăm sóc sức khỏe,Social,iOS
ZLP000679,2023-11-02,33.0,Male,Hồ Chí Minh,1,1,1,3000000,Chăm sóc sức khỏe,Social,Android
ZLP000680,2024-04-30,35.0,Male,Hồ Chí Minh,1,1,1,1000000,Thời trang,Referral,Android
ZLP000681,2023-12-02,32.0,Female,Nghệ An,3,1,1,1000000,Thực phẩm & Ăn uống,Unknown,Android
ZLP000682,2024-01-15,21.0,Male,Hồ Chí Minh,1,1,1,1000000,Thực phẩm & Ăn uống,Organic,Android
ZLP000683,2024-08-28,24.0,Female,Hà Nội,1,0,1,2000000,Thực phẩm & Ăn uống,Organic,Android
ZLP000684,2023-04-06,30.0,Male,Hồ Chí Minh,3,1,1,1000000,Điện & Nước,Organic,Android
ZLP000685,2024-06-29,20.0,Female,Cần Thơ,2,1,1,1000000,Thời trang,Social,Android
ZLP000686,2023-04-06,32.0,Female,Cần Thơ,2,1,1,5000000,Điện tử,Campaign,Android
ZLP000687,2023-10-03,26.0,Male,Bình Dương,3,1,1,5000000,Giải trí,Organic,iOS
ZLP000688,2023-07-05,25.0,Female,Đồng Nai,3,1,1,2000000,Thực phẩm & Ăn uống,Organic,iOS
ZLP000689,2024-11-26,32.0,Female,Hải Phòng,2,1,1,3000000,Giải trí,Social,iOS
ZLP000690,2023-10-03,30.0,Female,Cần Thơ,2,1,1,5000000,Viễn thông,Referral,Android
ZLP000691,2024-08-28,25.0,Male,An Giang,3,1,1,2000000,Điện tử,Unknown,iOS
ZLP000692,2024-11-26,34.0,Male,Đà Nẵng,2,1,1,2000000,Giải trí,Unknown,iOS
ZLP000693,2023-12-18,21.0,Male,Hồ Chí Minh,1,1,1,3000000,Thời trang,Social,Android
ZLP000694,2024-03-01,31.0,Male,Hải Phòng,2,1,1,2000000,Thực phẩm & Ăn uống,Organic,Android
ZLP000695,2024-05-30,31.0,Female,Đà Nẵng,2,1,1,1000000,Thực phẩm & Ăn uống,Campaign,iOS
ZLP000696,2023-12-18,26.0,Female,An Giang,3,1,0,1000000,Chăm sóc sức khỏe,Campaign,Android
ZLP000697,2023-10-03,29.0,Female,Hồ Chí Minh,1,1,1,2000000,Du lịch & Vận chuyển,Unknown,Android
ZLP000698,2024-01-01,20.0,Female,Hà Nội,1,1,1,5000000,Thực phẩm & Ăn uống,Organic,Android
ZLP000699,2024-05-30,33.0,Female,Nghệ An,3,1,1,2000000,Chăm sóc sức khỏe,Campaign,Android
ZLP000700,2024-05-30,26.0,Female,Hồ Chí Minh,1,1,1,3000000,Du lịch & Vận chuyển,Referral,iOS
ZLP000701,2023-11-02,24.0,Female,Nghệ An,3,1,1,3000000,Viễn thông,Unknown,Android
ZLP000702,2023-10-03,34.0,Female,Nghệ An,3,0,1,1000000,Thực phẩm & Ăn uống,Social,Android
ZLP000703,2024-09-27,23.0,Female,Hải Phòng,2,1,1,3000000,Giải trí,Campaign,iOS
ZLP000704,2023-04-06,19.0,Male,Đà Nẵng,2,1,1,1000000,Thực phẩm & Ăn uống,Referral,iOS
ZLP000705,2024-05-30,18.0,Male,Cần Thơ,2,1,1,2000000,Thời trang,Social,Android
ZLP000706,2023-04-06,31.0,Female,Hải Phòng,2,0,1,3000000,Điện tử,Referral,Android
ZLP000707,2024-07-29,20.0,Female,Đồng Nai,3,1,1,2000000,Điện & Nước,Social,Android
ZLP000708,2024-08-28,38.0,Female,Cần Thơ,2,1,1,3000000,Chăm sóc sức khỏe,Social,Android
ZLP000709,2023-12-02,18.0,Female,Hồ Chí Minh,3,1,1,1000000,Thực phẩm & Ăn uống,Social,iOS
ZLP000710,2023-07-05,38.0,Male,Bình Dương,3,1,1,3000000,Thực phẩm & Ăn uống,Organic,Android
ZLP000711,2024-01-15,29.0,Female,Thanh Hóa,3,1,1,1000000,Thời trang,Campaign,iOS
ZLP000712,2023-12-02,27.0,Male,Hồ Chí Minh,1,1,1,2000000,Thực phẩm & Ăn uống,Campaign,Android
ZLP000713,2023-12-18,24.0,Female,Hồ Chí Minh,1,1,1,2000000,Viễn thông,Unknown,Android
ZLP000714,2024-03-31,30.0,Female,Hà Nội,1,1,1,2000000,Thời trang,Campaign,Android
ZLP000715,2023-11-02,27.0,Male,Hà Nội,1,1,1,1000000,Thực phẩm & Ăn uống,Campaign,Android
ZLP000716,2023-12-02,34.0,Female,Đồng Nai,3,1,1,1000000,Thực phẩm & Ăn uống,Campaign,Android
ZLP000717,2024-05-30,28.0,Female,Hồ Chí Minh,1,1,1,2000000,Điện & Nước,Unknown,Android
ZLP000718,2024-03-31,28.0,Male,Thanh Hóa,3,1,1,2000000,Chăm sóc sức khỏe,Campaign,Android
ZLP000719,2023-12-02,25.0,Female,Hà Nội,1,1,1,2000000,Thực phẩm & Ăn uống,Organic,Android
ZLP000720,2024-03-31,27.0,Female,Hà Nội,1,1,1,2000000,Điện & Nước,Organic,iOS
ZLP000721,2024-05-30,29.0,Female,Hồ Chí Minh,1,1,1,5000000,Chăm sóc sức khỏe,Unknown,Android
ZLP000722,2024-03-01,18.0,Male,Đà Nẵng,2,1,1,5000000,Điện & Nước,Unknown,iOS
ZLP000723,2023-11-02,19.0,Male,Hồ Chí Minh,1,1,1,1000000,Thời trang,Unknown,Android
ZLP000724,2023-01-01,32.0,Female,Hồ Chí Minh,1,1,1,1000000,Điện tử,Campaign,Android
ZLP000725,2024-06-29,29.0,Male,Bình Dương,3,1,1,2000000,Viễn thông,Referral,iOS
ZLP000726,2024-06-29,26.0,Female,Hồ Chí Minh,1,1,1,500000,Điện & Nước,Social,Android
ZLP000727,2024-04-30,28.0,Male,Hồ Chí Minh,1,1,1,1000000,Điện & Nước,Organic,iOS
ZLP000728,2023-07-05,30.0,Female,Đồng Nai,3,1,1,1000000,Giải trí,Campaign,Android
ZLP000729,2024-03-01,24.0,Female,Hồ Chí Minh,1,0,1,1000000,Điện tử,Referral,Android
ZLP000730,2024-06-29,23.0,Male,Hà Nội,1,1,1,2000000,Viễn thông,Social,iOS
ZLP000731,2023-12-18,29.0,Male,Hồ Chí Minh,1,1,1,2000000,Thực phẩm & Ăn uống,Referral,iOS
ZLP000732,2023-11-02,22.0,Female,Hà Nội,1,1,1,1000000,Thời trang,Campaign,iOS
ZLP000733,2024-03-01,30.0,Female,Bình Dương,3,1,1,3000000,Thực phẩm & Ăn uống,Unknown,Android
ZLP000734,2024-06-29,18.0,Male,Hồ Chí Minh,1,0,1,3000000,Viễn thông,Referral,Android
ZLP000735,2023-04-06,34.0,Female,Hải Phòng,2,1,1,3000000,Điện & Nước,Social,Android
ZLP000736,2024-03-01,30.0,Male,An Giang,3,1,1,2000000,Chăm sóc sức khỏe,Campaign,Unknown
ZLP000737,2024-03-31,29.0,Male,Hồ Chí Minh,1,1,1,500000,Du lịch & Vận chuyển,Organic,iOS
ZLP000738,2024-03-01,33.0,Female,Thanh Hóa,3,1,1,1000000,Viễn thông,Organic,Android
ZLP000739,2024-03-31,37.0,Male,Hà Nội,1,1,1,1000000,Điện & Nước,Unknown,Android
ZLP000740,2024-03-01,34.0,Female,Hồ Chí Minh,1,1,1,1000000,Điện & Nước,Organic,Android
ZLP000741,2023-10-03,18.0,Female,Hồ Chí Minh,1,0,1,3000000,Thực phẩm & Ăn uống,Referral,iOS
ZLP000742,2023-11-02,20.0,Male,Hà Nội,1,1,1,5000000,Viễn thông,Campaign,iOS
ZLP000743,2024-03-01,24.0,Male,Cần Thơ,2,1,0,3000000,Điện & Nước,Campaign,Android
ZLP000744,2023-01-01,28.0,Female,Hà Nội,1,1,1,3000000,Thực phẩm & Ăn uống,Campaign,Android
ZLP000745,2024-03-31,31.0,Female,Hải Phòng,2,1,1,2000000,Viễn thông,Organic,Android
ZLP000746,2024-03-31,23.0,Female,Bình Dương,3,0,1,3000000,Điện & Nước,Organic,Android
ZLP000747,2023-11-02,29.0,Male,Hà Nội,1,1,1,5000000,Điện tử,Organic,Android
ZLP000748,2024-03-01,23.0,Male,Bình Dương,3,1,1,2000000,Thời trang,Organic,Android
ZLP000749,2024-01-31,24.0,Female,Nghệ An,3,1,1,1000000,Chăm sóc sức khỏe,Organic,Android
ZLP000750,2023-11-02,19.0,Male,Hồ Chí Minh,1,1,1,1000000,Viễn thông,Referral,iOS
ZLP000751,2024-01-01,22.0,Female,Hà Nội,1,1,1,2000000,Điện & Nước,Organic,Android
ZLP000752,2024-08-28,19.0,Male,Hà Nội,1,1,1,1000000,Thực phẩm & Ăn uống,Organic,iOS
ZLP000753,2023-12-18,22.0,Female,Hà Nội,1,1,1,5000000,Chăm sóc sức khỏe,Referral,Android
ZLP000754,2024-03-01,34.0,Male,Đà Nẵng,2,1,1,2000000,Viễn thông,Organic,Android
ZLP000755,2023-04-06,22.0,Female,Hà Nội,1,0,0,2000000,Viễn thông,Unknown,Android
ZLP000756,2023-07-05,43.0,Male,Cần Thơ,2,1,1,500000,Điện & Nước,Campaign,Android
ZLP000757,2023-07-05,27.0,Male,Cần Thơ,2,1,1,2000000,Giải trí,Unknown,Android
ZLP000758,2024-05-30,29.0,Male,Đà Nẵng,2,1,1,2000000,Giải trí,Organic,iOS
ZLP000759,2023-12-02,22.0,Male,Hồ Chí Minh,1,1,1,3000000,Điện tử,Organic,iOS
ZLP000760,2023-11-02,32.0,Male,Hà Nội,1,1,1,2000000,Viễn thông,Referral,Android
ZLP000761,2024-05-30,24.0,Female,Hà Nội,1,1,1,5000000,Điện tử,Campaign,Android
ZLP000762,2023-10-03,28.0,Female,Hà Nội,1,1,1,2000000,Thời trang,Campaign,iOS
ZLP000763,2023-11-02,43.0,Female,An Giang,3,1,1,2000000,Điện tử,Campaign,Android
ZLP000764,2024-01-01,27.0,Female,Hà Nội,1,1,1,5000000,Chăm sóc sức khỏe,Campaign,Android
ZLP000765,2023-12-02,34.0,Female,Hồ Chí Minh,1,1,1,5000000,Viễn thông,Social,Android
ZLP000766,2024-03-01,23.0,Male,Hà Nội,1,1,0,1000000,Du lịch & Vận chuyển,Organic,Android
ZLP000767,2023-12-02,27.0,Female,Đồng Nai,3,1,1,3000000,Du lịch & Vận chuyển,Unknown,Android
ZLP000768,2023-12-18,38.0,Male,Đồng Nai,3,1,1,1000000,Thời trang,Campaign,Android
ZLP000769,2024-07-29,24.0,Female,Đà Nẵng,2,1,1,2000000,Điện tử,Referral,Android
ZLP000770,2024-08-28,38.0,Male,Hồ Chí Minh,1,0,1,1000000,Thực phẩm & Ăn uống,Organic,Android
ZLP000771,2024-06-29,32.0,Male,Hà Nội,1,1,1,2000000,Điện tử,Campaign,Android
ZLP000772,2024-07-29,27.0,Female,Đà Nẵng,2,1,1,2000000,Thời trang,Campaign,Android
ZLP000773,2024-01-31,31.0,Male,Thanh Hóa,3,1,1,2000000,Viễn thông,Unknown,iOS
ZLP000774,2024-03-31,33.0,Female,Cần Thơ,2,1,1,2000000,Viễn thông,Referral,iOS
ZLP000775,2024-01-31,31.0,Female,Bình Dương,3,1,1,2000000,Điện tử,Unknown,Unknown
ZLP000776,2024-05-30,18.0,Male,Hà Nội,1,1,0,1000000,Giải trí,Campaign,Android
ZLP000777,2024-01-31,23.0,Male,Hà Nội,1,1,0,3000000,Viễn thông,Social,iOS
ZLP000778,2023-07-05,26.0,Female,Đồng Nai,3,1,1,2000000,Thực phẩm & Ăn uống,Campaign,iOS
ZLP000779,2024-06-29,27.0,Female,Hồ Chí Minh,1,1,1,2000000,Chăm sóc sức khỏe,Campaign,iOS
ZLP000780,2024-05-30,31.0,Male,Thanh Hóa,3,1,1,5000000,Điện & Nước,Campaign,iOS
ZLP000781,2024-06-29,29.0,Female,Hà Nội,1,1,1,1000000,Giải trí,Campaign,Android
ZLP000782,2023-10-03,19.0,Female,Hồ Chí Minh,1,1,1,2000000,Điện tử,Organic,Android
ZLP000783,2023-11-02,30.0,Male,Bình Dương,3,1,0,2000000,Du lịch & Vận chuyển,Referral,Android
ZLP000784,2023-12-02,31.0,Male,Hồ Chí Minh,1,1,1,1000000,Chăm sóc sức khỏe,Referral,Android
ZLP000785,2024-01-15,31.0,Female,Hồ Chí Minh,1,1,1,1000000,Chăm sóc sức khỏe,Organic,Android
ZLP000786,2023-10-03,34.0,Male,Hà Nội,1,1,1,3000000,Điện & Nước,Referral,iOS
ZLP000787,2023-12-18,33.0,Female,Bình Dương,3,1,1,1000000,Thực phẩm & Ăn uống,Campaign,iOS
ZLP000788,2023-10-03,30.0,Male,Hà Nội,1,1,1,2000000,Viễn thông,Organic,Android
ZLP000789,2023-11-02,27.0,Female,Hồ Chí Minh,1,1,1,2000000,Du lịch & Vận chuyển,Referral,iOS
ZLP000790,2024-04-30,18.0,Female,Cần Thơ,2,1,1,2000000,Điện tử,Social,iOS
ZLP000791,2024-07-29,30.0,Female,Hà Nội,1,1,1,3000000,Điện & Nước,Referral,iOS
ZLP000792,2023-01-01,29.0,Male,An Giang,3,1,1,3000000,Thực phẩm & Ăn uống,Social,iOS
ZLP000793,2024-01-31,29.0,Male,Hà Nội,1,1,1,2000000,Điện & Nước,Campaign,Android
ZLP000794,2023-04-06,20.0,Female,Bình Dương,3,1,1,3000000,Điện tử,Organic,Android
ZLP000795,2023-07-05,21.0,Male,Hồ Chí Minh,1,1,1,3000000,Thực phẩm & Ăn uống,Referral,Android
ZLP000796,2024-04-30,34.0,Male,Đồng Nai,3,1,1,1000000,Viễn thông,Organic,iOS
ZLP000797,2024-05-30,27.0,Female,Bình Dương,3,1,1,5000000,Thực phẩm & Ăn uống,Social,iOS
ZLP000798,2024-06-29,27.0,Male,An Giang,3,1,1,3000000,Điện & Nước,Campaign,Android
ZLP000799,2024-01-01,28.0,Male,Hồ Chí Minh,1,1,1,1000000,Viễn thông,Referral,Unknown
ZLP000800,2024-07-29,28.0,Male,Hà Nội,1,1,1,2000000,Điện & Nước,Campaign,Android
ZLP000801,2023-10-03,33.0,Female,Cần Thơ,2,1,1,3000000,Du lịch & Vận chuyển,Social,iOS
ZLP000802,2023-11-02,24.0,Female,Hồ Chí Minh,1,1,1,2000000,Thực phẩm & Ăn uống,Social,Android
ZLP000803,2023-10-03,28.0,Male,Hà Nội,1,0,1,3000000,Thời trang,Organic,Android
ZLP000804,2024-06-29,25.0,Male,Nghệ An,3,0,1,2000000,Thực phẩm & Ăn uống,Organic,Android
ZLP000805,2023-11-02,25.0,Male,Hà Nội,1,1,1,2000000,Điện tử,Social,Android
ZLP000806,2023-10-03,26.0,Female,Thanh Hóa,3,0,1,1000000,Viễn thông,Campaign,iOS
ZLP000807,2024-03-01,29.0,Female,Hồ Chí Minh,1,1,1,2000000,Điện & Nước,Campaign,Android
ZLP000808,2023-07-05,25.0,Female,Bình Dương,3,1,1,2000000,Điện & Nước,Organic,Android
ZLP000809,2023-04-06,35.0,Male,Đà Nẵng,2,1,1,3000000,Viễn thông,Campaign,iOS
ZLP000810,2023-07-05,22.0,Other,Đà Nẵng,2,1,1,2000000,Thực phẩm & Ăn uống,Organic,Android
ZLP000811,2023-01-01,26.0,Male,Thanh Hóa,3,1,0,500000,Viễn thông,Social,iOS
ZLP000812,2024-04-30,25.0,Female,Hồ Chí Minh,1,1,1,1000000,Thực phẩm & Ăn uống,Organic,Android
ZLP000813,2024-01-31,36.0,Male,An Giang,3,0,1,2000000,Điện & Nước,Campaign,Android
ZLP000814,2023-11-02,29.0,Male,Bình Dương,3,1,1,3000000,Thời trang,Organic,iOS
ZLP000815,2023-11-02,34.0,Female,Hồ Chí Minh,1,1,1,3000000,Du lịch & Vận chuyển,Referral,Android
ZLP000816,2024-06-29,19.0,Female,An Giang,3,1,1,2000000,Điện & Nước,Unknown,Android
ZLP000817,2024-01-15,29.0,Male,Hà Nội,1,1,1,1000000,Viễn thông,Organic,Android
ZLP000818,2024-04-30,33.0,Female,Hồ Chí Minh,3,1,1,1000000,Viễn thông,Organic,Android
ZLP000819,2024-01-01,28.0,Female,Hà Nội,1,1,1,1000000,Viễn thông,Campaign,iOS
ZLP000820,2023-11-02,34.0,Female,Hải Phòng,2,0,0,3000000,Điện & Nước,Referral,Android
ZLP000821,2024-11-26,24.0,Male,Cần Thơ,2,0,1,1000000,Điện & Nước,Unknown,Android
ZLP000822,2024-01-31,36.0,Female,Hồ Chí Minh,1,1,1,2000000,Du lịch & Vận chuyển,Organic,iOS
ZLP000823,2023-10-03,41.0,Female,Cần Thơ,2,1,1,2000000,Điện tử,Social,Android
ZLP000824,2023-12-18,25.0,Male,Hồ Chí Minh,1,1,1,5000000,Giải trí,Campaign,iOS
ZLP000825,2023-12-02,25.0,Female,Hà Nội,1,1,1,5000000,Thực phẩm & Ăn uống,Organic,iOS
ZLP000826,2023-11-02,36.0,Female,Hồ Chí Minh,1,1,1,5000000,Du lịch & Vận chuyển,Organic,Android
ZLP000827,2024-09-27,37.0,Male,Hồ Chí Minh,1,1,1,3000000,Chăm sóc sức khỏe,Unknown,Android
ZLP000828,2024-08-28,24.0,Female,Hồ Chí Minh,1,1,1,3000000,Du lịch & Vận chuyển,Social,iOS
ZLP000829,2023-11-02,25.0,Female,Đà Nẵng,2,1,1,3000000,Điện & Nước,Campaign,Android
ZLP000830,2023-12-02,26.0,Male,Hà Nội,1,1,1,3000000,Điện tử,Unknown,Android
ZLP000831,2024-05-30,19.0,Male,Đà Nẵng,2,1,1,5000000,Thời trang,Organic,iOS
ZLP000832,2023-11-02,22.0,Female,Hồ Chí Minh,1,1,1,2000000,Thời trang,Campaign,iOS
ZLP000833,2024-03-01,21.0,Male,Bình Dương,3,1,1,2000000,Thực phẩm & Ăn uống,Referral,iOS
ZLP000834,2024-04-30,23.0,Female,Bình Dương,3,1,1,2000000,Chăm sóc sức khỏe,Unknown,Android
ZLP000835,2024-03-31,27.0,Female,Hà Nội,1,1,1,2000000,Giải trí,Campaign,Android
ZLP000836,2024-04-30,29.0,Male,Hải Phòng,2,1,1,3000000,Chăm sóc sức khỏe,Social,iOS
ZLP000837,2024-04-30,37.0,Female,Cần Thơ,2,1,1,3000000,Du lịch & Vận chuyển,Unknown,Android
ZLP000838,2024-11-26,22.0,Female,Bình Dương,3,1,1,2000000,Thực phẩm & Ăn uống,Organic,Android
ZLP000839,2023-12-02,33.0,Male,Hồ Chí Minh,1,1,1,1000000,Điện tử,Organic,Android
ZLP000840,2024-08-28,27.0,Female,Hồ Chí Minh,1,1,0,5000000,Thực phẩm & Ăn uống,Organic,Android
ZLP000841,2023-01-01,27.0,Female,Hải Phòng,2,1,0,1000000,Thực phẩm & Ăn uống,Social,Android
ZLP000842,2023-12-02,32.0,Female,Đồng Nai,3,1,1,1000000,Du lịch & Vận chuyển,Campaign,Android
ZLP000843,2023-04-06,21.0,Female,Hồ Chí Minh,1,1,1,3000000,Du lịch & Vận chuyển,Organic,iOS
ZLP000844,2024-03-31,30.0,Male,Hà Nội,1,1,1,1000000,Điện tử,Campaign,iOS
ZLP000845,2023-07-05,28.0,Male,Cần Thơ,2,1,1,2000000,Chăm sóc sức khỏe,Campaign,Android
ZLP000846,2024-07-29,30.0,Male,Cần Thơ,2,1,1,1000000,Thực phẩm & Ăn uống,Referral,Android
ZLP000847,2024-03-31,29.0,Male,Hải Phòng,2,0,1,1000000,Thực phẩm & Ăn uống,Social,iOS
ZLP000848,2023-01-01,42.0,Male,Hồ Chí Minh,1,1,1,2000000,Chăm sóc sức khỏe,Organic,iOS
ZLP000849,2024-04-30,24.0,Female,Hà Nội,1,1,1,1000000,Thực phẩm & Ăn uống,Campaign,Android
ZLP000850,2024-07-29,24.0,Female,Hồ Chí Minh,1,1,1,2000000,Điện & Nước,Organic,Android
ZLP000851,2024-03-31,24.0,Female,Hà Nội,1,0,1,1000000,Thực phẩm & Ăn uống,Referral,Android
ZLP000852,2023-01-01,24.0,Female,Hồ Chí Minh,1,1,1,3000000,Thực phẩm & Ăn uống,Referral,Android
ZLP000853,2024-07-29,24.0,Female,An Giang,3,1,1,1000000,Điện & Nước,Referral,iOS
ZLP000854,2024-04-30,35.0,Female,Đà Nẵng,2,1,1,1000000,Thực phẩm & Ăn uống,Organic,iOS
ZLP000855,2023-12-18,36.0,Female,Hải Phòng,2,1,1,1000000,Du lịch & Vận chuyển,Campaign,iOS
ZLP000856,2023-12-02,24.0,Male,Hồ Chí Minh,1,1,1,2000000,Chăm sóc sức khỏe,Social,Android
ZLP000857,2024-01-15,23.0,Female,Hồ Chí Minh,1,1,0,2000000,Thực phẩm & Ăn uống,Referral,iOS
ZLP000858,2024-07-29,30.0,Female,Hồ Chí Minh,1,1,1,2000000,Điện tử,Unknown,iOS
ZLP000859,2023-11-02,24.0,Male,Hà Nội,1,1,1,5000000,Điện & Nước,Organic,iOS
ZLP000860,2023-07-05,31.0,Female,Đồng Nai,3,1,1,5000000,Điện tử,Organic,Android
ZLP000861,2024-07-29,29.0,Female,Hà Nội,1,1,1,2000000,Thực phẩm & Ăn uống,Unknown,Android
ZLP000862,2023-01-01,18.0,Male,Hồ Chí Minh,1,1,1,500000,Điện tử,Campaign,iOS
ZLP000863,2024-08-28,37.0,Female,Hồ Chí Minh,1,1,1,2000000,Thời trang,Organic,Android
ZLP000864,2023-12-02,38.0,Male,Hồ Chí Minh,1,0,1,500000,Viễn thông,Campaign,iOS
ZLP000865,2024-01-15,24.0,Male,Đồng Nai,3,1,1,3000000,Chăm sóc sức khỏe,Referral,iOS
ZLP000866,2023-10-03,25.0,Female,Hồ Chí Minh,1,0,1,2000000,Thời trang,Referral,Android
ZLP000867,2024-08-28,29.0,Female,Bình Dương,3,1,1,3000000,Chăm sóc sức khỏe,Organic,Android
ZLP000868,2024-05-30,27.0,Female,Bình Dương,3,1,1,5000000,Điện & Nước,Unknown,Android
ZLP000869,2024-09-27,31.0,Female,Hồ Chí Minh,1,1,1,2000000,Thời trang,Campaign,iOS
ZLP000870,2024-03-31,40.0,Male,Hồ Chí Minh,1,1,1,2000000,Viễn thông,Campaign,iOS
ZLP000871,2023-10-03,26.0,Female,Bình Dương,3,1,0,2000000,Chăm sóc sức khỏe,Unknown,Android
ZLP000872,2023-12-02,23.0,Female,Bình Dương,3,1,1,1000000,Giải trí,Organic,Android
ZLP000873,2024-01-15,19.0,Female,Hà Nội,1,1,1,5000000,Điện & Nước,Campaign,Android
ZLP000874,2024-03-01,23.0,Male,Hồ Chí Minh,1,1,1,2000000,Điện tử,Social,Android
ZLP000875,2024-09-27,27.0,Female,Hồ Chí Minh,1,1,0,1000000,Điện & Nước,Campaign,Android
ZLP000876,2023-12-18,38.0,Female,Hà Nội,1,0,1,3000000,Chăm sóc sức khỏe,Referral,Android
ZLP000877,2024-04-30,24.0,Female,Hồ Chí Minh,1,0,1,1000000,Điện & Nước,Social,Android
ZLP000878,2024-11-26,29.0,Female,Hồ Chí Minh,1,1,0,1000000,Viễn thông,Organic,iOS
ZLP000879,2023-10-03,27.0,Male,Hà Nội,1,1,1,2000000,Viễn thông,Organic,Android
ZLP000880,2024-07-29,35.0,Female,Hồ Chí Minh,1,1,1,2000000,Điện tử,Campaign,iOS
ZLP000881,2023-12-18,43.0,Female,Hồ Chí Minh,1,1,1,2000000,Viễn thông,Campaign,Android
ZLP000882,2024-04-30,24.0,Male,An Giang,3,1,1,2000000,Thời trang,Organic,Android
ZLP000883,2023-12-02,25.0,Female,Đà Nẵng,2,1,0,1000000,Thời trang,Unknown,Android
ZLP000884,2023-12-02,34.0,Female,Nghệ An,3,1,1,2000000,Thực phẩm & Ăn uống,Unknown,iOS
ZLP000885,2023-01-01,32.0,Male,Hà Nội,1,1,1,1000000,Thời trang,Campaign,Android
ZLP000886,2024-11-26,39.0,Female,Cần Thơ,2,1,1,5000000,Điện & Nước,Organic,iOS
ZLP000887,2024-06-29,31.0,Male,Hồ Chí Minh,1,1,0,500000,Du lịch & Vận chuyển,Unknown,Android
ZLP000888,2023-07-05,25.0,Male,Cần Thơ,2,1,1,1000000,Viễn thông,Social,iOS
ZLP000889,2024-11-26,31.0,Female,Hồ Chí Minh,1,1,1,5000000,Du lịch & Vận chuyển,Campaign,Android
ZLP000890,2024-03-01,34.0,Male,Hồ Chí Minh,1,1,1,5000000,Thực phẩm & Ăn uống,Social,iOS
ZLP000891,2024-07-29,32.0,Male,Nghệ An,3,1,1,3000000,Thời trang,Referral,iOS
ZLP000892,2023-04-06,31.0,Male,Đà Nẵng,2,0,1,500000,Viễn thông,Referral,iOS
ZLP000893,2023-12-18,34.0,Male,An Giang,3,1,0,2000000,Viễn thông,Campaign,iOS
ZLP000894,2024-03-31,35.0,Female,Hà Nội,1,1,1,2000000,Thực phẩm & Ăn uống,Organic,Android
ZLP000895,2023-07-05,36.0,Female,Hà Nội,1,1,0,3000000,Viễn thông,Organic,Android
ZLP000896,2024-01-15,31.0,Female,Hà Nội,1,1,1,500000,Thực phẩm & Ăn uống,Organic,Android
ZLP000897,2024-01-01,26.0,Female,Bình Dương,3,1,1,1000000,Thực phẩm & Ăn uống,Campaign,Android
ZLP000898,2023-11-02,28.0,Male,Đà Nẵng,2,1,1,2000000,Viễn thông,Campaign,Android
ZLP000899,2023-12-02,35.0,Female,An Giang,3,0,1,1000000,Viễn thông,Organic,iOS
ZLP000900,2024-11-26,23.0,Female,Hồ Chí Minh,1,1,1,2000000,Giải trí,Social,Android
ZLP000901,2023-12-02,30.0,Female,Bình Dương,3,1,1,3000000,Thời trang,Referral,Android
ZLP000902,2023-11-02,25.0,Female,Hà Nội,1,1,1,3000000,Chăm sóc sức khỏe,Campaign,Android
ZLP000903,2024-01-31,28.0,Female,Hồ Chí Minh,1,1,1,2000000,Điện & Nước,Unknown,iOS
ZLP000904,2024-03-31,35.0,Female,Đà Nẵng,2,1,1,3000000,Điện & Nước,Unknown,Unknown
ZLP000905,2024-04-30,29.0,Male,Đà Nẵng,2,0,1,1000000,Thực phẩm & Ăn uống,Organic,Android
ZLP000906,2024-05-30,28.0,Female,Hồ Chí Minh,1,1,1,1000000,Chăm sóc sức khỏe,Referral,Android
ZLP000907,2023-04-06,19.0,Male,Hồ Chí Minh,1,1,1,2000000,Thời trang,Social,iOS
ZLP000908,2023-12-18,32.0,Male,Hà Nội,1,0,1,500000,Thời trang,Unknown,Android
ZLP000909,2024-05-30,31.0,Male,Hà Nội,1,1,1,500000,Điện & Nước,Organic,Android
ZLP000910,2024-08-28,40.0,Male,Hà Nội,1,1,1,2000000,Giải trí,Organic,Android
ZLP000911,2024-03-01,26.0,Male,Hồ Chí Minh,1,1,1,5000000,Thực phẩm & Ăn uống,Organic,iOS
ZLP000912,2023-04-06,29.0,Male,Hồ Chí Minh,1,1,1,5000000,Điện & Nước,Unknown,Android
ZLP000913,2023-12-18,29.0,Female,Thanh Hóa,3,1,0,2000000,Thực phẩm & Ăn uống,Social,Android
ZLP000914,2023-07-05,37.0,Female,Nghệ An,3,1,1,1000000,Điện & Nước,Organic,Android
ZLP000915,2024-05-30,27.0,Other,Hà Nội,1,1,1,1000000,Thực phẩm & Ăn uống,Social,iOS
ZLP000916,2023-04-06,29.0,Male,Thanh Hóa,3,1,1,1000000,Điện tử,Unknown,Unknown
ZLP000917,2023-10-03,31.0,Female,Cần Thơ,2,1,1,1000000,Viễn thông,Campaign,Android
ZLP000918,2023-12-18,29.0,Female,Hồ Chí Minh,1,0,1,500000,Viễn thông,Campaign,iOS
ZLP000919,2024-01-01,25.0,Male,Hồ Chí Minh,1,1,0,2000000,Thực phẩm & Ăn uống,Organic,Android
ZLP000920,2023-12-18,29.0,Female,An Giang,3,1,1,2000000,Thực phẩm & Ăn uống,Campaign,Android
ZLP000921,2024-01-01,34.0,Female,Cần Thơ,2,1,0,1000000,Thực phẩm & Ăn uống,Referral,Android
ZLP000922,2024-04-30,21.0,Male,Hải Phòng,2,1,1,3000000,Thực phẩm & Ăn uống,Organic,Unknown
ZLP000923,2023-12-18,28.0,Female,An Giang,3,1,1,3000000,Điện & Nước,Social,Android
ZLP000924,2024-01-31,23.0,Female,Hà Nội,1,1,1,2000000,Thực phẩm & Ăn uống,Organic,Android
ZLP000925,2023-12-02,35.0,Male,Hồ Chí Minh,1,1,1,500000,Giải trí,Referral,iOS
ZLP000926,2023-12-02,18.0,Male,Hồ Chí Minh,1,1,1,5000000,Điện tử,Social,iOS
ZLP000927,2024-03-01,24.0,Male,Hồ Chí Minh,1,1,1,2000000,Viễn thông,Organic,Android
ZLP000928,2024-01-15,30.0,Male,Hồ Chí Minh,1,1,1,1000000,Điện tử,Referral,Android
ZLP000929,2024-04-30,37.0,Female,Hà Nội,1,1,1,2000000,Viễn thông,Campaign,iOS
ZLP000930,2024-01-31,27.0,Female,Hồ Chí Minh,1,1,1,2000000,Viễn thông,Campaign,Android
ZLP000931,2024-06-29,24.0,Male,Hồ Chí Minh,1,1,1,2000000,Chăm sóc sức khỏe,Organic,Android
ZLP000932,2024-01-01,39.0,Female,Hà Nội,1,1,1,2000000,Viễn thông,Unknown,Android
ZLP000933,2024-01-15,19.0,Male,Hà Nội,1,1,1,2000000,Chăm sóc sức khỏe,Campaign,Android
ZLP000934,2024-03-31,18.0,Male,Hà Nội,1,1,1,3000000,Thực phẩm & Ăn uống,Campaign,Android
ZLP000935,2023-11-02,30.0,Male,Hà Nội,1,1,1,2000000,Điện tử,Referral,iOS
ZLP000936,2023-12-18,24.0,Female,Cần Thơ,2,1,1,500000,Viễn thông,Unknown,Android
ZLP000937,2024-03-01,21.0,Male,Nghệ An,3,0,1,500000,Điện tử,Campaign,iOS
ZLP000938,2023-01-01,32.0,Male,Hồ Chí Minh,1,1,1,1000000,Viễn thông,Referral,Unknown
ZLP000939,2024-01-01,29.0,Male,Hồ Chí Minh,1,1,1,2000000,Điện & Nước,Unknown,Android
ZLP000940,2024-03-01,24.0,Female,Hải Phòng,2,1,1,1000000,Chăm sóc sức khỏe,Organic,Android
ZLP000941,2024-11-26,20.0,Other,Đà Nẵng,2,1,1,2000000,Chăm sóc sức khỏe,Campaign,Android
ZLP000942,2024-07-29,33.0,Male,Đồng Nai,3,1,1,1000000,Du lịch & Vận chuyển,Organic,Android
ZLP000943,2023-12-02,31.0,Male,Hồ Chí Minh,1,1,1,3000000,Điện & Nước,Social,Android
ZLP000944,2024-01-15,27.0,Female,Đồng Nai,3,1,0,3000000,Điện tử,Organic,Android
ZLP000945,2023-04-06,39.0,Female,An Giang,3,0,1,1000000,Chăm sóc sức khỏe,Campaign,Android
ZLP000946,2023-11-02,21.0,Male,Cần Thơ,2,1,1,2000000,Viễn thông,Referral,Android
ZLP000947,2024-05-30,18.0,Female,Hồ Chí Minh,1,0,1,5000000,Thực phẩm & Ăn uống,Social,iOS
ZLP000948,2023-10-03,23.0,Female,An Giang,3,1,1,1000000,Thực phẩm & Ăn uống,Campaign,Android
ZLP000949,2023-11-02,27.0,Male,Đồng Nai,3,1,1,5000000,Thực phẩm & Ăn uống,Referral,Android
ZLP000950,2024-09-27,29.0,Female,Bình Dương,3,1,1,2000000,Chăm sóc sức khỏe,Unknown,Android
ZLP000951,2024-06-29,26.0,Female,Hồ Chí Minh,1,1,1,2000000,Thực phẩm & Ăn uống,Social,Android
ZLP000952,2024-05-30,30.0,Female,Đồng Nai,3,1,1,500000,Viễn thông,Referral,iOS
ZLP000953,2024-07-29,20.0,Male,Hồ Chí Minh,1,1,1,3000000,Điện & Nước,Unknown,Android
ZLP000954,2024-05-30,36.0,Male,Hồ Chí Minh,1,1,1,2000000,Điện tử,Social,Android
ZLP000955,2023-07-05,27.0,Female,Đà Nẵng,2,0,1,3000000,Điện & Nước,Unknown,iOS
ZLP000956,2024-01-15,34.0,Male,Hồ Chí Minh,1,1,1,3000000,Điện & Nước,Unknown,Android
ZLP000957,2024-01-01,30.0,Female,Cần Thơ,2,1,1,2000000,Điện tử,Social,Android
ZLP000958,2023-12-02,30.0,Female,Cần Thơ,2,1,1,1000000,Điện tử,Campaign,Android
ZLP000959,2024-06-29,31.0,Female,Hồ Chí Minh,1,0,1,1000000,Viễn thông,Campaign,Android
ZLP000960,2024-01-01,30.0,Other,Cần Thơ,2,0,1,1000000,Giải trí,Organic,Unknown
ZLP000961,2023-04-06,31.0,Male,An Giang,3,1,1,3000000,Chăm sóc sức khỏe,Organic,Android
ZLP000962,2023-11-02,35.0,Female,Hồ Chí Minh,1,1,1,1000000,Điện tử,Referral,iOS
ZLP000963,2023-11-02,29.0,Female,Đà Nẵng,2,1,1,2000000,Điện tử,Campaign,Android
ZLP000964,2024-08-28,32.0,Male,Hà Nội,1,0,1,1000000,Thực phẩm & Ăn uống,Social,Android
ZLP000965,2024-03-31,27.0,Female,Hồ Chí Minh,1,1,1,3000000,Thực phẩm & Ăn uống,Unknown,iOS
ZLP000966,2024-01-31,36.0,Male,Hà Nội,1,1,1,2000000,Du lịch & Vận chuyển,Campaign,Android
ZLP000967,2024-01-15,23.0,Female,Hà Nội,1,1,1,5000000,Điện & Nước,Unknown,Android
ZLP000968,2024-03-31,38.0,Female,Hồ Chí Minh,1,1,1,3000000,Chăm sóc sức khỏe,Referral,iOS
ZLP000969,2024-05-30,27.0,Male,Thanh Hóa,3,1,1,3000000,Thực phẩm & Ăn uống,Unknown,Android
ZLP000970,2024-01-31,27.0,Female,Cần Thơ,2,1,1,500000,Thực phẩm & Ăn uống,Referral,Android
ZLP000971,2024-09-27,28.0,Female,Đà Nẵng,2,0,1,1000000,Viễn thông,Campaign,Android
ZLP000972,2024-11-26,23.0,Male,Hà Nội,1,1,1,1000000,Thời trang,Referral,Android
ZLP000973,2024-11-26,33.0,Male,Hồ Chí Minh,2,1,1,2000000,Điện tử,Campaign,iOS
ZLP000974,2024-03-31,24.0,Male,Hà Nội,1,1,1,3000000,Điện & Nước,Unknown,iOS
ZLP000975,2024-09-27,25.0,Female,Hà Nội,1,1,1,1000000,Thời trang,Organic,Unknown
ZLP000976,2023-12-18,18.0,Female,Hà Nội,1,1,1,1000000,Thực phẩm & Ăn uống,Referral,iOS
ZLP000977,2024-07-29,25.0,Female,Hồ Chí Minh,1,0,1,2000000,Chăm sóc sức khỏe,Unknown,Android
ZLP000978,2024-08-28,18.0,Female,Hồ Chí Minh,1,1,1,1000000,Thời trang,Campaign,iOS
ZLP000979,2024-08-28,18.0,Female,Đà Nẵng,2,0,1,2000000,Thực phẩm & Ăn uống,Campaign,iOS
ZLP000980,2024-06-29,32.0,Male,Hải Phòng,2,1,1,500000,Thực phẩm & Ăn uống,Social,Android
ZLP000981,2023-12-18,32.0,Female,Hồ Chí Minh,1,1,1,2000000,Thực phẩm & Ăn uống,Unknown,Android
ZLP000982,2023-10-03,30.0,Male,Hồ Chí Minh,1,1,1,2000000,Du lịch & Vận chuyển,Unknown,iOS
ZLP000983,2023-12-02,22.0,Male,Hồ Chí Minh,1,1,1,2000000,Viễn thông,Referral,Android
ZLP000984,2024-05-30,27.0,Female,Thanh Hóa,3,1,1,1000000,Điện & Nước,Organic,Android
ZLP000985,2023-11-02,27.0,Male,Đồng Nai,3,1,1,1000000,Điện tử,Referral,Android
ZLP000986,2024-01-01,21.0,Female,Đà Nẵng,2,1,1,3000000,Thời trang,Campaign,iOS
ZLP000987,2024-01-31,37.0,Female,An Giang,3,1,1,3000000,Du lịch & Vận chuyển,Referral,Android
ZLP000988,2024-03-01,33.0,Male,Hà Nội,1,1,1,2000000,Điện & Nước,Organic,iOS
ZLP000989,2024-09-27,26.0,Male,Thanh Hóa,3,0,1,2000000,Thực phẩm & Ăn uống,Social,iOS
ZLP000990,2024-03-31,28.0,Female,Hà Nội,1,1,1,500000,Điện & Nước,Organic,Android
ZLP000991,2024-06-29,29.0,Female,Hồ Chí Minh,1,0,1,3000000,Thực phẩm & Ăn uống,Unknown,Android
ZLP000992,2024-03-01,18.0,Male,Cần Thơ,2,1,1,3000000,Chăm sóc sức khỏe,Organic,Android
ZLP000993,2024-06-29,26.0,Male,Hà Nội,1,1,1,2000000,Chăm sóc sức khỏe,Organic,Android
ZLP000994,2023-11-02,23.0,Female,Cần Thơ,2,1,1,5000000,Chăm sóc sức khỏe,Campaign,Android
ZLP000995,2023-11-02,21.0,Female,Hà Nội,1,1,1,1000000,Thời trang,Social,Android
ZLP000996,2024-09-27,26.0,Male,Cần Thơ,2,1,1,2000000,Thời trang,Campaign,iOS
ZLP000997,2024-04-30,38.0,Male,Hồ Chí Minh,1,0,1,5000000,Thời trang,Organic,Android
ZLP000998,2024-03-31,31.0,Female,Hồ Chí Minh,1,1,0,1000000,Thời trang,Social,Android
ZLP000999,2024-01-01,24.0,Female,An Giang,3,1,1,500000,Du lịch & Vận chuyển,Referral,Android
ZLP001000,2023-12-18,31.0,Other,Hải Phòng,2,0,1,3000000,Viễn thông,Organic,iOS
ZLP001001,2024-01-31,36.0,Female,Thanh Hóa,3,1,1,500000,Thực phẩm & Ăn uống,Campaign,Android
ZLP001002,2023-07-05,33.0,Female,Bình Dương,3,1,1,3000000,Thời trang,Referral,Android
ZLP001003,2024-01-01,28.0,Male,Bình Dương,3,1,0,500000,Điện tử,Referral,Android
ZLP001004,2024-01-01,24.0,Female,Đà Nẵng,2,1,1,2000000,Điện tử,Referral,iOS
ZLP001005,2024-01-31,32.0,Male,Hồ Chí Minh,1,1,1,1000000,Điện & Nước,Social,iOS
ZLP001006,2024-03-31,30.0,Female,Hồ Chí Minh,1,1,1,1000000,Viễn thông,Social,iOS
ZLP001007,2024-09-27,33.0,Male,Hà Nội,1,1,1,3000000,Du lịch & Vận chuyển,Referral,iOS
ZLP001008,2024-03-31,31.0,Male,An Giang,3,1,1,3000000,Thực phẩm & Ăn uống,Unknown,iOS
ZLP001009,2024-08-28,34.0,Female,Hồ Chí Minh,1,1,1,1000000,Điện & Nước,Referral,Android
ZLP001010,2024-01-31,24.0,Female,An Giang,3,1,1,1000000,Viễn thông,Unknown,Android
ZLP001011,2024-03-01,35.0,Male,Đà Nẵng,2,0,1,3000000,Giải trí,Campaign,Android
ZLP001012,2023-04-06,29.0,Female,Bình Dương,3,1,1,3000000,Viễn thông,Referral,Android
ZLP001013,2023-10-03,40.0,Female,Hồ Chí Minh,1,1,1,3000000,Thời trang,Social,Android
ZLP001014,2024-01-31,23.0,Male,Hồ Chí Minh,1,0,1,2000000,Điện tử,Referral,Android
ZLP001015,2023-12-18,38.0,Female,Nghệ An,3,1,1,1000000,Thời trang,Unknown,Android
ZLP001016,2024-06-29,29.0,Female,Hồ Chí Minh,1,0,1,3000000,Thực phẩm & Ăn uống,Campaign,Android
ZLP001017,2024-01-31,24.0,Female,Hà Nội,1,1,1,3000000,Thực phẩm & Ăn uống,Campaign,Android
ZLP001018,2024-08-28,25.0,Male,Hồ Chí Minh,1,1,1,2000000,Chăm sóc sức khỏe,Organic,iOS
ZLP001019,2024-11-26,26.0,Female,Hồ Chí Minh,1,1,1,2000000,Điện tử,Unknown,iOS
ZLP001020,2023-10-03,30.0,Female,Hồ Chí Minh,1,1,1,2000000,Điện & Nước,Organic,Unknown
ZLP001021,2023-12-18,31.0,Male,Cần Thơ,2,1,1,3000000,Viễn thông,Unknown,Android
ZLP001022,2024-03-31,24.0,Male,Hà Nội,1,1,0,3000000,Viễn thông,Organic,Android
ZLP001023,2023-12-02,27.0,Female,Đà Nẵng,2,1,1,3000000,Thực phẩm & Ăn uống,Organic,Android
ZLP001024,2023-11-02,40.0,Female,Hồ Chí Minh,1,1,1,2000000,Thời trang,Campaign,Android
ZLP001025,2024-06-29,38.0,Male,Đồng Nai,3,1,1,2000000,Thực phẩm & Ăn uống,Referral,Android
ZLP001026,2024-11-26,30.0,Female,Đồng Nai,3,1,0,3000000,Chăm sóc sức khỏe,Unknown,Android
ZLP001027,2024-05-30,28.0,Male,Hồ Chí Minh,1,1,0,1000000,Thực phẩm & Ăn uống,Campaign,Android
ZLP001028,2024-01-15,27.0,Male,Hà Nội,1,1,1,2000000,Thực phẩm & Ăn uống,Campaign,iOS
ZLP001029,2024-01-01,31.0,Female,Hồ Chí Minh,1,1,1,2000000,Thực phẩm & Ăn uống,Unknown,Android
ZLP001030,2024-01-31,21.0,Female,Đồng Nai,3,1,1,5000000,Viễn thông,Unknown,Android
ZLP001031,2024-01-01,26.0,Female,Bình Dương,3,0,1,500000,Điện tử,Campaign,Android
ZLP001032,2024-01-15,18.0,Female,An Giang,3,0,1,1000000,Viễn thông,Unknown,Android
ZLP001033,2023-11-02,30.0,Female,Hồ Chí Minh,1,1,1,1000000,Điện tử,Referral,Android
ZLP001034,2024-08-28,31.0,Female,Hà Nội,1,0,0,1000000,Thực phẩm & Ăn uống,Referral,Android
ZLP001035,2024-05-30,25.0,Female,Hồ Chí Minh,1,0,1,1000000,Điện & Nước,Unknown,iOS
ZLP001036,2024-03-31,37.0,Female,Hà Nội,1,1,1,2000000,Điện & Nước,Campaign,Unknown
ZLP001037,2024-09-27,20.0,Female,Đà Nẵng,2,1,1,3000000,Điện & Nước,Social,Android
ZLP001038,2023-12-02,19.0,Female,Hồ Chí Minh,1,1,1,2000000,Điện tử,Organic,iOS
ZLP001039,2023-07-05,29.0,Female,Bình Dương,3,1,1,1000000,Thực phẩm & Ăn uống,Campaign,Android
ZLP001040,2024-06-29,34.0,Male,Đà Nẵng,2,1,1,3000000,Chăm sóc sức khỏe,Organic,iOS
ZLP001041,2024-11-26,38.0,Female,Đồng Nai,3,1,1,2000000,Thực phẩm & Ăn uống,Social,iOS
ZLP001042,2024-01-31,25.0,Female,Hồ Chí Minh,1,0,0,1000000,Điện & Nước,Social,iOS
ZLP001043,2023-04-06,34.0,Female,An Giang,3,1,1,1000000,Chăm sóc sức khỏe,Organic,iOS
ZLP001044,2024-05-30,27.0,Female,Thanh Hóa,3,1,1,3000000,Du lịch & Vận chuyển,Social,iOS
ZLP001045,2023-07-05,26.0,Female,An Giang,3,1,1,3000000,Điện & Nước,Campaign,Android
ZLP001046,2024-01-31,33.0,Other,Đồng Nai,3,1,1,2000000,Viễn thông,Referral,Android
ZLP001047,2023-12-02,31.0,Male,Đồng Nai,3,1,0,1000000,Điện tử,Unknown,Android
ZLP001048,2024-08-28,18.0,Female,Đà Nẵng,2,1,1,3000000,Giải trí,Campaign,Android
ZLP001049,2024-01-01,36.0,Male,Hồ Chí Minh,1,0,1,1000000,Du lịch & Vận chuyển,Social,Android
ZLP001050,2024-08-28,27.0,Female,Cần Thơ,2,1,1,3000000,Điện & Nước,Referral,Android
ZLP001051,2023-12-02,24.0,Female,Bình Dương,3,1,1,2000000,Thời trang,Organic,iOS
ZLP001052,2023-12-18,30.0,Male,Thanh Hóa,3,1,1,1000000,Điện tử,Organic,iOS
ZLP001053,2024-09-27,30.0,Male,Đà Nẵng,2,0,0,1000000,Thời trang,Unknown,iOS
ZLP001054,2023-11-02,29.0,Female,Hồ Chí Minh,1,1,1,1000000,Thời trang,Organic,Android
ZLP001055,2024-01-31,24.0,Male,Bình Dương,3,1,1,1000000,Viễn thông,Referral,Android
ZLP001056,2023-12-18,23.0,Male,Thanh Hóa,3,1,1,1000000,Điện tử,Campaign,iOS
ZLP001057,2024-05-30,27.0,Female,Hồ Chí Minh,1,1,1,2000000,Điện tử,Organic,iOS
ZLP001058,2023-10-03,35.0,Male,Hà Nội,1,1,1,2000000,Thời trang,Social,Android
ZLP001059,2024-01-01,31.0,Female,Đà Nẵng,2,0,1,2000000,Thực phẩm & Ăn uống,Unknown,iOS
ZLP001060,2024-04-30,25.0,Female,Hồ Chí Minh,1,0,1,2000000,Viễn thông,Organic,Android
ZLP001061,2023-12-18,32.0,Male,Hồ Chí Minh,1,0,1,3000000,Thời trang,Organic,iOS
ZLP001062,2023-04-06,18.0,Male,Hà Nội,1,1,1,5000000,Điện & Nước,Social,Android
ZLP001063,2024-04-30,34.0,Female,Hải Phòng,2,1,1,1000000,Điện & Nước,Campaign,iOS
ZLP001064,2024-01-15,18.0,Female,Hồ Chí Minh,1,0,1,2000000,Chăm sóc sức khỏe,Referral,iOS
ZLP001065,2023-01-01,25.0,Female,Hà Nội,1,1,1,500000,Điện tử,Campaign,Android
ZLP001066,2024-03-01,21.0,Female,Đồng Nai,3,1,1,1000000,Thời trang,Campaign,Android
ZLP001067,2024-09-27,20.0,Female,Nghệ An,3,1,1,2000000,Du lịch & Vận chuyển,Organic,iOS
ZLP001068,2023-07-05,34.0,Male,Thanh Hóa,3,1,1,2000000,Thực phẩm & Ăn uống,Campaign,Android
ZLP001069,2024-03-01,25.0,Female,Hà Nội,1,1,1,3000000,Thực phẩm & Ăn uống,Organic,Android
ZLP001070,2024-04-30,30.0,Male,Nghệ An,3,0,1,2000000,Thực phẩm & Ăn uống,Referral,Android
ZLP001071,2023-04-06,27.0,Male,Hồ Chí Minh,1,0,1,1000000,Thực phẩm & Ăn uống,Unknown,iOS
ZLP001072,2023-01-01,30.0,Female,Bình Dương,3,1,1,3000000,Thực phẩm & Ăn uống,Social,Android
ZLP001073,2024-01-01,28.0,Female,Cần Thơ,2,1,0,500000,Chăm sóc sức khỏe,Unknown,iOS
ZLP001074,2024-06-29,20.0,Male,Hồ Chí Minh,1,1,1,1000000,Viễn thông,Unknown,Android
ZLP001075,2023-10-03,33.0,Female,Đà Nẵng,2,1,1,1000000,Thực phẩm & Ăn uống,Referral,Android
ZLP001076,2024-06-29,25.0,Male,Hồ Chí Minh,1,0,1,5000000,Thực phẩm & Ăn uống,Campaign,Android
ZLP001077,2024-03-31,18.0,Male,Hải Phòng,2,1,1,2000000,Điện & Nước,Campaign,Android
ZLP001078,2023-12-02,25.0,Female,Hà Nội,1,1,1,2000000,Điện tử,Unknown,Android
ZLP001079,2024-01-15,37.0,Male,Cần Thơ,2,1,1,3000000,Điện & Nước,Referral,iOS
ZLP001080,2024-11-26,33.0,Male,Hồ Chí Minh,1,1,1,2000000,Thời trang,Organic,iOS
ZLP001081,2023-11-02,25.0,Male,Hồ Chí Minh,1,1,1,3000000,Viễn thông,Unknown,Android
ZLP001082,2024-01-15,25.0,Male,Thanh Hóa,3,1,1,2000000,Điện & Nước,Organic,iOS
ZLP001083,2024-03-01,26.0,Female,Bình Dương,3,1,1,5000000,Viễn thông,Referral,Android
ZLP001084,2023-10-03,40.0,Female,Nghệ An,3,1,1,3000000,Thực phẩm & Ăn uống,Campaign,iOS
ZLP001085,2023-04-06,30.0,Male,Hà Nội,1,1,1,2000000,Chăm sóc sức khỏe,Referral,Android
ZLP001086,2023-01-01,30.0,Male,Hồ Chí Minh,1,0,1,2000000,Thực phẩm & Ăn uống,Campaign,Android
ZLP001087,2023-12-02,34.0,Female,Đà Nẵng,2,1,1,5000000,Du lịch & Vận chuyển,Organic,iOS
ZLP001088,2023-07-05,29.0,Female,Hà Nội,1,1,1,2000000,Chăm sóc sức khỏe,Unknown,Android
ZLP001089,2024-06-29,26.0,Male,Hồ Chí Minh,1,1,1,2000000,Viễn thông,Unknown,iOS
ZLP001090,2024-11-26,26.0,Male,Bình Dương,3,1,1,3000000,Điện & Nước,Campaign,Android
ZLP001091,2023-04-06,27.0,Female,Hà Nội,1,0,1,2000000,Viễn thông,Organic,iOS
ZLP001092,2024-01-01,27.0,Female,Hồ Chí Minh,1,1,1,1000000,Thực phẩm & Ăn uống,Unknown,iOS
ZLP001093,2023-01-01,32.0,Male,Hà Nội,1,1,1,1000000,Thời trang,Organic,Android
ZLP001094,2023-10-03,27.0,Female,Đà Nẵng,2,0,1,2000000,Điện & Nước,Referral,iOS
ZLP001095,2023-12-02,32.0,Male,Bình Dương,3,1,1,500000,Thời trang,Campaign,Android
ZLP001096,2023-12-18,27.0,Female,Hà Nội,1,1,1,2000000,Thời trang,Unknown,Android
ZLP001097,2024-09-27,28.0,Female,Đà Nẵng,2,0,1,3000000,Điện tử,Campaign,iOS
ZLP001098,2023-12-18,18.0,Female,Hồ Chí Minh,1,0,1,1000000,Thời trang,Social,Android
ZLP001099,2024-01-15,33.0,Male,An Giang,3,1,1,500000,Chăm sóc sức khỏe,Organic,Android
ZLP001100,2023-11-02,30.0,Male,An Giang,3,1,1,3000000,Thời trang,Campaign,iOS
ZLP001101,2023-01-01,33.0,Male,Bình Dương,3,1,1,2000000,Du lịch & Vận chuyển,Referral,Android
ZLP001102,2024-08-28,18.0,Female,Hồ Chí Minh,1,1,1,1000000,Điện tử,Unknown,iOS
ZLP001103,2023-07-05,40.0,Male,Đà Nẵng,2,0,1,3000000,Thực phẩm & Ăn uống,Referral,iOS
ZLP001104,2024-11-26,27.0,Male,Cần Thơ,2,1,1,2000000,Viễn thông,Campaign,iOS
ZLP001105,2023-10-03,34.0,Female,Hồ Chí Minh,3,1,1,1000000,Điện & Nước,Unknown,Android
ZLP001106,2024-03-01,21.0,Female,Thanh Hóa,3,1,1,1000000,Điện & Nước,Unknown,Android
ZLP001107,2024-11-26,31.0,Female,Hải Phòng,2,1,1,1000000,Viễn thông,Social,Android
ZLP001108,2023-10-03,21.0,Female,Hồ Chí Minh,1,1,1,3000000,Viễn thông,Organic,Android
ZLP001109,2023-12-18,24.0,Male,Nghệ An,3,1,1,2000000,Điện tử,Campaign,Android
ZLP001110,2024-05-30,39.0,Female,Cần Thơ,2,1,1,2000000,Thực phẩm & Ăn uống,Social,Android
ZLP001111,2023-04-06,26.0,Female,Đồng Nai,3,0,1,3000000,Viễn thông,Referral,Android
ZLP001112,2024-04-30,29.0,Female,Hà Nội,1,0,0,500000,Điện & Nước,Campaign,Android
ZLP001113,2023-07-05,33.0,Female,Hà Nội,1,1,1,500000,Thời trang,Campaign,iOS
ZLP001114,2023-11-02,30.0,Female,Hà Nội,1,0,1,1000000,Thời trang,Referral,Unknown
ZLP001115,2023-10-03,28.0,Male,Hồ Chí Minh,1,1,1,500000,Du lịch & Vận chuyển,Campaign,iOS
ZLP001116,2024-08-28,30.0,Female,Hà Nội,1,0,1,2000000,Thực phẩm & Ăn uống,Campaign,Android
ZLP001117,2023-10-03,42.0,Male,Hồ Chí Minh,2,1,1,2000000,Điện & Nước,Social,Android
ZLP001118,2023-04-06,27.0,Male,Hồ Chí Minh,1,1,1,1000000,Điện & Nước,Campaign,Android
ZLP001119,2024-03-01,29.0,Female,Hồ Chí Minh,1,1,1,1000000,Viễn thông,Referral,Android
ZLP001120,2023-12-02,34.0,Male,Hồ Chí Minh,1,1,1,1000000,Điện & Nước,Social,Android
ZLP001121,2023-12-18,34.0,Male,Hà Nội,1,0,1,5000000,Chăm sóc sức khỏe,Referral,iOS
ZLP001122,2023-07-05,35.0,Male,Thanh Hóa,3,1,1,2000000,Điện & Nước,Campaign,Android
ZLP001123,2024-05-30,31.0,Female,Hồ Chí Minh,1,0,1,2000000,Điện & Nước,Organic,Android
ZLP001124,2024-03-01,21.0,Male,Hồ Chí Minh,1,1,1,1000000,Điện tử,Referral,iOS
ZLP001125,2023-12-18,37.0,Female,An Giang,3,1,1,2000000,Viễn thông,Unknown,iOS
ZLP001126,2023-10-03,21.0,Female,Hải Phòng,2,0,1,500000,Giải trí,Social,Android
ZLP001127,2024-03-01,29.0,Female,Hồ Chí Minh,1,1,1,5000000,Chăm sóc sức khỏe,Referral,Android
ZLP001128,2024-05-30,23.0,Male,Bình Dương,3,1,1,3000000,Điện tử,Campaign,iOS
ZLP001129,2023-12-02,27.0,Female,Cần Thơ,2,1,1,2000000,Thực phẩm & Ăn uống,Organic,Android
ZLP001130,2023-01-01,29.0,Male,Đồng Nai,3,1,0,2000000,Điện & Nước,Referral,Android
ZLP001131,2023-11-02,29.0,Male,Hà Nội,1,1,1,2000000,Thực phẩm & Ăn uống,Organic,iOS
ZLP001132,2024-03-31,30.0,Male,Thanh Hóa,3,1,1,1000000,Thực phẩm & Ăn uống,Unknown,Android
ZLP001133,2024-11-26,37.0,Female,Hồ Chí Minh,1,1,0,1000000,Điện & Nước,Campaign,Android
ZLP001134,2023-01-01,30.0,Male,Hồ Chí Minh,1,1,1,2000000,Điện & Nước,Campaign,Android
ZLP001135,2023-12-02,26.0,Male,Hà Nội,1,0,1,500000,Điện tử,Organic,Android
ZLP001136,2023-04-06,33.0,Male,Hà Nội,1,1,0,500000,Viễn thông,Unknown,Android
ZLP001137,2023-12-02,35.0,Male,An Giang,3,1,1,2000000,Điện tử,Referral,Android
ZLP001138,2023-12-18,20.0,Female,Đà Nẵng,2,1,0,5000000,Thời trang,Campaign,iOS
ZLP001139,2024-09-27,31.0,Female,Hồ Chí Minh,1,1,1,5000000,Du lịch & Vận chuyển,Referral,iOS
ZLP001140,2023-07-05,32.0,Female,Hà Nội,1,1,1,500000,Chăm sóc sức khỏe,Referral,iOS
ZLP001141,2024-05-30,26.0,Male,Hà Nội,1,1,1,1000000,Điện & Nước,Campaign,Android
ZLP001142,2023-12-18,27.0,Male,Nghệ An,3,1,1,2000000,Thời trang,Campaign,iOS
ZLP001143,2024-06-29,27.0,Female,Đà Nẵng,2,0,1,3000000,Điện tử,Social,iOS
ZLP001144,2024-01-15,28.0,Male,Cần Thơ,2,1,1,5000000,Chăm sóc sức khỏe,Organic,iOS
ZLP001145,2023-04-06,26.0,Female,Bình Dương,3,1,1,3000000,Thời trang,Referral,iOS
ZLP001146,2024-09-27,28.0,Male,Đồng Nai,3,1,1,2000000,Điện & Nước,Campaign,Android
ZLP001147,2023-07-05,21.0,Female,Cần Thơ,2,1,1,1000000,Viễn thông,Referral,Android
ZLP001148,2024-03-01,19.0,Male,Hồ Chí Minh,1,1,1,500000,Thời trang,Campaign,Android
ZLP001149,2024-08-28,37.0,Male,Hải Phòng,2,1,1,500000,Du lịch & Vận chuyển,Organic,Android
ZLP001150,2023-07-05,22.0,Female,Bình Dương,3,1,1,2000000,Du lịch & Vận chuyển,Unknown,Android
ZLP001151,2024-01-31,22.0,Female,Bình Dương,3,1,1,500000,Thực phẩm & Ăn uống,Organic,Android
ZLP001152,2024-06-29,18.0,Male,Thanh Hóa,3,1,1,3000000,Chăm sóc sức khỏe,Organic,Unknown
ZLP001153,2024-11-26,24.0,Female,Đồng Nai,3,1,1,3000000,Thực phẩm & Ăn uống,Campaign,Android
ZLP001154,2024-04-30,20.0,Female,Đồng Nai,3,1,1,500000,Thực phẩm & Ăn uống,Unknown,iOS
ZLP001155,2023-12-02,37.0,Male,Nghệ An,3,1,1,5000000,Thực phẩm & Ăn uống,Organic,Unknown
ZLP001156,2024-04-30,34.0,Male,Hồ Chí Minh,1,1,1,2000000,Điện tử,Campaign,iOS
ZLP001157,2024-04-30,23.0,Male,Hà Nội,1,1,1,5000000,Thời trang,Campaign,iOS
ZLP001158,2024-04-30,41.0,Male,Đà Nẵng,2,1,1,5000000,Thực phẩm & Ăn uống,Campaign,Android
ZLP001159,2024-07-29,33.0,Female,Hà Nội,1,1,0,1000000,Điện tử,Referral,Android
ZLP001160,2023-07-05,26.0,Male,Hải Phòng,2,1,1,2000000,Thực phẩm & Ăn uống,Campaign,iOS
ZLP001161,2023-07-05,18.0,Male,Đồng Nai,3,1,1,1000000,Thời trang,Campaign,Android
ZLP001162,2024-03-31,41.0,Male,Bình Dương,3,1,1,3000000,Thực phẩm & Ăn uống,Organic,Android
ZLP001163,2024-09-27,27.0,Female,Thanh Hóa,3,0,1,2000000,Điện & Nước,Unknown,Android
ZLP001164,2024-01-01,18.0,Male,Hồ Chí Minh,1,1,1,5000000,Điện & Nước,Organic,Android
ZLP001165,2024-11-26,34.0,Male,Bình Dương,3,0,1,1000000,Điện tử,Unknown,iOS
ZLP001166,2024-09-27,42.0,Male,Đà Nẵng,2,1,1,2000000,Chăm sóc sức khỏe,Social,Android
ZLP001167,2024-08-28,36.0,Female,Hà Nội,1,1,1,5000000,Thực phẩm & Ăn uống,Organic,Android
ZLP001168,2024-08-28,31.0,Male,Hồ Chí Minh,1,1,1,2000000,Viễn thông,Organic,Android
ZLP001169,2024-08-28,31.0,Female,An Giang,3,1,1,500000,Thực phẩm & Ăn uống,Campaign,iOS
ZLP001170,2024-06-29,33.0,Male,Đà Nẵng,2,1,1,2000000,Thời trang,Social,iOS
ZLP001171,2024-04-30,32.0,Male,Đồng Nai,3,1,1,1000000,Thực phẩm & Ăn uống,Referral,Android
ZLP001172,2023-01-01,29.0,Female,Đà Nẵng,2,1,1,500000,Điện & Nước,Social,Android
ZLP001173,2023-10-03,28.0,Male,Hồ Chí Minh,1,1,1,1000000,Chăm sóc sức khỏe,Campaign,Android
ZLP001174,2023-10-03,27.0,Female,Hà Nội,1,1,1,1000000,Điện & Nước,Unknown,Android
ZLP001175,2023-01-01,23.0,Female,Hà Nội,1,1,1,3000000,Điện tử,Campaign,iOS
ZLP001176,2023-07-05,26.0,Female,Thanh Hóa,3,1,1,1000000,Thực phẩm & Ăn uống,Social,Android
ZLP001177,2024-09-27,18.0,Female,Hồ Chí Minh,1,1,1,3000000,Thời trang,Campaign,iOS
ZLP001178,2024-03-31,27.0,Male,Thanh Hóa,3,1,1,500000,Chăm sóc sức khỏe,Organic,Android
ZLP001179,2023-12-02,22.0,Male,Thanh Hóa,3,1,1,500000,Điện & Nước,Campaign,Android
ZLP001180,2024-06-29,21.0,Female,Thanh Hóa,3,1,1,500000,Chăm sóc sức khỏe,Organic,iOS
ZLP001181,2024-01-15,29.0,Female,Hà Nội,1,1,1,1000000,Điện & Nước,Organic,Android
ZLP001182,2023-10-03,36.0,Female,Nghệ An,3,1,1,1000000,Du lịch & Vận chuyển,Campaign,iOS
ZLP001183,2024-08-28,33.0,Female,Hà Nội,1,1,0,2000000,Viễn thông,Organic,Android
ZLP001184,2023-12-02,18.0,Male,Hồ Chí Minh,1,1,1,5000000,Chăm sóc sức khỏe,Campaign,iOS
ZLP001185,2024-04-30,22.0,Female,Hồ Chí Minh,1,1,1,1000000,Điện & Nước,Organic,iOS
ZLP001186,2023-12-02,33.0,Female,Nghệ An,3,1,1,500000,Viễn thông,Campaign,iOS
ZLP001187,2024-01-15,22.0,Male,Hồ Chí Minh,1,1,1,1000000,Thời trang,Unknown,Android
ZLP001188,2024-06-29,26.0,Male,Đà Nẵng,2,1,1,3000000,Điện tử,Campaign,iOS
ZLP001189,2023-10-03,31.0,Female,Hồ Chí Minh,1,0,1,2000000,Điện tử,Unknown,Android
ZLP001190,2024-11-26,22.0,Male,Hà Nội,1,1,1,3000000,Thực phẩm & Ăn uống,Campaign,iOS
ZLP001191,2023-04-06,28.0,Female,Hồ Chí Minh,1,0,1,1000000,Điện tử,Social,Android
ZLP001192,2024-01-31,19.0,Male,Hải Phòng,2,1,1,1000000,Thực phẩm & Ăn uống,Campaign,Android
ZLP001193,2024-08-28,24.0,Female,Đà Nẵng,2,1,1,1000000,Thời trang,Campaign,iOS
ZLP001194,2024-09-27,29.0,Female,An Giang,3,1,1,3000000,Thời trang,Social,iOS
ZLP001195,2023-11-02,18.0,Male,Bình Dương,3,1,1,1000000,Điện & Nước,Organic,iOS
ZLP001196,2023-10-03,30.0,Female,Thanh Hóa,3,1,0,2000000,Chăm sóc sức khỏe,Campaign,Android
ZLP001197,2024-04-30,27.0,Male,Đà Nẵng,2,1,1,2000000,Chăm sóc sức khỏe,Organic,Android
ZLP001198,2023-04-06,31.0,Male,Cần Thơ,2,1,0,2000000,Viễn thông,Organic,Android
ZLP001199,2024-01-15,29.0,Female,Đà Nẵng,2,1,1,1000000,Thực phẩm & Ăn uống,Organic,Android
ZLP001200,2024-06-29,36.0,Male,Hà Nội,1,1,1,2000000,Thực phẩm & Ăn uống,Campaign,Android
ZLP001201,2024-01-31,28.0,Male,Hải Phòng,2,1,1,500000,Thời trang,Unknown,Unknown
ZLP001202,2023-10-03,25.0,Male,Cần Thơ,2,1,1,5000000,Điện & Nước,Campaign,Android
ZLP001203,2024-01-15,28.0,Male,Đồng Nai,3,1,1,500000,Điện tử,Campaign,Android
ZLP001204,2024-09-27,31.0,Female,Đồng Nai,3,1,1,500000,Chăm sóc sức khỏe,Campaign,iOS
ZLP001205,2024-03-01,28.0,Female,Hồ Chí Minh,1,1,1,1000000,Điện & Nước,Campaign,Android
ZLP001206,2024-04-30,28.0,Female,Cần Thơ,2,1,1,3000000,Du lịch & Vận chuyển,Campaign,iOS
ZLP001207,2023-12-02,23.0,Female,Hồ Chí Minh,1,1,1,1000000,Chăm sóc sức khỏe,Social,iOS
ZLP001208,2023-10-03,24.0,Male,Đà Nẵng,2,1,1,2000000,Thời trang,Organic,Android
ZLP001209,2023-11-02,19.0,Male,Cần Thơ,2,1,1,500000,Viễn thông,Referral,Android
ZLP001210,2024-01-31,38.0,Female,Thanh Hóa,3,1,1,500000,Viễn thông,Unknown,Android
ZLP001211,2023-12-02,27.0,Male,Hồ Chí Minh,1,1,1,2000000,Thực phẩm & Ăn uống,Campaign,Android
ZLP001212,2024-01-31,23.0,Male,Hồ Chí Minh,1,1,1,1000000,Thực phẩm & Ăn uống,Referral,Unknown
ZLP001213,2024-04-30,23.0,Female,Hồ Chí Minh,1,1,1,2000000,Điện tử,Referral,iOS
ZLP001214,2024-04-30,33.0,Female,Hà Nội,1,0,1,3000000,Chăm sóc sức khỏe,Campaign,iOS
ZLP001215,2023-10-03,26.0,Female,Đồng Nai,3,1,1,3000000,Du lịch & Vận chuyển,Organic,Android
ZLP001216,2024-05-30,35.0,Male,Hải Phòng,2,1,0,1000000,Chăm sóc sức khỏe,Organic,Android
ZLP001217,2024-03-31,23.0,Female,Bình Dương,3,1,1,2000000,Du lịch & Vận chuyển,Organic,Android
ZLP001218,2023-01-01,29.0,Female,An Giang,3,1,1,5000000,Thực phẩm & Ăn uống,Social,Android
ZLP001219,2023-04-06,22.0,Female,Hà Nội,1,1,1,3000000,Điện & Nước,Unknown,iOS
ZLP001220,2024-03-31,40.0,Female,Hồ Chí Minh,1,1,1,1000000,Điện & Nước,Social,Android
ZLP001221,2023-12-18,20.0,Female,Hồ Chí Minh,1,0,1,2000000,Viễn thông,Organic,iOS
ZLP001222,2023-10-03,29.0,Male,Hải Phòng,2,1,1,5000000,Thời trang,Social,Android
ZLP001223,2023-04-06,31.0,Female,Bình Dương,3,1,1,2000000,Thực phẩm & Ăn uống,Campaign,iOS
ZLP001224,2023-10-03,30.0,Male,Bình Dương,3,1,1,3000000,Điện & Nước,Organic,Android
ZLP001225,2024-09-27,26.0,Female,Hà Nội,1,1,1,2000000,Chăm sóc sức khỏe,Campaign,Android
ZLP001226,2024-04-30,27.0,Female,Hà Nội,1,1,1,1000000,Giải trí,Unknown,iOS
ZLP001227,2024-01-15,28.0,Male,Nghệ An,3,0,1,1000000,Điện & Nước,Campaign,Android
ZLP001228,2024-09-27,27.0,Other,Hồ Chí Minh,1,1,1,500000,Điện & Nước,Campaign,iOS
ZLP001229,2024-03-01,33.0,Male,Hồ Chí Minh,3,1,0,1000000,Thực phẩm & Ăn uống,Campaign,Android
ZLP001230,2024-04-30,41.0,Female,Hà Nội,1,1,1,3000000,Thực phẩm & Ăn uống,Campaign,iOS
ZLP001231,2023-12-02,24.0,Female,Hồ Chí Minh,1,1,1,2000000,Chăm sóc sức khỏe,Organic,iOS
ZLP001232,2024-03-01,19.0,Male,Bình Dương,3,1,1,3000000,Điện tử,Campaign,iOS
ZLP001233,2023-10-03,27.0,Female,Hà Nội,1,1,0,2000000,Điện & Nước,Campaign,Android
ZLP001234,2023-12-18,43.0,Male,Bình Dương,3,1,1,2000000,Thời trang,Referral,Android
ZLP001235,2023-04-06,27.0,Female,Bình Dương,3,1,1,1000000,Thực phẩm & Ăn uống,Organic,Android
ZLP001236,2023-11-02,37.0,Female,Đà Nẵng,2,1,1,5000000,Giải trí,Campaign,Android
ZLP001237,2023-07-05,38.0,Female,Đồng Nai,3,1,0,2000000,Thực phẩm & Ăn uống,Referral,Android
ZLP001238,2023-12-18,24.0,Male,Đà Nẵng,2,1,1,2000000,Du lịch & Vận chuyển,Campaign,Android
ZLP001239,2024-07-29,31.0,Male,Hà Nội,1,1,1,5000000,Điện & Nước,Campaign,Android
ZLP001240,2023-12-18,27.0,Male,Bình Dương,3,1,1,2000000,Điện & Nước,Referral,Android
ZLP001241,2024-06-29,25.0,Male,Đà Nẵng,2,1,1,3000000,Thực phẩm & Ăn uống,Campaign,iOS
ZLP001242,2024-03-31,26.0,Female,Hồ Chí Minh,1,1,1,3000000,Du lịch & Vận chuyển,Campaign,Android
ZLP001243,2024-01-15,24.0,Female,An Giang,3,1,1,1000000,Thời trang,Social,Unknown
ZLP001244,2023-11-02,21.0,Female,Đà Nẵng,2,1,1,500000,Chăm sóc sức khỏe,Unknown,Android
ZLP001245,2024-09-27,24.0,Male,Hải Phòng,2,1,1,5000000,Viễn thông,Organic,Android
ZLP001246,2023-04-06,20.0,Female,Hải Phòng,2,1,1,2000000,Điện & Nước,Social,Android
ZLP001247,2024-04-30,28.0,Male,Hà Nội,1,1,1,500000,Viễn thông,Unknown,Android
ZLP001248,2024-03-01,23.0,Female,Đà Nẵng,2,1,0,2000000,Thời trang,Campaign,Android
ZLP001249,2024-01-01,29.0,Other,Hà Nội,1,1,1,2000000,Du lịch & Vận chuyển,Social,Android
ZLP001250,2023-11-02,18.0,Male,Hà Nội,1,1,1,3000000,Thực phẩm & Ăn uống,Unknown,Android
ZLP001251,2024-01-01,29.0,Male,An Giang,3,1,1,5000000,Viễn thông,Organic,iOS
ZLP001252,2024-07-29,33.0,Male,Đồng Nai,3,1,1,5000000,Thời trang,Campaign,Android
ZLP001253,2024-07-29,18.0,Female,Hồ Chí Minh,1,0,1,5000000,Viễn thông,Social,Android
ZLP001254,2024-09-27,30.0,Female,Cần Thơ,2,1,1,500000,Thời trang,Campaign,iOS
ZLP001255,2023-12-02,35.0,Female,Thanh Hóa,3,1,1,3000000,Điện & Nước,Organic,Android
ZLP001256,2023-12-18,20.0,Male,Đà Nẵng,2,1,1,1000000,Chăm sóc sức khỏe,Unknown,Android
ZLP001257,2023-01-01,38.0,Female,Đồng Nai,3,1,1,1000000,Chăm sóc sức khỏe,Organic,Android
ZLP001258,2024-09-27,30.0,Female,Đồng Nai,3,1,1,3000000,Thời trang,Referral,Android
ZLP001259,2023-12-02,23.0,Male,Hà Nội,1,1,1,2000000,Điện & Nước,Campaign,Android
ZLP001260,2023-12-18,27.0,Female,Hà Nội,1,1,0,5000000,Viễn thông,Campaign,Android
ZLP001261,2024-08-28,31.0,Male,Bình Dương,3,1,1,500000,Điện & Nước,Organic,iOS
ZLP001262,2024-01-15,28.0,Male,Hà Nội,1,1,1,3000000,Thực phẩm & Ăn uống,Unknown,Android
ZLP001263,2024-01-31,31.0,Female,Đà Nẵng,2,0,1,1000000,Điện & Nước,Organic,iOS
ZLP001264,2023-10-03,22.0,Male,Bình Dương,3,1,0,1000000,Chăm sóc sức khỏe,Referral,Android
ZLP001265,2024-01-15,29.0,Female,Đồng Nai,3,1,1,2000000,Chăm sóc sức khỏe,Referral,iOS
ZLP001266,2024-08-28,19.0,Female,Hồ Chí Minh,1,1,1,2000000,Điện & Nước,Social,Android
ZLP001267,2024-01-31,27.0,Male,Hồ Chí Minh,1,1,0,2000000,Điện tử,Referral,iOS
ZLP001268,2023-11-02,22.0,Female,Hà Nội,1,1,1,5000000,Điện tử,Organic,iOS
ZLP001269,2023-04-06,27.0,Female,Đà Nẵng,2,1,1,2000000,Thực phẩm & Ăn uống,Unknown,Android
ZLP001270,2023-12-02,35.0,Male,Hà Nội,1,1,1,1000000,Điện & Nước,Organic,iOS
ZLP001271,2024-01-31,34.0,Male,Đà Nẵng,2,1,1,1000000,Điện & Nước,Campaign,Android
ZLP001272,2023-04-06,31.0,Male,Hồ Chí Minh,1,0,1,2000000,Điện tử,Referral,Android
ZLP001273,2024-03-01,21.0,Male,Đà Nẵng,2,1,1,2000000,Viễn thông,Organic,iOS
ZLP001274,2024-01-15,26.0,Male,Hà Nội,1,1,1,2000000,Thời trang,Organic,Android
ZLP001275,2024-05-30,35.0,Male,Đà Nẵng,2,1,1,1000000,Chăm sóc sức khỏe,Social,iOS
ZLP001276,2023-01-01,28.0,Male,Hà Nội,1,1,1,3000000,Thời trang,Campaign,Android
ZLP001277,2024-05-30,41.0,Female,Hà Nội,1,1,1,500000,Giải trí,Unknown,iOS
ZLP001278,2024-01-15,30.0,Male,An Giang,3,1,1,2000000,Thời trang,Social,iOS
ZLP001279,2023-12-18,29.0,Female,Hồ Chí Minh,1,0,1,2000000,Viễn thông,Unknown,Android
ZLP001280,2024-11-26,26.0,Female,Bình Dương,3,1,1,1000000,Chăm sóc sức khỏe,Organic,Android
ZLP001281,2023-10-03,28.0,Female,An Giang,3,1,1,3000000,Viễn thông,Organic,Android
ZLP001282,2024-01-31,27.0,Male,Đà Nẵng,2,1,1,2000000,Giải trí,Referral,iOS
ZLP001283,2023-12-02,32.0,Female,Hải Phòng,2,1,1,2000000,Thực phẩm & Ăn uống,Organic,Android
ZLP001284,2024-01-15,33.0,Female,Hồ Chí Minh,1,1,1,2000000,Giải trí,Referral,Android
ZLP001285,2024-01-31,23.0,Female,Hà Nội,1,1,1,5000000,Viễn thông,Unknown,Android
ZLP001286,2023-07-05,27.0,Male,Hà Nội,1,1,1,2000000,Điện & Nước,Campaign,Android
ZLP001287,2024-03-31,18.0,Male,Hồ Chí Minh,1,0,1,2000000,Viễn thông,Referral,Android
ZLP001288,2024-03-31,31.0,Female,Hà Nội,1,0,1,1000000,Điện & Nước,Social,iOS
ZLP001289,2024-05-30,21.0,Male,Hà Nội,1,1,1,500000,Điện tử,Organic,Android
ZLP001290,2023-07-05,18.0,Female,Cần Thơ,2,1,1,1000000,Viễn thông,Unknown,Android
ZLP001291,2023-12-02,30.0,Male,Nghệ An,3,1,1,5000000,Thời trang,Campaign,Android
ZLP001292,2024-03-31,42.0,Female,Hồ Chí Minh,1,0,1,2000000,Điện tử,Campaign,Android
ZLP001293,2023-10-03,27.0,Female,Hà Nội,1,1,1,3000000,Điện tử,Organic,Android
ZLP001294,2024-03-31,33.0,Male,Hà Nội,1,1,1,1000000,Chăm sóc sức khỏe,Referral,Android
ZLP001295,2023-04-06,28.0,Female,Hà Nội,1,0,1,2000000,Điện & Nước,Unknown,Android
ZLP001296,2023-12-02,27.0,Female,Đồng Nai,3,1,1,5000000,Điện & Nước,Social,iOS
ZLP001297,2024-07-29,33.0,Female,Hà Nội,1,0,0,500000,Điện & Nước,Organic,Android
ZLP001298,2024-05-30,26.0,Female,Hồ Chí Minh,1,0,1,2000000,Điện & Nước,Referral,iOS
ZLP001299,2024-03-31,29.0,Female,Bình Dương,3,1,1,5000000,Thực phẩm & Ăn uống,Organic,Android
ZLP001300,2024-07-29,27.0,Female,Hải Phòng,2,0,1,5000000,Giải trí,Referral,iOS
ZLP001301,2024-04-30,23.0,Male,Đà Nẵng,2,1,1,3000000,Thực phẩm & Ăn uống,Unknown,Android
ZLP001302,2024-01-15,33.0,Female,Đà Nẵng,2,1,1,3000000,Thực phẩm & Ăn uống,Campaign,Android
ZLP001303,2024-11-26,26.0,Male,Hồ Chí Minh,1,1,0,2000000,Chăm sóc sức khỏe,Organic,iOS
ZLP001304,2024-04-30,23.0,Male,Hồ Chí Minh,1,1,1,1000000,Du lịch & Vận chuyển,Campaign,Android
ZLP001305,2024-03-01,31.0,Female,Hồ Chí Minh,1,1,1,3000000,Giải trí,Organic,iOS
ZLP001306,2023-12-18,22.0,Female,Hà Nội,1,0,1,5000000,Chăm sóc sức khỏe,Referral,iOS
ZLP001307,2024-08-28,28.0,Female,An Giang,3,1,1,2000000,Thực phẩm & Ăn uống,Organic,Android
ZLP001308,2023-12-02,27.0,Male,Đà Nẵng,2,0,1,1000000,Viễn thông,Organic,Android
ZLP001309,2023-01-01,34.0,Male,Hồ Chí Minh,1,1,1,2000000,Thời trang,Campaign,iOS
ZLP001310,2023-11-02,30.0,Female,Hồ Chí Minh,1,1,1,2000000,Viễn thông,Social,Android
ZLP001311,2023-07-05,27.0,Male,Hà Nội,1,1,1,1000000,Điện & Nước,Campaign,Android
ZLP001312,2023-12-02,32.0,Female,Cần Thơ,2,1,1,3000000,Du lịch & Vận chuyển,Campaign,iOS
ZLP001313,2024-06-29,36.0,Male,Hà Nội,1,1,1,2000000,Thực phẩm & Ăn uống,Organic,Android
ZLP001314,2024-03-31,31.0,Male,Hà Nội,1,0,1,2000000,Thực phẩm & Ăn uống,Campaign,Android
ZLP001315,2023-10-03,28.0,Female,Đà Nẵng,2,1,1,1000000,Thời trang,Campaign,Android
ZLP001316,2024-06-29,20.0,Male,Hồ Chí Minh,1,1,1,1000000,Thực phẩm & Ăn uống,Unknown,Android
ZLP001317,2024-01-15,21.0,Male,Hồ Chí Minh,1,1,1,2000000,Thực phẩm & Ăn uống,Organic,Android
ZLP001318,2024-01-15,26.0,Male,Hồ Chí Minh,1,1,0,2000000,Du lịch & Vận chuyển,Organic,iOS
ZLP001319,2023-12-18,24.0,Female,Hồ Chí Minh,1,0,1,1000000,Chăm sóc sức khỏe,Organic,Android
ZLP001320,2024-07-29,26.0,Female,Hồ Chí Minh,1,1,1,1000000,Viễn thông,Social,iOS
ZLP001321,2023-12-02,28.0,Male,Hồ Chí Minh,1,1,1,1000000,Viễn thông,Campaign,iOS
ZLP001322,2023-07-05,31.0,Male,Đồng Nai,3,1,1,2000000,Điện tử,Social,Android
ZLP001323,2023-12-02,27.0,Female,Bình Dương,3,0,1,5000000,Thời trang,Referral,iOS
ZLP001324,2024-04-30,30.0,Male,Cần Thơ,2,1,1,3000000,Điện tử,Unknown,Android
ZLP001325,2024-03-31,28.0,Female,Hải Phòng,2,1,1,3000000,Điện tử,Organic,Android
ZLP001326,2023-10-03,18.0,Male,Hà Nội,1,1,1,2000000,Điện tử,Organic,Android
ZLP001327,2023-07-05,22.0,Male,Hải Phòng,2,0,1,2000000,Du lịch & Vận chuyển,Referral,Android
ZLP001328,2024-03-31,27.0,Female,Hà Nội,1,1,1,1000000,Điện tử,Referral,Android
ZLP001329,2024-03-31,20.0,Male,Hà Nội,1,1,1,3000000,Viễn thông,Referral,iOS
ZLP001330,2023-12-18,31.0,Female,Hà Nội,1,1,1,2000000,Du lịch & Vận chuyển,Campaign,Android
ZLP001331,2024-07-29,37.0,Male,Hồ Chí Minh,1,1,1,3000000,Thực phẩm & Ăn uống,Referral,iOS
ZLP001332,2024-11-26,35.0,Male,Thanh Hóa,3,1,0,2000000,Du lịch & Vận chuyển,Unknown,Android
ZLP001333,2023-11-02,26.0,Other,Hồ Chí Minh,1,1,1,1000000,Chăm sóc sức khỏe,Unknown,Android
ZLP001334,2024-01-31,36.0,Male,Hà Nội,1,1,1,1000000,Điện & Nước,Organic,iOS
ZLP001335,2023-01-01,28.0,Female,Hà Nội,1,1,1,3000000,Chăm sóc sức khỏe,Campaign,iOS
ZLP001336,2024-04-30,25.0,Male,Hồ Chí Minh,1,1,1,1000000,Thực phẩm & Ăn uống,Campaign,iOS
ZLP001337,2023-12-18,24.0,Female,Hồ Chí Minh,1,0,1,1000000,Giải trí,Campaign,iOS
ZLP001338,2023-10-03,26.0,Female,Hồ Chí Minh,1,1,1,5000000,Thực phẩm & Ăn uống,Organic,Android
ZLP001339,2024-05-30,25.0,Male,Hà Nội,1,1,1,2000000,Điện & Nước,Campaign,Android
ZLP001340,2024-06-29,29.0,Female,Hải Phòng,2,1,1,1000000,Viễn thông,Unknown,Android
ZLP001341,2023-07-05,28.0,Female,Hà Nội,1,1,1,1000000,Thực phẩm & Ăn uống,Organic,iOS
ZLP001342,2023-04-06,28.0,Male,Hồ Chí Minh,1,1,1,1000000,Thời trang,Social,Android
ZLP001343,2023-12-02,30.0,Female,Cần Thơ,2,1,1,2000000,Điện & Nước,Organic,iOS
ZLP001344,2024-03-01,35.0,Female,Thanh Hóa,3,1,1,3000000,Thực phẩm & Ăn uống,Campaign,iOS
ZLP001345,2024-06-29,33.0,Male,Hồ Chí Minh,1,0,0,1000000,Thực phẩm & Ăn uống,Campaign,Android
ZLP001346,2024-01-31,19.0,Male,Hồ Chí Minh,1,1,1,3000000,Chăm sóc sức khỏe,Campaign,Android
ZLP001347,2024-01-31,18.0,Male,Thanh Hóa,3,1,1,1000000,Viễn thông,Social,Android
ZLP001348,2024-06-29,33.0,Male,Hồ Chí Minh,1,1,0,1000000,Thực phẩm & Ăn uống,Unknown,iOS
ZLP001349,2024-01-15,19.0,Female,Đà Nẵng,2,1,1,5000000,Thực phẩm & Ăn uống,Campaign,Android
ZLP001350,2024-03-01,26.0,Female,Hồ Chí Minh,1,0,0,1000000,Thời trang,Referral,Android
ZLP001351,2024-01-15,20.0,Female,Nghệ An,3,1,1,3000000,Chăm sóc sức khỏe,Campaign,Android
ZLP001352,2024-08-28,18.0,Male,Thanh Hóa,3,1,1,3000000,Điện tử,Organic,Android
ZLP001353,2023-11-02,31.0,Male,Đồng Nai,3,0,1,500000,Thực phẩm & Ăn uống,Organic,Android
ZLP001354,2023-11-02,32.0,Female,Hà Nội,1,1,1,2000000,Thời trang,Social,iOS
ZLP001355,2023-10-03,24.0,Female,Hà Nội,1,1,1,2000000,Viễn thông,Campaign,Android
ZLP001356,2024-06-29,18.0,Female,Hồ Chí Minh,1,1,1,5000000,Điện & Nước,Unknown,iOS
ZLP001357,2023-12-18,24.0,Male,An Giang,3,1,1,2000000,Viễn thông,Unknown,Android
ZLP001358,2023-12-02,30.0,Male,An Giang,3,1,1,2000000,Thực phẩm & Ăn uống,Organic,iOS
ZLP001359,2024-11-26,19.0,Male,Hà Nội,1,1,0,1000000,Thực phẩm & Ăn uống,Organic,Unknown
ZLP001360,2024-09-27,27.0,Other,Cần Thơ,2,1,1,2000000,Điện tử,Social,Android
ZLP001361,2024-11-26,27.0,Female,Hồ Chí Minh,1,1,1,1000000,Du lịch & Vận chuyển,Campaign,Android
ZLP001362,2023-10-03,31.0,Female,Hà Nội,1,1,1,500000,Thực phẩm & Ăn uống,Referral,Android
ZLP001363,2024-08-28,28.0,Female,Cần Thơ,2,1,1,5000000,Điện & Nước,Organic,Android
ZLP001364,2023-12-02,22.0,Male,Hà Nội,1,1,1,1000000,Điện & Nước,Unknown,Android
ZLP001365,2023-01-01,35.0,Female,Hà Nội,1,1,1,1000000,Điện & Nước,Organic,iOS
ZLP001366,2023-12-18,27.0,Female,Hồ Chí Minh,1,1,1,2000000,Du lịch & Vận chuyển,Organic,Android
ZLP001367,2024-01-15,27.0,Female,Đồng Nai,3,1,1,3000000,Giải trí,Organic,iOS
ZLP001368,2023-07-05,27.0,Male,Hải Phòng,2,1,1,500000,Điện & Nước,Campaign,Android
ZLP001369,2024-01-31,25.0,Male,Nghệ An,3,0,1,1000000,Thực phẩm & Ăn uống,Social,Android
ZLP001370,2024-06-29,22.0,Male,Bình Dương,3,1,1,500000,Điện tử,Organic,iOS
ZLP001371,2023-12-18,26.0,Male,Đà Nẵng,2,1,1,500000,Điện & Nước,Organic,Android
ZLP001372,2023-12-02,38.0,Female,Hồ Chí Minh,1,1,1,2000000,Thời trang,Campaign,Android
ZLP001373,2023-12-02,19.0,Female,Thanh Hóa,3,0,1,2000000,Chăm sóc sức khỏe,Unknown,Android
ZLP001374,2024-09-27,18.0,Female,Đà Nẵng,2,0,1,2000000,Chăm sóc sức khỏe,Organic,Android
ZLP001375,2023-04-06,36.0,Female,Bình Dương,3,1,1,2000000,Điện tử,Campaign,Android
ZLP001376,2024-01-01,27.0,Female,Bình Dương,3,1,1,3000000,Điện & Nước,Referral,Android
ZLP001377,2023-11-02,23.0,Male,Hải Phòng,2,0,1,2000000,Thực phẩm & Ăn uống,Social,Android
ZLP001378,2024-08-28,34.0,Male,Hồ Chí Minh,1,1,1,5000000,Giải trí,Referral,iOS
ZLP001379,2023-07-05,24.0,Female,Hồ Chí Minh,1,1,1,2000000,Viễn thông,Organic,iOS
ZLP001380,2023-12-18,38.0,Female,Cần Thơ,2,1,1,3000000,Thực phẩm & Ăn uống,Campaign,Android
ZLP001381,2023-12-18,32.0,Female,An Giang,3,1,1,2000000,Thực phẩm & Ăn uống,Organic,Android
ZLP001382,2024-08-28,25.0,Male,Bình Dương,3,1,1,2000000,Viễn thông,Referral,iOS
ZLP001383,2023-11-02,40.0,Male,Hà Nội,1,1,1,3000000,Viễn thông,Organic,iOS
ZLP001384,2024-03-31,24.0,Male,Hà Nội,1,1,1,1000000,Viễn thông,Organic,Android
ZLP001385,2023-10-03,32.0,Female,Bình Dương,3,1,1,2000000,Du lịch & Vận chuyển,Campaign,Android
ZLP001386,2024-09-27,29.0,Female,Bình Dương,3,1,1,3000000,Điện & Nước,Unknown,Android
ZLP001387,2024-03-01,35.0,Male,Cần Thơ,2,1,1,3000000,Thời trang,Unknown,Android
ZLP001388,2024-03-01,37.0,Female,Hà Nội,1,1,1,2000000,Giải trí,Organic,Android
ZLP001389,2024-01-01,28.0,Female,An Giang,3,0,1,2000000,Giải trí,Organic,iOS
ZLP001390,2023-12-02,23.0,Female,Đà Nẵng,2,1,1,1000000,Thời trang,Organic,Android
ZLP001391,2023-11-02,30.0,Female,Đồng Nai,3,1,1,5000000,Viễn thông,Unknown,iOS
ZLP001392,2024-03-01,23.0,Male,Hồ Chí Minh,1,1,0,1000000,Viễn thông,Referral,iOS
ZLP001393,2024-09-27,40.0,Female,Hà Nội,1,1,1,3000000,Điện tử,Referral,iOS
ZLP001394,2023-12-18,28.0,Female,Hải Phòng,2,1,1,500000,Giải trí,Social,iOS
ZLP001395,2024-08-28,25.0,Male,Hồ Chí Minh,1,1,1,1000000,Điện & Nước,Unknown,Android
ZLP001396,2023-10-03,29.0,Female,Đà Nẵng,2,0,0,1000000,Chăm sóc sức khỏe,Campaign,Android
ZLP001397,2024-09-27,19.0,Female,Hà Nội,1,1,1,2000000,Điện & Nước,Social,Android
ZLP001398,2023-12-02,22.0,Female,Bình Dương,3,1,1,1000000,Viễn thông,Referral,iOS
ZLP001399,2023-12-18,35.0,Female,Hà Nội,1,1,1,500000,Thời trang,Campaign,Android
ZLP001400,2024-01-01,24.0,Female,Hồ Chí Minh,1,0,1,1000000,Viễn thông,Unknown,Android
ZLP001401,2024-04-30,21.0,Female,An Giang,3,1,1,1000000,Điện tử,Unknown,iOS
ZLP001402,2024-04-30,31.0,Male,Đà Nẵng,2,1,1,1000000,Thực phẩm & Ăn uống,Social,Android
ZLP001403,2024-01-01,35.0,Female,Hồ Chí Minh,1,1,0,1000000,Viễn thông,Organic,Android
ZLP001404,2024-01-15,32.0,Female,Hồ Chí Minh,1,1,1,3000000,Thời trang,Organic,iOS
ZLP001405,2023-01-01,33.0,Male,Thanh Hóa,3,1,1,2000000,Điện & Nước,Unknown,Android
ZLP001406,2023-12-02,23.0,Male,Hồ Chí Minh,1,1,1,2000000,Điện tử,Campaign,Android
ZLP001407,2023-12-02,19.0,Female,Cần Thơ,2,1,1,5000000,Thực phẩm & Ăn uống,Social,iOS
ZLP001408,2024-01-31,37.0,Female,Hà Nội,1,1,1,2000000,Giải trí,Referral,Android
ZLP001409,2024-01-31,26.0,Female,Hải Phòng,2,1,1,5000000,Điện & Nước,Social,Android
ZLP001410,2024-04-30,26.0,Female,Bình Dương,3,1,1,1000000,Điện tử,Organic,Android
ZLP001411,2024-04-30,35.0,Male,Đà Nẵng,2,1,1,2000000,Viễn thông,Campaign,iOS
ZLP001412,2023-11-02,31.0,Female,Hồ Chí Minh,1,1,0,2000000,Thực phẩm & Ăn uống,Social,Android
ZLP001413,2024-05-30,30.0,Female,Hải Phòng,2,1,1,2000000,Thực phẩm & Ăn uống,Campaign,Android
ZLP001414,2023-01-01,40.0,Female,Hà Nội,1,1,1,2000000,Thực phẩm & Ăn uống,Referral,Android
ZLP001415,2024-04-30,24.0,Female,Nghệ An,3,1,0,1000000,Thực phẩm & Ăn uống,Referral,Android
ZLP001416,2023-07-05,33.0,Female,Hà Nội,1,1,1,3000000,Điện & Nước,Organic,Android
ZLP001417,2024-04-30,28.0,Female,Bình Dương,3,1,1,2000000,Chăm sóc sức khỏe,Organic,Android
ZLP001418,2024-01-15,29.0,Female,Hồ Chí Minh,1,1,1,500000,Du lịch & Vận chuyển,Referral,iOS
ZLP001419,2024-01-01,37.0,Male,Bình Dương,3,0,1,2000000,Điện & Nước,Organic,Android
ZLP001420,2024-04-30,31.0,Female,Hà Nội,1,1,1,3000000,Chăm sóc sức khỏe,Campaign,Android
ZLP001421,2023-04-06,31.0,Male,Hà Nội,1,1,1,1000000,Điện & Nước,Unknown,Android
ZLP001422,2023-11-02,34.0,Male,Hồ Chí Minh,1,1,1,500000,Chăm sóc sức khỏe,Campaign,Android
ZLP001423,2024-03-01,25.0,Female,Hồ Chí Minh,1,1,1,3000000,Thời trang,Unknown,Android
ZLP001424,2024-07-29,22.0,Male,Hồ Chí Minh,1,0,1,5000000,Viễn thông,Campaign,Android
ZLP001425,2023-12-18,21.0,Female,Hà Nội,1,1,1,500000,Thời trang,Referral,iOS
ZLP001426,2023-11-02,18.0,Male,An Giang,3,1,1,5000000,Thực phẩm & Ăn uống,Organic,Android
ZLP001427,2024-01-15,40.0,Male,Hà Nội,1,1,1,1000000,Thời trang,Organic,Android
ZLP001428,2024-03-01,21.0,Female,Bình Dương,3,1,1,5000000,Thực phẩm & Ăn uống,Unknown,Android
ZLP001429,2023-12-18,26.0,Female,Hồ Chí Minh,1,0,1,2000000,Chăm sóc sức khỏe,Organic,Android
ZLP001430,2024-07-29,26.0,Female,Đà Nẵng,2,0,1,3000000,Điện & Nước,Organic,iOS
ZLP001431,2024-01-15,29.0,Male,Hà Nội,1,0,1,3000000,Thực phẩm & Ăn uống,Social,Android
ZLP001432,2023-04-06,32.0,Male,Thanh Hóa,3,1,1,500000,Thời trang,Social,iOS
ZLP001433,2023-11-02,33.0,Male,Hải Phòng,2,1,1,500000,Thời trang,Unknown,iOS
ZLP001434,2024-01-01,24.0,Male,Hà Nội,1,1,1,2000000,Điện & Nước,Organic,Android
ZLP001435,2024-04-30,26.0,Female,Đồng Nai,3,1,1,1000000,Điện & Nước,Organic,iOS
ZLP001436,2023-11-02,29.0,Male,Hồ Chí Minh,1,1,1,2000000,Điện & Nước,Campaign,Android
ZLP001437,2024-11-26,26.0,Female,Đà Nẵng,2,1,1,5000000,Thực phẩm & Ăn uống,Referral,iOS
ZLP001438,2023-12-02,37.0,Female,Hồ Chí Minh,1,1,1,1000000,Thực phẩm & Ăn uống,Organic,Android
ZLP001439,2024-01-31,30.0,Female,Hà Nội,1,1,1,2000000,Thời trang,Organic,Android
ZLP001440,2023-01-01,32.0,Female,Hồ Chí Minh,1,1,1,2000000,Thực phẩm & Ăn uống,Referral,Android
ZLP001441,2024-08-28,31.0,Male,Bình Dương,3,0,1,2000000,Thực phẩm & Ăn uống,Referral,Android
ZLP001442,2024-06-29,35.0,Male,Hà Nội,1,1,0,1000000,Chăm sóc sức khỏe,Organic,Unknown
ZLP001443,2023-11-02,29.0,Female,Bình Dương,3,1,1,1000000,Thời trang,Unknown,Android
ZLP001444,2024-09-27,20.0,Female,Đà Nẵng,2,1,0,3000000,Thời trang,Organic,iOS
ZLP001445,2023-12-02,30.0,Female,Hồ Chí Minh,1,1,0,3000000,Thực phẩm & Ăn uống,Social,iOS
ZLP001446,2024-04-30,24.0,Female,Bình Dương,3,1,1,3000000,Chăm sóc sức khỏe,Unknown,Android
ZLP001447,2024-06-29,24.0,Male,Hải Phòng,2,1,1,3000000,Điện & Nước,Unknown,Android
ZLP001448,2024-05-30,31.0,Male,An Giang,3,1,1,2000000,Thực phẩm & Ăn uống,Campaign,Android
ZLP001449,2024-08-28,35.0,Female,Đà Nẵng,2,1,1,3000000,Điện & Nước,Organic,iOS
ZLP001450,2024-07-29,27.0,Female,Bình Dương,3,1,1,2000000,Điện & Nước,Social,Android
ZLP001451,2024-11-26,29.0,Female,Bình Dương,3,1,1,1000000,Điện & Nước,Organic,Android
ZLP001452,2023-10-03,38.0,Female,Hồ Chí Minh,1,0,1,2000000,Thực phẩm & Ăn uống,Referral,Android
ZLP001453,2023-12-02,29.0,Male,Hồ Chí Minh,1,1,1,1000000,Điện tử,Campaign,iOS
ZLP001454,2024-03-31,43.0,Male,Hồ Chí Minh,1,1,1,2000000,Viễn thông,Organic,Android
ZLP001455,2024-04-30,31.0,Female,Hà Nội,1,0,0,1000000,Điện & Nước,Unknown,iOS
ZLP001456,2024-01-31,18.0,Female,Hà Nội,1,1,0,2000000,Điện tử,Social,Android
ZLP001457,2023-07-05,32.0,Female,Thanh Hóa,3,1,1,1000000,Viễn thông,Organic,iOS
ZLP001458,2024-07-29,30.0,Male,Hà Nội,1,0,1,3000000,Điện tử,Campaign,iOS
ZLP001459,2024-11-26,35.0,Male,Bình Dương,3,1,1,2000000,Điện & Nước,Campaign,Android
ZLP001460,2023-12-18,32.0,Female,Bình Dương,3,0,1,5000000,Viễn thông,Social,Android
ZLP001461,2023-11-02,27.0,Male,Hồ Chí Minh,1,1,1,500000,Thời trang,Organic,iOS
ZLP001462,2023-01-01,20.0,Female,Hồ Chí Minh,1,1,1,2000000,Du lịch & Vận chuyển,Unknown,Unknown
ZLP001463,2023-11-02,26.0,Female,Đà Nẵng,2,1,0,2000000,Điện tử,Organic,iOS
ZLP001464,2024-04-30,22.0,Female,Bình Dương,3,1,1,5000000,Thực phẩm & Ăn uống,Unknown,iOS
ZLP001465,2024-08-28,27.0,Male,Thanh Hóa,3,1,1,1000000,Điện tử,Referral,iOS
ZLP001466,2023-07-05,31.0,Female,Hà Nội,1,0,1,1000000,Thời trang,Unknown,Android
ZLP001467,2024-01-31,38.0,Male,An Giang,3,1,1,1000000,Chăm sóc sức khỏe,Social,iOS
ZLP001468,2024-04-30,30.0,Male,Hà Nội,1,1,1,1000000,Chăm sóc sức khỏe,Organic,Android
ZLP001469,2023-12-02,20.0,Male,Bình Dương,3,1,1,2000000,Giải trí,Unknown,Android
ZLP001470,2024-01-31,30.0,Male,Đà Nẵng,2,1,1,3000000,Điện & Nước,Social,Android
ZLP001471,2024-04-30,35.0,Female,Hồ Chí Minh,1,1,1,1000000,Thực phẩm & Ăn uống,Unknown,iOS
ZLP001472,2024-07-29,24.0,Male,Hồ Chí Minh,1,1,1,1000000,Viễn thông,Campaign,iOS
ZLP001473,2024-01-01,27.0,Male,Hồ Chí Minh,1,1,1,1000000,Thời trang,Campaign,Android
ZLP001474,2024-05-30,28.0,Female,Hà Nội,1,1,1,1000000,Điện tử,Campaign,iOS
ZLP001475,2023-12-02,23.0,Male,Bình Dương,3,1,1,5000000,Viễn thông,Unknown,iOS
ZLP001476,2023-11-02,31.0,Female,Hồ Chí Minh,1,1,1,3000000,Thực phẩm & Ăn uống,Organic,Android
ZLP001477,2023-10-03,27.0,Male,Cần Thơ,2,1,1,1000000,Thời trang,Campaign,Android
ZLP001478,2023-12-18,30.0,Male,Hà Nội,1,1,1,1000000,Điện tử,Unknown,Android
ZLP001479,2023-04-06,22.0,Female,Đồng Nai,3,1,1,5000000,Điện & Nước,Campaign,Android
ZLP001480,2023-12-02,25.0,Male,Đồng Nai,3,1,1,500000,Du lịch & Vận chuyển,Campaign,iOS
ZLP001481,2024-03-31,32.0,Female,Đồng Nai,3,1,1,2000000,Điện & Nước,Referral,Android
ZLP001482,2024-03-31,25.0,Male,Đà Nẵng,2,1,1,5000000,Giải trí,Unknown,Android
ZLP001483,2023-07-05,38.0,Male,Hà Nội,1,1,1,2000000,Viễn thông,Organic,Android
ZLP001484,2023-12-02,25.0,Male,Đồng Nai,3,1,1,500000,Viễn thông,Unknown,Android
ZLP001485,2024-01-31,29.0,Male,Hồ Chí Minh,1,1,1,1000000,Thực phẩm & Ăn uống,Organic,Android
ZLP001486,2023-12-02,33.0,Male,Hà Nội,1,1,1,5000000,Điện tử,Social,Android
ZLP001487,2023-12-18,19.0,Female,Hồ Chí Minh,1,0,0,500000,Điện & Nước,Organic,iOS
ZLP001488,2024-04-30,18.0,Female,Cần Thơ,2,1,1,2000000,Viễn thông,Organic,Android
ZLP001489,2023-01-01,18.0,Male,Bình Dương,3,1,1,3000000,Giải trí,Social,Android
ZLP001490,2023-12-02,35.0,Male,Cần Thơ,2,1,1,3000000,Du lịch & Vận chuyển,Campaign,iOS
ZLP001491,2023-10-03,24.0,Female,Hà Nội,1,1,1,2000000,Viễn thông,Campaign,iOS
ZLP001492,2023-10-03,43.0,Female,Hồ Chí Minh,1,0,1,1000000,Thời trang,Campaign,iOS
ZLP001493,2024-09-27,27.0,Female,An Giang,3,1,1,2000000,Viễn thông,Referral,iOS
ZLP001494,2023-12-18,29.0,Female,Đà Nẵng,2,1,1,1000000,Thời trang,Organic,iOS
ZLP001495,2024-01-15,37.0,Female,Hà Nội,1,1,1,1000000,Thực phẩm & Ăn uống,Organic,iOS
ZLP001496,2024-04-30,40.0,Male,Đà Nẵng,2,1,1,3000000,Thực phẩm & Ăn uống,Campaign,Unknown
ZLP001497,2023-04-06,40.0,Female,Hồ Chí Minh,1,0,1,1000000,Thời trang,Organic,iOS
ZLP001498,2023-11-02,35.0,Female,Hồ Chí Minh,1,1,1,500000,Viễn thông,Referral,iOS
ZLP001499,2024-06-29,34.0,Female,Hà Nội,1,1,1,1000000,Thực phẩm & Ăn uống,Social,Android
ZLP001500,2024-07-29,31.0,Male,Hồ Chí Minh,1,1,1,2000000,Du lịch & Vận chuyển,Referral,Android
ZLP001501,2023-12-18,32.0,Female,Hồ Chí Minh,1,1,1,3000000,Điện tử,Campaign,Unknown
ZLP001502,2023-12-18,27.0,Female,An Giang,3,1,1,3000000,Thực phẩm & Ăn uống,Campaign,Android
ZLP001503,2024-05-30,23.0,Male,Đà Nẵng,2,1,1,2000000,Viễn thông,Organic,iOS
ZLP001504,2023-12-02,27.0,Female,Hà Nội,1,1,1,2000000,Điện tử,Unknown,Android
ZLP001505,2023-07-05,26.0,Male,Bình Dương,3,1,1,2000000,Chăm sóc sức khỏe,Campaign,Android
ZLP001506,2023-11-02,25.0,Male,Nghệ An,3,1,1,1000000,Chăm sóc sức khỏe,Campaign,iOS
ZLP001507,2023-12-18,32.0,Male,Hồ Chí Minh,1,1,1,2000000,Thời trang,Organic,Android
ZLP001508,2023-04-06,33.0,Male,Hải Phòng,2,1,1,2000000,Thực phẩm & Ăn uống,Referral,iOS
ZLP001509,2024-01-01,28.0,Male,Đà Nẵng,2,1,1,500000,Điện tử,Referral,Android
ZLP001510,2024-05-30,36.0,Female,Hồ Chí Minh,1,1,1,1000000,Điện & Nước,Organic,Unknown
ZLP001511,2024-01-15,21.0,Male,Hà Nội,1,1,1,2000000,Chăm sóc sức khỏe,Campaign,iOS
ZLP001512,2023-07-05,26.0,Female,Hà Nội,1,0,1,2000000,Điện & Nước,Referral,Android
ZLP001513,2024-01-01,23.0,Male,Bình Dương,3,1,1,2000000,Thời trang,Organic,Android
ZLP001514,2024-04-30,18.0,Male,Hồ Chí Minh,1,0,1,3000000,Thời trang,Campaign,Android
ZLP001515,2023-04-06,27.0,Female,Đà Nẵng,2,1,1,2000000,Viễn thông,Organic,Unknown
ZLP001516,2023-04-06,27.0,Female,Bình Dương,3,1,1,5000000,Điện & Nước,Unknown,Android
ZLP001517,2023-12-18,27.0,Female,Hà Nội,1,1,1,2000000,Điện tử,Campaign,Android
ZLP001518,2023-11-02,31.0,Other,Hải Phòng,2,1,0,2000000,Điện & Nước,Referral,iOS
ZLP001519,2024-09-27,21.0,Male,Hải Phòng,2,1,1,500000,Điện & Nước,Organic,Unknown
ZLP001520,2024-01-31,39.0,Male,Hà Nội,1,1,1,1000000,Thời trang,Referral,iOS
ZLP001521,2023-12-02,35.0,Female,Thanh Hóa,3,1,1,3000000,Du lịch & Vận chuyển,Referral,iOS
ZLP001522,2024-04-30,31.0,Other,Hồ Chí Minh,1,1,1,1000000,Điện & Nước,Campaign,Android
ZLP001523,2023-12-18,26.0,Female,Hồ Chí Minh,1,1,1,1000000,Thời trang,Unknown,Android
ZLP001524,2023-10-03,27.0,Female,Hà Nội,1,1,1,2000000,Viễn thông,Social,iOS
ZLP001525,2023-11-02,25.0,Female,Cần Thơ,2,1,1,500000,Điện tử,Campaign,Android
ZLP001526,2024-03-31,34.0,Male,Cần Thơ,2,1,1,2000000,Giải trí,Campaign,Android
ZLP001527,2023-04-06,39.0,Female,Hà Nội,1,1,1,1000000,Viễn thông,Unknown,Android
ZLP001528,2023-11-02,27.0,Female,Hồ Chí Minh,1,1,1,2000000,Giải trí,Unknown,Android
ZLP001529,2023-11-02,25.0,Female,Hồ Chí Minh,1,1,1,3000000,Du lịch & Vận chuyển,Social,iOS
ZLP001530,2023-11-02,21.0,Male,Hải Phòng,2,1,1,2000000,Thời trang,Referral,Android
ZLP001531,2024-03-31,28.0,Male,Hải Phòng,2,1,1,2000000,Điện tử,Organic,iOS
ZLP001532,2024-06-29,18.0,Male,Cần Thơ,2,1,1,2000000,Chăm sóc sức khỏe,Referral,iOS
ZLP001533,2024-04-30,27.0,Male,Cần Thơ,2,1,1,3000000,Chăm sóc sức khỏe,Organic,iOS
ZLP001534,2024-03-31,27.0,Female,Đà Nẵng,2,1,1,3000000,Viễn thông,Organic,Android
ZLP001535,2024-08-28,25.0,Male,Hồ Chí Minh,1,1,1,1000000,Chăm sóc sức khỏe,Referral,Android
ZLP001536,2023-04-06,18.0,Male,Hà Nội,1,0,1,1000000,Viễn thông,Unknown,iOS
ZLP001537,2023-10-03,31.0,Male,Bình Dương,3,0,1,1000000,Chăm sóc sức khỏe,Organic,iOS
ZLP001538,2023-12-18,24.0,Female,Đà Nẵng,2,1,0,1000000,Viễn thông,Organic,Android
ZLP001539,2023-12-18,20.0,Female,Hồ Chí Minh,1,1,1,500000,Thời trang,Organic,Android
ZLP001540,2023-12-18,18.0,Male,Nghệ An,3,1,1,1000000,Điện tử,Unknown,Android
ZLP001541,2023-11-02,27.0,Male,Hải Phòng,2,1,1,3000000,Thực phẩm & Ăn uống,Referral,Android
ZLP001542,2023-10-03,38.0,Male,Hồ Chí Minh,1,0,1,2000000,Chăm sóc sức khỏe,Referral,iOS
ZLP001543,2024-01-15,37.0,Female,Cần Thơ,2,1,1,1000000,Du lịch & Vận chuyển,Campaign,Android
ZLP001544,2024-09-27,25.0,Male,An Giang,3,1,1,2000000,Viễn thông,Campaign,Android
ZLP001545,2023-12-18,24.0,Female,Hồ Chí Minh,1,0,0,3000000,Điện & Nước,Organic,Android
ZLP001546,2023-04-06,30.0,Male,Đà Nẵng,2,1,1,1000000,Thời trang,Organic,Unknown
ZLP001547,2024-04-30,22.0,Male,Hà Nội,1,1,1,2000000,Thời trang,Social,iOS
ZLP001548,2023-12-02,29.0,Female,Hà Nội,1,1,0,500000,Thực phẩm & Ăn uống,Campaign,Android
ZLP001549,2023-11-02,32.0,Male,Hải Phòng,2,1,1,2000000,Chăm sóc sức khỏe,Organic,Android
ZLP001550,2023-12-02,35.0,Female,Hà Nội,1,1,0,1000000,Chăm sóc sức khỏe,Referral,iOS
ZLP001551,2024-04-30,27.0,Male,Hồ Chí Minh,1,0,1,2000000,Thực phẩm & Ăn uống,Organic,Android
ZLP001552,2024-06-29,26.0,Female,Hồ Chí Minh,1,0,1,2000000,Điện tử,Campaign,iOS
ZLP001553,2024-03-01,22.0,Female,Hồ Chí Minh,1,1,1,2000000,Thời trang,Organic,iOS
ZLP001554,2023-12-02,23.0,Female,Hà Nội,1,1,1,2000000,Thực phẩm & Ăn uống,Referral,Android
ZLP001555,2023-12-02,26.0,Male,Bình Dương,3,1,1,2000000,Giải trí,Unknown,Android
ZLP001556,2023-10-03,30.0,Male,Hồ Chí Minh,1,1,1,500000,Thực phẩm & Ăn uống,Campaign,Android
ZLP001557,2024-09-27,33.0,Female,Cần Thơ,2,1,1,2000000,Thời trang,Unknown,Unknown
ZLP001558,2024-03-31,23.0,Female,Bình Dương,3,1,1,3000000,Thực phẩm & Ăn uống,Referral,iOS
ZLP001559,2023-01-01,36.0,Female,Hồ Chí Minh,1,0,1,3000000,Điện & Nước,Campaign,iOS
ZLP001560,2024-03-31,26.0,Male,Cần Thơ,2,0,0,5000000,Điện & Nước,Organic,Android
ZLP001561,2024-01-01,27.0,Male,Bình Dương,3,1,1,1000000,Viễn thông,Unknown,Android
ZLP001562,2024-11-26,23.0,Female,Hà Nội,1,1,1,1000000,Chăm sóc sức khỏe,Organic,iOS
ZLP001563,2024-06-29,18.0,Male,Hà Nội,1,1,1,2000000,Thực phẩm & Ăn uống,Referral,Android
ZLP001564,2023-10-03,33.0,Male,Cần Thơ,2,1,1,1000000,Thời trang,Unknown,iOS
ZLP001565,2024-04-30,32.0,Male,Thanh Hóa,3,1,1,500000,Giải trí,Campaign,iOS
ZLP001566,2024-01-15,26.0,Female,Hà Nội,1,1,1,2000000,Điện & Nước,Organic,Unknown
ZLP001567,2023-10-03,28.0,Female,Hà Nội,1,1,1,1000000,Chăm sóc sức khỏe,Organic,Android
ZLP001568,2024-04-30,31.0,Other,Hà Nội,1,1,1,1000000,Thực phẩm & Ăn uống,Campaign,iOS
ZLP001569,2024-01-31,18.0,Male,Hồ Chí Minh,1,0,1,5000000,Thực phẩm & Ăn uống,Campaign,iOS
ZLP001570,2023-01-01,24.0,Female,Đà Nẵng,2,0,1,1000000,Thời trang,Campaign,iOS
ZLP001571,2024-03-31,32.0,Female,Hà Nội,1,1,1,1000000,Du lịch & Vận chuyển,Referral,Android
ZLP001572,2024-03-31,20.0,Male,Hồ Chí Minh,1,1,0,1000000,Thực phẩm & Ăn uống,Unknown,Android
ZLP001573,2023-10-03,29.0,Female,Hà Nội,1,1,0,3000000,Điện tử,Campaign,iOS
ZLP001574,2023-12-02,19.0,Male,Hồ Chí Minh,1,1,1,3000000,Điện & Nước,Referral,Android
ZLP001575,2024-03-01,30.0,Male,Hà Nội,1,1,1,1000000,Thời trang,Organic,Unknown
ZLP001576,2023-10-03,27.0,Male,Hồ Chí Minh,1,1,1,1000000,Thời trang,Campaign,Android
ZLP001577,2024-07-29,18.0,Female,Hồ Chí Minh,1,1,1,3000000,Thời trang,Organic,iOS
ZLP001578,2023-01-01,34.0,Female,Đồng Nai,3,1,1,1000000,Du lịch & Vận chuyển,Referral,Android
ZLP001579,2023-07-05,23.0,Female,An Giang,3,1,1,5000000,Du lịch & Vận chuyển,Unknown,iOS
ZLP001580,2023-07-05,23.0,Male,Hồ Chí Minh,1,1,1,2000000,Thực phẩm & Ăn uống,Social,Android
ZLP001581,2024-01-15,29.0,Male,Đà Nẵng,2,1,1,1000000,Thực phẩm & Ăn uống,Campaign,iOS
ZLP001582,2024-03-01,27.0,Female,Hồ Chí Minh,1,1,1,3000000,Chăm sóc sức khỏe,Organic,Android
ZLP001583,2023-12-18,21.0,Female,Hà Nội,1,1,1,1000000,Chăm sóc sức khỏe,Organic,Android
ZLP001584,2023-12-02,28.0,Female,Hà Nội,1,1,1,1000000,Thực phẩm & Ăn uống,Organic,iOS
ZLP001585,2024-06-29,30.0,Female,Hồ Chí Minh,1,1,1,1000000,Thực phẩm & Ăn uống,Organic,Android
ZLP001586,2023-04-06,32.0,Male,Bình Dương,3,0,1,3000000,Chăm sóc sức khỏe,Organic,iOS
ZLP001587,2023-12-02,29.0,Male,Hồ Chí Minh,1,1,1,1000000,Thực phẩm & Ăn uống,Organic,Android
ZLP001588,2023-04-06,25.0,Female,Hồ Chí Minh,1,1,1,2000000,Thực phẩm & Ăn uống,Organic,Android
ZLP001589,2023-01-01,23.0,Male,Đồng Nai,3,1,1,500000,Điện & Nước,Organic,Android
ZLP001590,2023-12-02,28.0,Male,Cần Thơ,2,1,1,3000000,Thời trang,Referral,Android
ZLP001591,2023-11-02,21.0,Female,Hà Nội,1,1,1,1000000,Viễn thông,Referral,Android
ZLP001592,2023-11-02,18.0,Male,Hà Nội,1,1,1,1000000,Thời trang,Unknown,Android
ZLP001593,2024-06-29,30.0,Male,Hà Nội,1,1,1,2000000,Thực phẩm & Ăn uống,Campaign,Android
ZLP001594,2023-10-03,33.0,Female,Hà Nội,1,1,1,3000000,Điện tử,Campaign,Android
ZLP001595,2024-05-30,18.0,Male,Hà Nội,1,0,1,3000000,Viễn thông,Organic,iOS
ZLP001596,2024-03-31,21.0,Female,Hà Nội,1,1,1,1000000,Điện & Nước,Organic,iOS
ZLP001597,2023-12-02,31.0,Female,Đà Nẵng,2,1,1,3000000,Điện tử,Referral,Android
ZLP001598,2024-01-31,40.0,Female,Bình Dương,3,1,1,2000000,Thực phẩm & Ăn uống,Organic,Android
ZLP001599,2024-01-01,28.0,Female,Bình Dương,3,1,1,1000000,Thời trang,Unknown,Android
ZLP001600,2023-10-03,23.0,Male,Hà Nội,1,1,1,3000000,Giải trí,Referral,Android
ZLP001601,2024-08-28,26.0,Male,Hà Nội,1,1,0,2000000,Thực phẩm & Ăn uống,Referral,iOS
ZLP001602,2024-01-31,36.0,Male,Hà Nội,1,1,1,2000000,Điện & Nước,Referral,Android
ZLP001603,2024-08-28,24.0,Female,Đà Nẵng,2,1,1,5000000,Thực phẩm & Ăn uống,Unknown,Android
ZLP001604,2024-06-29,23.0,Other,Hà Nội,1,1,1,2000000,Thực phẩm & Ăn uống,Campaign,Android
ZLP001605,2023-07-05,25.0,Female,Hải Phòng,2,0,1,500000,Điện tử,Referral,iOS
ZLP001606,2023-11-02,22.0,Male,Bình Dương,3,0,1,3000000,Viễn thông,Campaign,Android
ZLP001607,2023-10-03,28.0,Male,An Giang,3,1,1,1000000,Thực phẩm & Ăn uống,Unknown,Android
ZLP001608,2024-06-29,37.0,Male,Bình Dương,3,1,1,2000000,Điện & Nước,Organic,Android
ZLP001609,2024-07-29,29.0,Male,Thanh Hóa,3,0,1,1000000,Điện tử,Campaign,Android
ZLP001610,2024-01-15,26.0,Male,Cần Thơ,2,0,1,1000000,Điện tử,Organic,iOS
ZLP001611,2023-07-05,26.0,Female,Nghệ An,3,0,1,2000000,Thực phẩm & Ăn uống,Social,iOS
ZLP001612,2023-10-03,27.0,Female,Hồ Chí Minh,1,1,1,2000000,Thời trang,Organic,Android
ZLP001613,2024-06-29,33.0,Female,Hồ Chí Minh,1,1,1,2000000,Điện tử,Organic,Android
ZLP001614,2024-09-27,27.0,Male,Đà Nẵng,2,1,1,3000000,Viễn thông,Campaign,Android
ZLP001615,2023-11-02,26.0,Male,Thanh Hóa,3,1,1,1000000,Thời trang,Social,iOS
ZLP001616,2023-01-01,47.0,Female,Hà Nội,1,1,1,2000000,Giải trí,Campaign,Android
ZLP001617,2023-12-02,29.0,Female,Hồ Chí Minh,1,0,1,3000000,Điện tử,Organic,iOS
ZLP001618,2023-01-01,23.0,Female,Đà Nẵng,2,1,0,3000000,Điện & Nước,Campaign,Android
ZLP001619,2024-06-29,25.0,Female,Cần Thơ,2,0,1,2000000,Viễn thông,Campaign,Android
ZLP001620,2024-01-15,34.0,Female,Hà Nội,1,1,1,2000000,Thực phẩm & Ăn uống,Referral,iOS
ZLP001621,2024-03-31,28.0,Female,Bình Dương,3,1,1,2000000,Điện & Nước,Social,Android
ZLP001622,2023-12-18,19.0,Male,Thanh Hóa,3,1,1,2000000,Điện tử,Referral,iOS
ZLP001623,2023-12-02,33.0,Female,An Giang,3,1,1,1000000,Điện tử,Organic,Unknown
ZLP001624,2023-11-02,23.0,Male,Hà Nội,1,1,1,2000000,Du lịch & Vận chuyển,Organic,Android
ZLP001625,2024-05-30,39.0,Male,Hà Nội,1,1,1,1000000,Thực phẩm & Ăn uống,Unknown,Android
ZLP001626,2024-04-30,34.0,Female,Hà Nội,1,0,1,5000000,Điện tử,Organic,Android
ZLP001627,2023-12-18,25.0,Male,Hà Nội,1,1,1,3000000,Viễn thông,Organic,iOS
ZLP001628,2023-12-02,35.0,Male,Hồ Chí Minh,1,1,1,1000000,Điện & Nước,Referral,iOS
ZLP001629,2023-01-01,28.0,Male,Đồng Nai,3,1,1,500000,Điện & Nước,Unknown,iOS
ZLP001630,2023-04-06,33.0,Male,Hà Nội,1,1,1,3000000,Điện & Nước,Campaign,Android
ZLP001631,2024-03-01,30.0,Male,Hải Phòng,2,1,1,3000000,Thực phẩm & Ăn uống,Organic,Android
ZLP001632,2024-01-15,22.0,Male,An Giang,3,1,1,5000000,Thực phẩm & Ăn uống,Organic,iOS
ZLP001633,2024-01-01,24.0,Male,Hồ Chí Minh,1,1,1,1000000,Thời trang,Referral,iOS
ZLP001634,2024-06-29,34.0,Male,Thanh Hóa,3,1,1,500000,Điện & Nước,Unknown,Android
ZLP001635,2024-01-15,25.0,Other,Bình Dương,3,1,1,5000000,Viễn thông,Campaign,Android
ZLP001636,2023-12-18,25.0,Male,Đà Nẵng,2,1,1,1000000,Chăm sóc sức khỏe,Referral,iOS
ZLP001637,2023-10-03,22.0,Male,Hà Nội,1,1,1,3000000,Thời trang,Unknown,iOS
ZLP001638,2024-06-29,30.0,Female,Đà Nẵng,2,1,1,500000,Điện & Nước,Social,Android
ZLP001639,2024-01-31,40.0,Female,Hà Nội,1,1,1,3000000,Chăm sóc sức khỏe,Social,Android
ZLP001640,2023-07-05,21.0,Female,Cần Thơ,2,1,1,1000000,Thời trang,Campaign,Android
ZLP001641,2024-03-31,28.0,Male,Hồ Chí Minh,1,1,1,2000000,Viễn thông,Unknown,iOS
ZLP001642,2023-12-18,36.0,Female,Cần Thơ,2,0,1,2000000,Viễn thông,Referral,Android
ZLP001643,2024-06-29,27.0,Female,Hồ Chí Minh,1,1,1,5000000,Thời trang,Social,Android
ZLP001644,2024-09-27,30.0,Female,Hồ Chí Minh,1,1,1,500000,Thời trang,Organic,iOS
ZLP001645,2024-03-01,21.0,Female,Đà Nẵng,2,1,1,1000000,Chăm sóc sức khỏe,Organic,iOS
ZLP001646,2024-04-30,27.0,Female,Đà Nẵng,2,1,1,500000,Thực phẩm & Ăn uống,Campaign,Android
ZLP001647,2023-04-06,26.0,Female,Hà Nội,1,1,1,3000000,Thời trang,Social,Android
ZLP001648,2024-01-31,33.0,Female,Hồ Chí Minh,1,1,0,2000000,Thời trang,Campaign,iOS
ZLP001649,2024-05-30,35.0,Male,An Giang,3,1,1,2000000,Thời trang,Social,iOS
ZLP001650,2024-01-15,43.0,Female,Cần Thơ,2,1,1,1000000,Điện & Nước,Unknown,iOS
ZLP001651,2024-03-01,31.0,Female,Hồ Chí Minh,1,1,1,2000000,Thực phẩm & Ăn uống,Organic,Android
ZLP001652,2024-08-28,29.0,Male,Đà Nẵng,2,0,1,2000000,Thực phẩm & Ăn uống,Unknown,Android
ZLP001653,2023-11-02,29.0,Other,Hà Nội,1,1,1,1000000,Giải trí,Referral,iOS
ZLP001654,2023-07-05,25.0,Male,Hồ Chí Minh,1,1,1,3000000,Thực phẩm & Ăn uống,Campaign,iOS
ZLP001655,2024-04-30,30.0,Female,Cần Thơ,2,1,1,500000,Thực phẩm & Ăn uống,Social,Android
ZLP001656,2024-06-29,26.0,Female,Đồng Nai,3,1,1,2000000,Thực phẩm & Ăn uống,Social,iOS
ZLP001657,2024-07-29,29.0,Male,Bình Dương,3,1,1,3000000,Du lịch & Vận chuyển,Campaign,Unknown
ZLP001658,2024-03-31,35.0,Female,Hồ Chí Minh,1,1,1,5000000,Thời trang,Social,Android
ZLP001659,2024-06-29,21.0,Male,Hải Phòng,2,1,1,3000000,Thực phẩm & Ăn uống,Campaign,iOS
ZLP001660,2024-04-30,34.0,Female,Hà Nội,1,1,1,1000000,Du lịch & Vận chuyển,Referral,Android
ZLP001661,2023-07-05,35.0,Male,Nghệ An,3,1,1,2000000,Du lịch & Vận chuyển,Organic,Android
ZLP001662,2024-05-30,27.0,Male,Hồ Chí Minh,1,1,1,1000000,Viễn thông,Organic,Android
ZLP001663,2023-10-03,18.0,Male,Hà Nội,1,1,1,1000000,Thực phẩm & Ăn uống,Campaign,Android
ZLP001664,2023-11-02,24.0,Other,Đà Nẵng,2,1,1,2000000,Giải trí,Campaign,Android
ZLP001665,2023-12-18,35.0,Other,Hồ Chí Minh,1,1,1,3000000,Thời trang,Organic,iOS
ZLP001666,2023-12-02,27.0,Male,Đồng Nai,3,1,0,500000,Thực phẩm & Ăn uống,Campaign,iOS
ZLP001667,2023-12-02,22.0,Female,Cần Thơ,2,1,1,1000000,Viễn thông,Campaign,Android
ZLP001668,2023-10-03,24.0,Male,Hồ Chí Minh,1,1,1,2000000,Thực phẩm & Ăn uống,Organic,Android
ZLP001669,2023-12-02,33.0,Male,Cần Thơ,2,1,1,1000000,Thời trang,Organic,Android
ZLP001670,2023-01-01,31.0,Male,Hà Nội,1,1,1,2000000,Điện & Nước,Organic,Android
ZLP001671,2024-01-01,26.0,Female,Hồ Chí Minh,1,1,1,1000000,Điện & Nước,Unknown,iOS
ZLP001672,2024-05-30,27.0,Female,Thanh Hóa,3,1,1,1000000,Điện & Nước,Campaign,Android
ZLP001673,2024-07-29,25.0,Male,An Giang,3,1,1,2000000,Viễn thông,Organic,Android
ZLP001674,2024-06-29,22.0,Male,Hà Nội,1,0,1,3000000,Viễn thông,Unknown,iOS
ZLP001675,2023-12-18,37.0,Male,Đà Nẵng,2,1,1,2000000,Chăm sóc sức khỏe,Organic,iOS
ZLP001676,2024-04-30,26.0,Female,Hà Nội,1,0,1,3000000,Viễn thông,Organic,Android
ZLP001677,2023-12-02,35.0,Female,Đồng Nai,3,1,1,1000000,Điện tử,Campaign,Android
ZLP001678,2023-04-06,37.0,Male,Nghệ An,3,1,1,3000000,Điện & Nước,Organic,iOS
ZLP001679,2024-03-31,33.0,Female,Hà Nội,1,0,1,1000000,Thời trang,Organic,iOS
ZLP001680,2024-03-31,25.0,Male,Đồng Nai,3,1,1,3000000,Thực phẩm & Ăn uống,Referral,iOS
ZLP001681,2024-06-29,30.0,Female,Hà Nội,1,1,1,2000000,Thực phẩm & Ăn uống,Campaign,Android
ZLP001682,2024-03-01,27.0,Female,Hồ Chí Minh,1,1,1,1000000,Chăm sóc sức khỏe,Unknown,iOS
ZLP001683,2023-10-03,22.0,Male,Nghệ An,3,1,1,1000000,Điện & Nước,Campaign,iOS
ZLP001684,2024-07-29,29.0,Female,Đà Nẵng,2,1,1,2000000,Thời trang,Organic,iOS
ZLP001685,2024-03-01,20.0,Female,Hà Nội,1,1,1,500000,Chăm sóc sức khỏe,Campaign,Android
ZLP001686,2024-06-29,35.0,Female,Cần Thơ,2,0,1,5000000,Điện tử,Campaign,iOS
ZLP001687,2024-05-30,25.0,Male,Hồ Chí Minh,1,1,1,1000000,Giải trí,Social,Android
ZLP001688,2023-12-02,29.0,Female,Hà Nội,1,1,1,1000000,Điện & Nước,Referral,Android
ZLP001689,2023-07-05,29.0,Male,Nghệ An,3,1,1,1000000,Du lịch & Vận chuyển,Social,Android
ZLP001690,2023-10-03,26.0,Male,Cần Thơ,2,1,0,500000,Thời trang,Organic,Android
ZLP001691,2023-07-05,31.0,Male,Đồng Nai,3,1,1,2000000,Điện & Nước,Campaign,Android
ZLP001692,2023-11-02,25.0,Female,Hồ Chí Minh,1,1,1,2000000,Thực phẩm & Ăn uống,Organic,iOS
ZLP001693,2024-01-01,33.0,Female,Đà Nẵng,2,1,1,3000000,Điện tử,Social,iOS
ZLP001694,2024-08-28,19.0,Female,Thanh Hóa,3,1,1,500000,Viễn thông,Campaign,Android
ZLP001695,2024-07-29,28.0,Female,Hà Nội,1,1,1,5000000,Điện tử,Organic,iOS
ZLP001696,2024-04-30,39.0,Male,Hồ Chí Minh,1,1,0,1000000,Điện & Nước,Campaign,Android
ZLP001697,2023-01-01,27.0,Female,Đà Nẵng,2,0,1,5000000,Chăm sóc sức khỏe,Organic,iOS
ZLP001698,2023-12-02,23.0,Female,Hà Nội,1,1,1,1000000,Thời trang,Unknown,Android
ZLP001699,2024-03-31,31.0,Male,Hồ Chí Minh,1,1,1,3000000,Điện & Nước,Organic,Android
ZLP001700,2023-10-03,29.0,Male,Hải Phòng,2,1,0,2000000,Điện & Nước,Unknown,iOS
ZLP001701,2024-06-29,30.0,Female,Thanh Hóa,3,0,1,1000000,Chăm sóc sức khỏe,Social,Android
ZLP001702,2024-08-28,30.0,Female,Đà Nẵng,2,1,1,500000,Điện & Nước,Unknown,Android
ZLP001703,2023-12-02,31.0,Female,Đồng Nai,3,1,1,2000000,Viễn thông,Unknown,Android
ZLP001704,2024-04-30,34.0,Female,Hải Phòng,2,1,1,500000,Thời trang,Organic,iOS
ZLP001705,2023-10-03,30.0,Other,Bình Dương,3,1,1,2000000,Viễn thông,Campaign,Android
ZLP001706,2024-04-30,26.0,Male,Hồ Chí Minh,1,1,0,2000000,Viễn thông,Campaign,Android
ZLP001707,2023-01-01,32.0,Female,Hồ Chí Minh,1,1,1,3000000,Chăm sóc sức khỏe,Organic,Android
ZLP001708,2023-10-03,39.0,Female,Hồ Chí Minh,1,1,1,5000000,Viễn thông,Social,Android
ZLP001709,2024-04-30,27.0,Male,Hồ Chí Minh,1,0,1,1000000,Điện & Nước,Referral,Android
ZLP001710,2024-04-30,22.0,Female,Hà Nội,1,1,1,1000000,Điện tử,Campaign,iOS
ZLP001711,2024-03-31,34.0,Male,Hà Nội,1,1,1,1000000,Giải trí,Unknown,Android
ZLP001712,2024-01-01,27.0,Female,Hồ Chí Minh,1,1,1,3000000,Chăm sóc sức khỏe,Social,Android
ZLP001713,2024-03-31,18.0,Female,Hồ Chí Minh,1,1,1,5000000,Thời trang,Organic,Android
ZLP001714,2024-05-30,33.0,Female,Đà Nẵng,2,1,1,5000000,Thực phẩm & Ăn uống,Campaign,iOS
ZLP001715,2024-11-26,27.0,Female,Hồ Chí Minh,1,1,1,5000000,Du lịch & Vận chuyển,Unknown,Android
ZLP001716,2024-08-28,27.0,Male,Đồng Nai,3,0,1,3000000,Điện tử,Organic,iOS
ZLP001717,2024-06-29,29.0,Female,Hồ Chí Minh,1,1,1,5000000,Thời trang,Social,Android
ZLP001718,2024-04-30,29.0,Male,Hải Phòng,2,1,1,1000000,Du lịch & Vận chuyển,Referral,iOS
ZLP001719,2024-01-31,32.0,Female,Nghệ An,3,1,1,5000000,Thời trang,Unknown,Android
ZLP001720,2023-07-05,25.0,Female,Bình Dương,3,1,1,3000000,Giải trí,Organic,Android
ZLP001721,2023-10-03,31.0,Female,Bình Dương,3,1,1,1000000,Chăm sóc sức khỏe,Unknown,iOS
ZLP001722,2024-06-29,26.0,Male,Nghệ An,3,1,1,500000,Thời trang,Organic,iOS
ZLP001723,2024-06-29,32.0,Female,Hồ Chí Minh,1,1,1,1000000,Du lịch & Vận chuyển,Campaign,iOS
ZLP001724,2024-03-01,31.0,Female,Thanh Hóa,3,0,1,3000000,Thực phẩm & Ăn uống,Organic,Android
ZLP001725,2024-01-01,22.0,Female,Đồng Nai,3,1,1,2000000,Điện tử,Organic,Android
ZLP001726,2023-01-01,34.0,Male,Bình Dương,3,1,1,1000000,Điện & Nước,Unknown,iOS
ZLP001727,2023-12-02,24.0,Male,Hà Nội,1,1,1,3000000,Du lịch & Vận chuyển,Referral,Android
ZLP001728,2023-12-18,32.0,Male,Đà Nẵng,2,1,1,1000000,Viễn thông,Unknown,Android
ZLP001729,2024-01-15,30.0,Female,Cần Thơ,2,1,1,3000000,Giải trí,Organic,iOS
ZLP001730,2024-09-27,39.0,Female,Cần Thơ,2,1,1,3000000,Điện & Nước,Campaign,Android
ZLP001731,2023-07-05,26.0,Other,Bình Dương,3,1,1,5000000,Điện tử,Unknown,Android
ZLP001732,2024-01-15,25.0,Male,Hồ Chí Minh,1,1,1,1000000,Điện & Nước,Unknown,iOS
ZLP001733,2023-12-18,27.0,Male,Hồ Chí Minh,1,0,1,5000000,Chăm sóc sức khỏe,Unknown,Unknown
ZLP001734,2024-11-26,26.0,Female,Hà Nội,1,1,1,1000000,Thực phẩm & Ăn uống,Social,Android
ZLP001735,2024-07-29,32.0,Female,Hồ Chí Minh,1,1,1,2000000,Du lịch & Vận chuyển,Campaign,Android
ZLP001736,2024-01-01,18.0,Female,Hồ Chí Minh,1,1,1,2000000,Điện tử,Campaign,Android
ZLP001737,2024-11-26,21.0,Female,Hồ Chí Minh,1,1,0,2000000,Điện tử,Referral,Android
ZLP001738,2024-01-15,21.0,Male,Hà Nội,1,1,1,5000000,Điện & Nước,Organic,iOS
ZLP001739,2023-10-03,33.0,Female,Hà Nội,1,1,1,2000000,Điện & Nước,Social,Android
ZLP001740,2024-01-31,38.0,Female,Hồ Chí Minh,1,0,1,5000000,Chăm sóc sức khỏe,Unknown,Android
ZLP001741,2023-11-02,27.0,Female,Nghệ An,3,1,1,1000000,Viễn thông,Campaign,Android
ZLP001742,2024-03-31,26.0,Male,Đồng Nai,3,1,1,2000000,Chăm sóc sức khỏe,Organic,Android
ZLP001743,2024-09-27,28.0,Male,Bình Dương,3,1,1,2000000,Điện & Nước,Campaign,Android
ZLP001744,2024-06-29,34.0,Male,Hồ Chí Minh,1,1,1,1000000,Viễn thông,Organic,Android
ZLP001745,2023-11-02,22.0,Female,Cần Thơ,2,1,1,5000000,Du lịch & Vận chuyển,Social,iOS
ZLP001746,2023-12-02,29.0,Male,Đà Nẵng,2,0,0,3000000,Chăm sóc sức khỏe,Campaign,Android
ZLP001747,2023-04-06,33.0,Male,Thanh Hóa,3,1,1,2000000,Điện & Nước,Campaign,Android
ZLP001748,2023-12-02,31.0,Male,Bình Dương,3,0,1,3000000,Thực phẩm & Ăn uống,Unknown,Android
ZLP001749,2023-07-05,29.0,Female,Đà Nẵng,2,1,1,2000000,Du lịch & Vận chuyển,Campaign,Unknown
ZLP001750,2024-01-15,34.0,Male,Hải Phòng,2,1,1,500000,Điện & Nước,Social,Android
ZLP001751,2024-04-30,18.0,Female,Hồ Chí Minh,1,1,1,2000000,Điện & Nước,Referral,Android
ZLP001752,2024-05-30,32.0,Male,Hồ Chí Minh,1,1,1,2000000,Thời trang,Campaign,Android
ZLP001753,2023-04-06,24.0,Male,Bình Dương,3,1,1,5000000,Điện & Nước,Organic,Unknown
ZLP001754,2023-12-02,18.0,Female,Hồ Chí Minh,1,0,1,500000,Thực phẩm & Ăn uống,Social,Android
ZLP001755,2023-12-02,31.0,Male,Hồ Chí Minh,1,0,1,2000000,Thực phẩm & Ăn uống,Social,Android
ZLP001756,2023-07-05,36.0,Male,Bình Dương,3,1,1,500000,Chăm sóc sức khỏe,Organic,Android
ZLP001757,2023-12-18,27.0,Male,Hồ Chí Minh,1,1,1,1000000,Giải trí,Unknown,Android
ZLP001758,2023-12-02,33.0,Female,Cần Thơ,2,1,1,2000000,Thực phẩm & Ăn uống,Social,Android
ZLP001759,2024-03-31,37.0,Female,An Giang,3,0,1,1000000,Thực phẩm & Ăn uống,Unknown,iOS
ZLP001760,2024-08-28,35.0,Male,Hà Nội,1,1,1,3000000,Điện tử,Social,iOS
ZLP001761,2024-01-01,37.0,Male,Hồ Chí Minh,1,1,1,2000000,Viễn thông,Referral,iOS
ZLP001762,2024-05-30,32.0,Female,Hồ Chí Minh,1,1,1,1000000,Giải trí,Unknown,iOS
ZLP001763,2023-10-03,28.0,Female,Hồ Chí Minh,1,1,1,2000000,Điện & Nước,Organic,Android
ZLP001764,2024-08-28,18.0,Male,Hồ Chí Minh,1,1,1,500000,Điện & Nước,Organic,Android
ZLP001765,2023-10-03,26.0,Female,Hồ Chí Minh,1,1,1,3000000,Thời trang,Campaign,iOS
ZLP001766,2023-10-03,22.0,Female,Hà Nội,1,1,1,500000,Thực phẩm & Ăn uống,Unknown,Android
ZLP001767,2023-07-05,41.0,Female,Hà Nội,1,1,1,500000,Thực phẩm & Ăn uống,Unknown,iOS
ZLP001768,2023-12-02,26.0,Female,Bình Dương,3,1,1,2000000,Viễn thông,Organic,iOS
ZLP001769,2024-01-31,28.0,Male,Hải Phòng,2,1,1,5000000,Thực phẩm & Ăn uống,Campaign,Android
ZLP001770,2024-11-26,31.0,Male,Đồng Nai,3,1,1,3000000,Chăm sóc sức khỏe,Organic,iOS
ZLP001771,2024-06-29,28.0,Female,Đà Nẵng,2,1,1,1000000,Điện tử,Social,Android
ZLP001772,2023-12-18,38.0,Female,Hồ Chí Minh,1,1,1,1000000,Điện & Nước,Campaign,Android
ZLP001773,2024-01-31,24.0,Male,Bình Dương,3,1,1,2000000,Điện & Nước,Unknown,iOS
ZLP001774,2024-03-01,29.0,Female,Hà Nội,1,1,1,3000000,Thực phẩm & Ăn uống,Unknown,Android
ZLP001775,2024-06-29,23.0,Female,Hồ Chí Minh,1,1,1,1000000,Điện tử,Referral,Android
ZLP001776,2024-05-30,20.0,Other,Hải Phòng,2,1,1,2000000,Điện tử,Campaign,Android
ZLP001777,2024-01-31,24.0,Female,Hà Nội,1,1,1,1000000,Chăm sóc sức khỏe,Organic,Android
ZLP001778,2024-03-31,27.0,Other,Hồ Chí Minh,1,1,1,1000000,Điện & Nước,Unknown,Android
ZLP001779,2024-05-30,25.0,Male,Hải Phòng,2,1,1,2000000,Thời trang,Campaign,iOS
ZLP001780,2023-10-03,23.0,Female,An Giang,3,1,1,1000000,Điện tử,Campaign,iOS
ZLP001781,2023-11-02,19.0,Female,Hà Nội,1,1,1,1000000,Du lịch & Vận chuyển,Unknown,iOS
ZLP001782,2024-04-30,27.0,Male,Hà Nội,1,1,1,1000000,Điện & Nước,Referral,Android
ZLP001783,2024-07-29,18.0,Male,Đà Nẵng,2,1,1,2000000,Viễn thông,Organic,Android
ZLP001784,2023-12-18,27.0,Female,Bình Dương,3,0,1,500000,Thực phẩm & Ăn uống,Referral,Android
ZLP001785,2024-11-26,28.0,Male,Hồ Chí Minh,1,1,1,2000000,Thời trang,Referral,iOS
ZLP001786,2023-11-02,19.0,Female,Đà Nẵng,2,1,1,5000000,Thực phẩm & Ăn uống,Organic,Android
ZLP001787,2023-12-18,26.0,Male,Nghệ An,3,1,1,500000,Chăm sóc sức khỏe,Referral,Android
ZLP001788,2023-12-18,23.0,Male,Hồ Chí Minh,1,1,1,2000000,Giải trí,Social,Android
ZLP001789,2024-09-27,29.0,Male,An Giang,3,1,1,3000000,Điện & Nước,Social,Android
ZLP001790,2023-12-02,36.0,Female,Nghệ An,3,1,0,1000000,Điện tử,Organic,iOS
ZLP001791,2024-01-01,18.0,Female,Hồ Chí Minh,1,1,1,1000000,Điện & Nước,Referral,Android
ZLP001792,2023-10-03,28.0,Female,Bình Dương,3,1,1,500000,Du lịch & Vận chuyển,Social,iOS
ZLP001793,2024-01-15,27.0,Male,Hồ Chí Minh,1,1,1,2000000,Điện & Nước,Campaign,iOS
ZLP001794,2024-07-29,32.0,Male,Bình Dương,3,1,1,2000000,Giải trí,Unknown,iOS
ZLP001795,2023-12-02,29.0,Male,Đồng Nai,3,1,1,1000000,Thực phẩm & Ăn uống,Organic,Android
ZLP001796,2024-06-29,23.0,Male,Hồ Chí Minh,1,1,1,3000000,Thực phẩm & Ăn uống,Campaign,Android
ZLP001797,2024-08-28,26.0,Female,Bình Dương,3,1,1,3000000,Thời trang,Campaign,iOS
ZLP001798,2023-07-05,23.0,Male,Hồ Chí Minh,3,1,1,1000000,Thực phẩm & Ăn uống,Organic,Unknown
ZLP001799,2024-05-30,34.0,Male,Hà Nội,1,1,1,3000000,Viễn thông,Campaign,iOS
ZLP001800,2023-11-02,28.0,Female,Hồ Chí Minh,1,1,1,1000000,Thời trang,Campaign,Android
ZLP001801,2023-10-03,39.0,Male,Hồ Chí Minh,1,1,0,2000000,Điện tử,Organic,Android
ZLP001802,2024-03-01,27.0,Male,Đà Nẵng,2,1,1,1000000,Giải trí,Campaign,Android
ZLP001803,2024-04-30,23.0,Male,Thanh Hóa,3,1,1,2000000,Thực phẩm & Ăn uống,Social,Android
ZLP001804,2023-12-18,18.0,Female,Đồng Nai,3,1,1,1000000,Điện tử,Organic,Android
ZLP001805,2023-04-06,18.0,Female,Hà Nội,1,1,1,2000000,Chăm sóc sức khỏe,Referral,iOS
ZLP001806,2024-08-28,18.0,Female,Đà Nẵng,2,0,1,1000000,Chăm sóc sức khỏe,Organic,Android
ZLP001807,2024-04-30,29.0,Male,Hồ Chí Minh,1,1,1,3000000,Điện & Nước,Organic,Android
ZLP001808,2023-11-02,31.0,Male,Hồ Chí Minh,1,1,1,500000,Thực phẩm & Ăn uống,Unknown,Android
ZLP001809,2024-01-15,18.0,Female,Hà Nội,1,0,1,1000000,Điện & Nước,Referral,Android
ZLP001810,2023-01-01,33.0,Female,Hà Nội,1,1,1,1000000,Thời trang,Unknown,Android
ZLP001811,2023-12-02,25.0,Other,Đà Nẵng,2,0,1,500000,Chăm sóc sức khỏe,Referral,iOS
ZLP001812,2024-01-15,28.0,Male,Nghệ An,3,1,1,3000000,Chăm sóc sức khỏe,Organic,iOS
ZLP001813,2024-01-15,37.0,Male,Cần Thơ,2,1,1,5000000,Chăm sóc sức khỏe,Social,Android
ZLP001814,2023-11-02,33.0,Female,Cần Thơ,2,1,1,3000000,Thực phẩm & Ăn uống,Organic,iOS
ZLP001815,2024-05-30,26.0,Female,Hồ Chí Minh,1,1,1,3000000,Điện & Nước,Social,Android
ZLP001816,2023-12-02,22.0,Female,Thanh Hóa,3,0,1,500000,Điện & Nước,Organic,iOS
ZLP001817,2024-01-31,18.0,Female,Đồng Nai,3,1,1,1000000,Điện tử,Campaign,Android
ZLP001818,2023-11-02,23.0,Female,Hải Phòng,2,1,1,2000000,Điện & Nước,Unknown,Android
ZLP001819,2023-12-18,26.0,Female,Hà Nội,1,0,1,5000000,Điện & Nước,Organic,Android
ZLP001820,2023-11-02,22.0,Female,Đà Nẵng,2,0,1,2000000,Thực phẩm & Ăn uống,Organic,Android
ZLP001821,2024-03-31,27.0,Female,Đà Nẵng,2,1,1,1000000,Điện & Nước,Unknown,Android
ZLP001822,2023-12-18,28.0,Female,Hồ Chí Minh,1,1,1,1000000,Viễn thông,Organic,iOS
ZLP001823,2023-01-01,26.0,Male,Bình Dương,3,1,1,1000000,Giải trí,Unknown,Android
ZLP001824,2023-01-01,24.0,Male,An Giang,3,1,1,1000000,Điện & Nước,Referral,Android
ZLP001825,2024-01-01,29.0,Female,Hồ Chí Minh,1,0,1,3000000,Chăm sóc sức khỏe,Campaign,iOS
ZLP001826,2023-10-03,30.0,Female,Hồ Chí Minh,1,0,1,500000,Giải trí,Referral,iOS
ZLP001827,2024-03-01,21.0,Female,Bình Dương,3,1,1,3000000,Thực phẩm & Ăn uống,Organic,Android
ZLP001828,2023-12-18,36.0,Male,Hồ Chí Minh,1,1,1,5000000,Giải trí,Unknown,Android
ZLP001829,2024-03-31,27.0,Male,Cần Thơ,2,1,1,3000000,Viễn thông,Campaign,iOS
ZLP001830,2024-09-27,28.0,Female,Bình Dương,3,1,1,5000000,Giải trí,Social,iOS
ZLP001831,2024-01-15,32.0,Male,Hà Nội,1,1,1,500000,Chăm sóc sức khỏe,Organic,iOS
ZLP001832,2024-06-29,29.0,Male,Đồng Nai,3,1,1,5000000,Du lịch & Vận chuyển,Referral,Android
ZLP001833,2024-05-30,33.0,Male,Đà Nẵng,2,1,1,1000000,Điện & Nước,Organic,Android
ZLP001834,2024-09-27,29.0,Female,Hải Phòng,2,1,1,3000000,Du lịch & Vận chuyển,Organic,Android
ZLP001835,2023-11-02,24.0,Male,Đồng Nai,3,1,1,1000000,Giải trí,Organic,Android
ZLP001836,2024-06-29,30.0,Female,Hải Phòng,2,1,1,2000000,Chăm sóc sức khỏe,Campaign,iOS
ZLP001837,2024-08-28,21.0,Male,Hồ Chí Minh,1,1,1,500000,Điện & Nước,Campaign,iOS
ZLP001838,2023-12-18,28.0,Female,Hồ Chí Minh,1,1,1,500000,Điện & Nước,Campaign,iOS
ZLP001839,2023-12-02,27.0,Female,Hồ Chí Minh,1,1,1,5000000,Thực phẩm & Ăn uống,Unknown,Android
ZLP001840,2024-09-27,26.0,Female,Hà Nội,1,1,1,3000000,Điện tử,Organic,Android
ZLP001841,2024-03-01,27.0,Male,Hải Phòng,2,1,1,2000000,Điện & Nước,Social,Android
ZLP001842,2023-12-18,27.0,Male,Hà Nội,1,1,1,2000000,Giải trí,Campaign,iOS
ZLP001843,2024-06-29,24.0,Female,Hải Phòng,2,1,1,3000000,Thực phẩm & Ăn uống,Campaign,Android
ZLP001844,2023-12-02,28.0,Male,Hà Nội,1,1,1,1000000,Thực phẩm & Ăn uống,Organic,iOS
ZLP001845,2023-10-03,28.0,Male,Hà Nội,1,1,1,3000000,Thời trang,Referral,Android
ZLP001846,2024-01-31,21.0,Female,An Giang,3,1,1,2000000,Điện tử,Campaign,Android
ZLP001847,2024-01-31,35.0,Male,Hà Nội,1,1,1,2000000,Viễn thông,Social,Android
ZLP001848,2024-06-29,22.0,Male,Đồng Nai,3,1,1,5000000,Viễn thông,Unknown,Android
ZLP001849,2024-01-01,33.0,Female,Hồ Chí Minh,1,1,1,2000000,Thực phẩm & Ăn uống,Organic,Android
ZLP001850,2024-06-29,30.0,Female,Nghệ An,3,1,1,2000000,Điện tử,Organic,iOS
ZLP001851,2023-12-02,24.0,Male,Đà Nẵng,2,1,1,5000000,Điện tử,Campaign,iOS
ZLP001852,2024-01-31,38.0,Male,Bình Dương,3,1,1,5000000,Viễn thông,Campaign,Android
ZLP001853,2023-11-02,20.0,Female,Hồ Chí Minh,1,1,1,5000000,Viễn thông,Campaign,iOS
ZLP001854,2023-12-18,33.0,Male,Hà Nội,1,1,1,2000000,Thực phẩm & Ăn uống,Unknown,Android
ZLP001855,2024-07-29,34.0,Female,An Giang,3,0,1,1000000,Thời trang,Social,iOS
ZLP001856,2023-11-02,23.0,Male,Hải Phòng,2,1,0,1000000,Thời trang,Unknown,Android
ZLP001857,2024-06-29,36.0,Female,Hồ Chí Minh,1,1,1,500000,Thời trang,Campaign,Android
ZLP001858,2023-12-02,26.0,Male,Hà Nội,1,1,1,3000000,Thực phẩm & Ăn uống,Campaign,iOS
ZLP001859,2023-04-06,27.0,Female,Hà Nội,1,1,1,1000000,Viễn thông,Campaign,iOS
ZLP001860,2023-07-05,29.0,Male,Hồ Chí Minh,1,1,1,2000000,Viễn thông,Campaign,Android
ZLP001861,2024-05-30,27.0,Female,Bình Dương,3,1,1,5000000,Thời trang,Referral,iOS
ZLP001862,2023-11-02,32.0,Male,Hồ Chí Minh,1,0,0,5000000,Thực phẩm & Ăn uống,Social,Android
ZLP001863,2024-03-31,32.0,Male,Hà Nội,1,1,1,500000,Điện & Nước,Campaign,iOS
ZLP001864,2024-04-30,18.0,Female,Cần Thơ,2,0,1,1000000,Điện & Nước,Organic,iOS
ZLP001865,2023-12-02,35.0,Female,Hà Nội,1,1,1,3000000,Điện & Nước,Campaign,Android
ZLP001866,2024-01-01,18.0,Female,Bình Dương,3,1,1,2000000,Chăm sóc sức khỏe,Referral,iOS
ZLP001867,2023-12-18,34.0,Male,Nghệ An,3,1,1,3000000,Thực phẩm & Ăn uống,Campaign,Android
ZLP001868,2024-09-27,34.0,Female,Hồ Chí Minh,1,1,1,3000000,Điện tử,Campaign,Android
ZLP001869,2023-12-02,27.0,Male,Bình Dương,3,1,1,2000000,Du lịch & Vận chuyển,Organic,Android
ZLP001870,2023-10-03,25.0,Female,Hồ Chí Minh,1,1,1,1000000,Điện & Nước,Social,iOS
ZLP001871,2023-12-18,21.0,Female,Hồ Chí Minh,1,1,1,2000000,Thực phẩm & Ăn uống,Social,Android
ZLP001872,2024-03-31,26.0,Male,Hồ Chí Minh,1,1,1,2000000,Thời trang,Organic,Android
ZLP001873,2024-04-30,27.0,Female,Hồ Chí Minh,1,1,1,1000000,Chăm sóc sức khỏe,Campaign,iOS
ZLP001874,2024-09-27,32.0,Female,Hà Nội,1,1,1,3000000,Giải trí,Campaign,iOS
ZLP001875,2024-08-28,35.0,Male,Hà Nội,1,1,0,5000000,Điện tử,Campaign,iOS
ZLP001876,2023-12-02,36.0,Female,An Giang,3,1,1,1000000,Thời trang,Campaign,iOS
ZLP001877,2024-01-01,24.0,Male,Bình Dương,3,1,1,5000000,Du lịch & Vận chuyển,Referral,Android
ZLP001878,2024-05-30,26.0,Female,Thanh Hóa,3,1,1,2000000,Chăm sóc sức khỏe,Organic,iOS
ZLP001879,2024-08-28,18.0,Female,Đà Nẵng,2,1,1,3000000,Chăm sóc sức khỏe,Campaign,Android
ZLP001880,2023-12-02,23.0,Male,Hồ Chí Minh,1,1,1,1000000,Điện & Nước,Organic,iOS
ZLP001881,2024-01-01,33.0,Male,Hà Nội,1,1,1,1000000,Thực phẩm & Ăn uống,Unknown,Android
ZLP001882,2024-08-28,37.0,Female,Hà Nội,1,0,1,1000000,Chăm sóc sức khỏe,Campaign,Android
ZLP001883,2023-12-18,20.0,Female,Hà Nội,1,1,0,1000000,Viễn thông,Organic,Android
ZLP001884,2024-01-15,24.0,Female,Cần Thơ,2,0,1,1000000,Điện tử,Organic,iOS
ZLP001885,2024-08-28,27.0,Male,Đà Nẵng,2,1,1,3000000,Điện & Nước,Campaign,Android
ZLP001886,2024-06-29,29.0,Male,Hà Nội,1,0,0,2000000,Thời trang,Unknown,Android
ZLP001887,2023-11-02,23.0,Female,Hồ Chí Minh,1,1,1,5000000,Chăm sóc sức khỏe,Referral,iOS
ZLP001888,2023-12-02,30.0,Female,Hồ Chí Minh,1,1,0,2000000,Thực phẩm & Ăn uống,Organic,iOS
ZLP001889,2023-12-02,25.0,Male,Hồ Chí Minh,1,1,1,1000000,Điện tử,Campaign,Android
ZLP001890,2024-08-28,27.0,Male,Hồ Chí Minh,1,0,0,2000000,Thời trang,Unknown,Android
ZLP001891,2024-11-26,31.0,Female,Đồng Nai,3,1,1,5000000,Thời trang,Organic,iOS
ZLP001892,2024-05-30,27.0,Male,Hồ Chí Minh,1,1,1,2000000,Thực phẩm & Ăn uống,Organic,Android
ZLP001893,2024-01-15,25.0,Female,Bình Dương,3,1,1,500000,Thực phẩm & Ăn uống,Organic,iOS
ZLP001894,2023-01-01,27.0,Female,Hà Nội,1,1,1,5000000,Chăm sóc sức khỏe,Campaign,iOS
ZLP001895,2024-04-30,27.0,Female,Hồ Chí Minh,1,1,1,1000000,Điện & Nước,Referral,iOS
ZLP001896,2023-12-18,25.0,Female,Đồng Nai,3,1,1,2000000,Thời trang,Unknown,Android
ZLP001897,2024-03-31,26.0,Male,Đà Nẵng,2,1,1,2000000,Điện & Nước,Unknown,Android
ZLP001898,2024-03-01,37.0,Female,Hồ Chí Minh,1,1,1,1000000,Thời trang,Organic,iOS
ZLP001899,2024-01-15,31.0,Female,An Giang,3,1,0,1000000,Giải trí,Unknown,Android
ZLP001900,2024-09-27,26.0,Male,Hồ Chí Minh,1,1,1,5000000,Điện & Nước,Campaign,iOS
ZLP001901,2023-01-01,32.0,Female,Hồ Chí Minh,1,1,1,5000000,Thực phẩm & Ăn uống,Organic,Android
ZLP001902,2024-04-30,25.0,Male,Bình Dương,3,1,1,2000000,Chăm sóc sức khỏe,Unknown,iOS
ZLP001903,2023-12-18,35.0,Female,Bình Dương,3,1,1,1000000,Thực phẩm & Ăn uống,Campaign,Android
ZLP001904,2024-04-30,30.0,Male,Hà Nội,1,1,1,1000000,Thực phẩm & Ăn uống,Campaign,Android
ZLP001905,2024-03-31,27.0,Female,Hồ Chí Minh,1,1,1,1000000,Điện & Nước,Organic,iOS
ZLP001906,2023-01-01,30.0,Male,Hải Phòng,2,0,1,2000000,Viễn thông,Organic,iOS
ZLP001907,2023-12-02,18.0,Male,Hà Nội,1,1,1,1000000,Điện tử,Unknown,iOS
ZLP001908,2023-10-03,21.0,Other,Hồ Chí Minh,1,1,1,500000,Chăm sóc sức khỏe,Campaign,Android
ZLP001909,2023-10-03,20.0,Female,Đà Nẵng,2,1,1,2000000,Thời trang,Unknown,Android
ZLP001910,2024-04-30,28.0,Male,An Giang,3,1,1,3000000,Chăm sóc sức khỏe,Campaign,iOS
ZLP001911,2023-11-02,38.0,Male,Hồ Chí Minh,1,1,1,3000000,Thời trang,Organic,Android
ZLP001912,2024-01-01,41.0,Male,Đồng Nai,3,1,1,2000000,Chăm sóc sức khỏe,Organic,iOS
ZLP001913,2023-11-02,31.0,Female,Đà Nẵng,2,1,1,3000000,Giải trí,Unknown,Unknown
ZLP001914,2024-01-31,31.0,Female,Hà Nội,1,1,1,1000000,Điện & Nước,Organic,iOS
ZLP001915,2024-04-30,18.0,Female,Bình Dương,3,1,0,2000000,Thực phẩm & Ăn uống,Referral,Android
ZLP001916,2023-12-02,24.0,Female,Nghệ An,3,1,1,3000000,Viễn thông,Organic,iOS
ZLP001917,2024-03-01,23.0,Female,Hồ Chí Minh,1,1,1,3000000,Thực phẩm & Ăn uống,Social,Android
ZLP001918,2024-06-29,24.0,Male,Hồ Chí Minh,1,1,1,2000000,Thực phẩm & Ăn uống,Social,Android
ZLP001919,2023-07-05,26.0,Male,An Giang,3,1,1,2000000,Thời trang,Organic,Android
ZLP001920,2024-04-30,25.0,Female,Cần Thơ,2,1,1,5000000,Thực phẩm & Ăn uống,Referral,Android
ZLP001921,2023-12-02,18.0,Female,Hà Nội,1,1,1,2000000,Viễn thông,Social,iOS
ZLP001922,2023-10-03,32.0,Female,Đà Nẵng,2,1,1,2000000,Điện & Nước,Referral,Android
ZLP001923,2024-01-31,21.0,Female,Bình Dương,3,1,1,3000000,Điện & Nước,Campaign,Android
ZLP001924,2023-11-02,29.0,Female,Đồng Nai,3,1,1,1000000,Điện & Nước,Campaign,Android
ZLP001925,2024-06-29,40.0,Female,An Giang,3,0,1,2000000,Thực phẩm & Ăn uống,Social,iOS
ZLP001926,2023-04-06,22.0,Male,Hà Nội,1,1,1,5000000,Thực phẩm & Ăn uống,Organic,Android
ZLP001927,2023-07-05,18.0,Male,Hà Nội,1,1,1,1000000,Viễn thông,Campaign,Android
ZLP001928,2024-01-15,26.0,Female,Cần Thơ,2,1,1,1000000,Chăm sóc sức khỏe,Organic,Android
ZLP001929,2024-03-01,34.0,Female,Hà Nội,1,0,1,2000000,Điện tử,Campaign,Android
ZLP001930,2024-04-30,39.0,Male,Hồ Chí Minh,2,1,1,1000000,Thực phẩm & Ăn uống,Organic,Android
ZLP001931,2023-11-02,20.0,Male,Hà Nội,1,1,1,2000000,Chăm sóc sức khỏe,Campaign,Unknown
ZLP001932,2024-07-29,30.0,Male,Hồ Chí Minh,1,1,0,1000000,Giải trí,Campaign,iOS
ZLP001933,2024-09-27,25.0,Male,Hà Nội,1,1,1,2000000,Viễn thông,Organic,Android
ZLP001934,2024-01-15,27.0,Female,Bình Dương,3,1,0,2000000,Thực phẩm & Ăn uống,Organic,iOS
ZLP001935,2024-05-30,43.0,Male,Đồng Nai,3,1,1,2000000,Giải trí,Campaign,Android
ZLP001936,2024-01-15,18.0,Female,Hà Nội,1,1,1,2000000,Điện & Nước,Social,iOS
ZLP001937,2023-04-06,29.0,Male,Hồ Chí Minh,1,1,1,1000000,Điện & Nước,Campaign,Android
ZLP001938,2023-12-02,30.0,Female,Hà Nội,1,1,1,1000000,Thực phẩm & Ăn uống,Organic,Android
ZLP001939,2023-07-05,34.0,Male,Đồng Nai,3,1,1,2000000,Thực phẩm & Ăn uống,Organic,iOS
ZLP001940,2024-11-26,28.0,Female,Hà Nội,1,1,1,1000000,Điện & Nước,Social,iOS
ZLP001941,2023-11-02,29.0,Female,Bình Dương,3,0,1,3000000,Viễn thông,Unknown,Android
ZLP001942,2024-03-31,25.0,Female,Đà Nẵng,2,1,1,3000000,Thực phẩm & Ăn uống,Organic,Android
ZLP001943,2023-12-02,29.0,Male,Hồ Chí Minh,1,1,1,1000000,Chăm sóc sức khỏe,Referral,iOS
ZLP001944,2024-03-31,25.0,Male,Đồng Nai,3,1,1,500000,Điện tử,Organic,Android
ZLP001945,2023-11-02,31.0,Male,Hồ Chí Minh,1,1,1,500000,Du lịch & Vận chuyển,Organic,Android
ZLP001946,2024-05-30,25.0,Male,Đà Nẵng,2,1,1,2000000,Thực phẩm & Ăn uống,Organic,iOS
ZLP001947,2023-07-05,27.0,Female,Hồ Chí Minh,1,0,0,1000000,Viễn thông,Organic,Android
ZLP001948,2024-08-28,27.0,Female,Hồ Chí Minh,1,0,1,500000,Thực phẩm & Ăn uống,Referral,Android
ZLP001949,2024-07-29,34.0,Female,Đà Nẵng,2,1,1,1000000,Điện & Nước,Campaign,iOS
ZLP001950,2024-03-31,27.0,Female,Hà Nội,1,1,1,5000000,Viễn thông,Referral,Android
ZLP001951,2023-04-06,18.0,Male,Hồ Chí Minh,3,1,1,2000000,Viễn thông,Campaign,Android
ZLP001952,2023-11-02,35.0,Male,Bình Dương,3,1,1,3000000,Điện & Nước,Campaign,iOS
ZLP001953,2024-07-29,22.0,Male,Bình Dương,3,0,1,1000000,Thực phẩm & Ăn uống,Campaign,Android
ZLP001954,2023-07-05,24.0,Female,Hà Nội,1,1,1,500000,Du lịch & Vận chuyển,Unknown,Android
ZLP001955,2023-10-03,24.0,Female,Cần Thơ,2,1,1,500000,Điện & Nước,Organic,iOS
ZLP001956,2024-01-31,36.0,Male,Đà Nẵng,2,0,1,5000000,Thời trang,Referral,Android
ZLP001957,2023-11-02,18.0,Male,Hà Nội,1,1,1,1000000,Du lịch & Vận chuyển,Unknown,Unknown
ZLP001958,2023-11-02,46.0,Female,Đà Nẵng,2,1,1,2000000,Điện & Nước,Campaign,Android
ZLP001959,2024-01-31,34.0,Female,Nghệ An,3,1,1,2000000,Du lịch & Vận chuyển,Campaign,Android
ZLP001960,2023-12-18,29.0,Female,Hồ Chí Minh,1,0,1,3000000,Chăm sóc sức khỏe,Unknown,iOS
ZLP001961,2023-10-03,27.0,Male,An Giang,3,1,1,1000000,Viễn thông,Unknown,iOS
ZLP001962,2024-01-31,29.0,Male,Hồ Chí Minh,1,0,1,2000000,Du lịch & Vận chuyển,Unknown,iOS
ZLP001963,2023-12-18,31.0,Female,Hà Nội,1,0,1,5000000,Chăm sóc sức khỏe,Social,Android
ZLP001964,2024-04-30,31.0,Female,Hà Nội,1,1,1,2000000,Điện & Nước,Organic,Android
ZLP001965,2023-07-05,31.0,Female,Cần Thơ,2,1,1,2000000,Chăm sóc sức khỏe,Unknown,Android
ZLP001966,2024-03-01,28.0,Female,Hồ Chí Minh,1,1,1,2000000,Thời trang,Organic,Android
ZLP001967,2024-01-01,26.0,Female,Hải Phòng,2,1,1,3000000,Chăm sóc sức khỏe,Campaign,iOS
ZLP001968,2023-12-18,27.0,Male,Đồng Nai,3,1,1,1000000,Thời trang,Campaign,iOS
ZLP001969,2023-11-02,26.0,Male,Cần Thơ,2,0,1,1000000,Thực phẩm & Ăn uống,Social,iOS
ZLP001970,2023-01-01,34.0,Male,Hà Nội,1,1,1,3000000,Thời trang,Referral,Android
ZLP001971,2024-07-29,31.0,Male,Nghệ An,3,0,1,2000000,Thời trang,Social,Android
ZLP001972,2023-12-02,18.0,Female,Hải Phòng,2,1,1,5000000,Điện tử,Social,Android
ZLP001973,2024-03-31,31.0,Male,Hà Nội,1,1,1,2000000,Chăm sóc sức khỏe,Campaign,iOS
ZLP001974,2024-09-27,29.0,Female,Bình Dương,3,1,1,2000000,Điện tử,Social,iOS
ZLP001975,2024-01-31,27.0,Other,Đà Nẵng,2,1,1,500000,Giải trí,Organic,iOS
ZLP001976,2023-12-18,25.0,Male,Đà Nẵng,2,1,1,3000000,Chăm sóc sức khỏe,Campaign,iOS
ZLP001977,2023-11-02,34.0,Female,Hà Nội,1,1,1,2000000,Du lịch & Vận chuyển,Organic,iOS
ZLP001978,2024-09-27,33.0,Female,Hà Nội,1,1,1,2000000,Viễn thông,Unknown,iOS
ZLP001979,2024-03-31,23.0,Female,Hồ Chí Minh,1,1,1,1000000,Viễn thông,Unknown,iOS
ZLP001980,2024-03-31,30.0,Female,Hà Nội,1,1,1,5000000,Thực phẩm & Ăn uống,Organic,Android
ZLP001981,2023-12-18,22.0,Male,Bình Dương,3,1,1,1000000,Thực phẩm & Ăn uống,Campaign,iOS
ZLP001982,2024-07-29,19.0,Male,Nghệ An,3,0,1,1000000,Giải trí,Campaign,Android
ZLP001983,2024-04-30,24.0,Female,Nghệ An,3,1,0,5000000,Điện & Nước,Campaign,Android
ZLP001984,2023-12-02,33.0,Female,Đà Nẵng,2,1,1,3000000,Thực phẩm & Ăn uống,Unknown,iOS
ZLP001985,2024-03-01,33.0,Male,Cần Thơ,2,1,1,2000000,Điện & Nước,Organic,iOS
ZLP001986,2024-01-01,31.0,Female,Hồ Chí Minh,1,0,1,5000000,Chăm sóc sức khỏe,Organic,iOS
ZLP001987,2023-01-01,32.0,Male,Bình Dương,3,0,1,500000,Điện & Nước,Campaign,iOS
ZLP001988,2024-06-29,31.0,Other,Hồ Chí Minh,1,1,1,500000,Thực phẩm & Ăn uống,Organic,Android
ZLP001989,2023-10-03,24.0,Female,Hà Nội,1,1,1,2000000,Thực phẩm & Ăn uống,Referral,iOS
ZLP001990,2024-01-15,30.0,Male,Cần Thơ,2,1,1,1000000,Điện & Nước,Campaign,iOS
ZLP001991,2023-12-02,32.0,Female,Hà Nội,1,1,1,5000000,Thực phẩm & Ăn uống,Social,Android
ZLP001992,2023-12-02,32.0,Male,Hồ Chí Minh,1,1,1,3000000,Chăm sóc sức khỏe,Referral,Android
ZLP001993,2024-01-01,35.0,Male,Hải Phòng,2,1,1,1000000,Điện & Nước,Referral,Android
ZLP001994,2024-11-26,32.0,Male,Hà Nội,1,1,1,3000000,Giải trí,Organic,Android
ZLP001995,2023-12-18,30.0,Male,Hồ Chí Minh,1,1,0,500000,Điện & Nước,Organic,Android
ZLP001996,2023-10-03,34.0,Male,Hồ Chí Minh,1,1,0,2000000,Viễn thông,Unknown,iOS
ZLP001997,2024-03-01,27.0,Female,Hồ Chí Minh,1,1,1,5000000,Chăm sóc sức khỏe,Campaign,iOS
ZLP001998,2023-11-02,22.0,Female,Hồ Chí Minh,1,1,1,3000000,Thực phẩm & Ăn uống,Campaign,Android
ZLP001999,2023-07-05,27.0,Male,Đồng Nai,3,0,1,1000000,Thực phẩm & Ăn uống,Social,iOS
ZLP002000,2023-04-06,23.0,Female,Hà Nội,1,1,1,1000000,Viễn thông,Organic,Android
ZLP002001,2023-01-01,23.0,Female,Đồng Nai,3,0,1,1000000,Điện tử,Campaign,iOS
ZLP002002,2024-01-01,27.0,Female,Hồ Chí Minh,1,1,1,2000000,Điện & Nước,Organic,iOS
ZLP002003,2023-12-18,23.0,Female,Hà Nội,1,1,1,2000000,Chăm sóc sức khỏe,Campaign,iOS
ZLP002004,2023-10-03,26.0,Male,Bình Dương,3,1,1,500000,Thời trang,Organic,Android
ZLP002005,2024-05-30,18.0,Female,Cần Thơ,2,1,1,2000000,Thời trang,Organic,Android
ZLP002006,2023-10-03,29.0,Female,Cần Thơ,2,1,1,3000000,Du lịch & Vận chuyển,Campaign,iOS
ZLP002007,2024-08-28,28.0,Male,An Giang,3,1,1,2000000,Chăm sóc sức khỏe,Social,Android
ZLP002008,2024-03-01,23.0,Male,Hồ Chí Minh,1,1,1,1000000,Điện tử,Unknown,Android
ZLP002009,2023-01-01,31.0,Male,Hà Nội,1,0,1,5000000,Chăm sóc sức khỏe,Referral,Android
ZLP002010,2024-11-26,33.0,Male,Hải Phòng,2,1,1,1000000,Điện & Nước,Campaign,iOS
ZLP002011,2023-12-02,18.0,Male,Hồ Chí Minh,1,1,1,3000000,Điện tử,Social,Android
ZLP002012,2024-01-01,23.0,Female,Hồ Chí Minh,1,1,1,1000000,Viễn thông,Campaign,iOS
ZLP002013,2023-12-02,23.0,Male,Hồ Chí Minh,1,1,1,2000000,Viễn thông,Campaign,iOS
ZLP002014,2024-04-30,22.0,Female,Cần Thơ,2,1,1,2000000,Điện & Nước,Organic,iOS
ZLP002015,2024-01-15,32.0,Female,Hồ Chí Minh,1,1,1,2000000,Du lịch & Vận chuyển,Social,Android
ZLP002016,2023-10-03,26.0,Male,Hồ Chí Minh,1,0,1,2000000,Điện tử,Campaign,iOS
ZLP002017,2023-07-05,26.0,Male,Hà Nội,1,1,1,1000000,Điện & Nước,Unknown,Android
ZLP002018,2024-04-30,18.0,Male,Cần Thơ,2,1,1,2000000,Viễn thông,Social,Android
ZLP002019,2023-11-02,31.0,Male,Hồ Chí Minh,1,1,1,2000000,Thực phẩm & Ăn uống,Campaign,Android
ZLP002020,2023-10-03,20.0,Male,Hà Nội,1,1,1,1000000,Thực phẩm & Ăn uống,Referral,Android
ZLP002021,2024-01-15,27.0,Female,Cần Thơ,2,1,1,5000000,Thời trang,Campaign,iOS
ZLP002022,2024-06-29,29.0,Female,Nghệ An,3,1,1,3000000,Thực phẩm & Ăn uống,Organic,Android
ZLP002023,2023-12-02,36.0,Female,Cần Thơ,2,1,1,3000000,Thời trang,Campaign,iOS
ZLP002024,2023-12-02,20.0,Male,Đồng Nai,3,1,1,2000000,Du lịch & Vận chuyển,Social,iOS
ZLP002025,2024-06-29,18.0,Male,Hà Nội,1,1,1,1000000,Thực phẩm & Ăn uống,Social,Android
ZLP002026,2023-10-03,29.0,Female,Hồ Chí Minh,1,1,1,2000000,Du lịch & Vận chuyển,Campaign,Android
ZLP002027,2024-03-01,38.0,Female,Hà Nội,1,1,1,3000000,Viễn thông,Campaign,iOS
ZLP002028,2024-09-27,35.0,Female,Đồng Nai,3,1,1,500000,Điện & Nước,Organic,Android
ZLP002029,2024-07-29,27.0,Female,Hà Nội,1,1,1,2000000,Viễn thông,Campaign,Android
ZLP002030,2023-04-06,27.0,Male,Hải Phòng,2,1,1,2000000,Viễn thông,Unknown,Android
ZLP002031,2023-12-02,32.0,Male,Thanh Hóa,3,1,1,1000000,Giải trí,Referral,Android
ZLP002032,2023-10-03,22.0,Female,Hồ Chí Minh,1,1,1,1000000,Thực phẩm & Ăn uống,Referral,Android
ZLP002033,2024-09-27,27.0,Male,Hồ Chí Minh,1,1,1,5000000,Điện tử,Social,Android
ZLP002034,2024-11-26,31.0,Other,Hồ Chí Minh,1,1,1,3000000,Điện tử,Referral,iOS
ZLP002035,2023-11-02,34.0,Female,Hà Nội,1,1,1,1000000,Thực phẩm & Ăn uống,Unknown,iOS
ZLP002036,2024-03-31,44.0,Female,Hồ Chí Minh,1,1,1,2000000,Viễn thông,Campaign,Android
ZLP002037,2024-07-29,30.0,Male,Hải Phòng,2,0,1,1000000,Thực phẩm & Ăn uống,Campaign,Android
ZLP002038,2023-11-02,24.0,Female,Hồ Chí Minh,1,1,1,2000000,Thực phẩm & Ăn uống,Unknown,Android
ZLP002039,2023-10-03,27.0,Female,Hà Nội,1,1,1,3000000,Giải trí,Campaign,Android
ZLP002040,2023-01-01,18.0,Male,Hồ Chí Minh,1,1,1,2000000,Thời trang,Social,Android
ZLP002041,2023-12-18,23.0,Male,Nghệ An,3,1,1,3000000,Giải trí,Social,Android
ZLP002042,2024-08-28,27.0,Female,Cần Thơ,2,1,1,2000000,Thời trang,Social,iOS
ZLP002043,2024-08-28,24.0,Female,An Giang,3,0,1,2000000,Điện & Nước,Organic,iOS
ZLP002044,2023-10-03,28.0,Male,Thanh Hóa,3,1,1,2000000,Thực phẩm & Ăn uống,Organic,Android
ZLP002045,2023-11-02,23.0,Male,Hà Nội,1,1,1,3000000,Chăm sóc sức khỏe,Campaign,Android
ZLP002046,2023-12-18,34.0,Female,Hồ Chí Minh,1,1,1,2000000,Thực phẩm & Ăn uống,Social,Android
ZLP002047,2024-05-30,28.0,Female,Hồ Chí Minh,1,1,1,5000000,Điện & Nước,Social,iOS
ZLP002048,2024-03-01,27.0,Female,Hồ Chí Minh,1,1,1,3000000,Điện & Nước,Organic,Android
ZLP002049,2024-01-15,26.0,Female,Bình Dương,3,1,1,3000000,Viễn thông,Campaign,Android
ZLP002050,2024-03-01,28.0,Female,Hồ Chí Minh,1,0,1,3000000,Thời trang,Unknown,iOS
ZLP002051,2023-07-05,32.0,Female,Hồ Chí Minh,1,1,1,1000000,Chăm sóc sức khỏe,Organic,iOS
ZLP002052,2024-01-01,22.0,Male,Cần Thơ,2,1,1,2000000,Thời trang,Unknown,Android
ZLP002053,2024-11-26,24.0,Female,Cần Thơ,2,1,1,2000000,Điện tử,Campaign,iOS
ZLP002054,2023-07-05,26.0,Female,Cần Thơ,2,0,1,2000000,Thời trang,Unknown,iOS
ZLP002055,2024-01-15,19.0,Male,Hà Nội,1,1,1,3000000,Thực phẩm & Ăn uống,Campaign,Android
ZLP002056,2023-12-02,23.0,Male,Đồng Nai,3,1,1,500000,Viễn thông,Campaign,Android
ZLP002057,2024-01-31,25.0,Female,Đà Nẵng,2,1,1,1000000,Du lịch & Vận chuyển,Campaign,Unknown
ZLP002058,2024-01-31,33.0,Male,Hồ Chí Minh,1,1,1,3000000,Viễn thông,Social,iOS
ZLP002059,2024-01-31,29.0,Male,Đồng Nai,3,1,1,500000,Viễn thông,Campaign,Android
ZLP002060,2024-07-29,29.0,Female,Nghệ An,3,1,1,1000000,Viễn thông,Unknown,Android
ZLP002061,2023-12-18,33.0,Male,Hồ Chí Minh,1,1,1,1000000,Điện & Nước,Campaign,Android
ZLP002062,2024-01-15,27.0,Female,Hà Nội,1,0,0,3000000,Thực phẩm & Ăn uống,Unknown,iOS
ZLP002063,2023-01-01,30.0,Male,Hà Nội,1,1,1,2000000,Viễn thông,Organic,Android
ZLP002064,2024-06-29,27.0,Female,Hồ Chí Minh,1,1,0,5000000,Thực phẩm & Ăn uống,Campaign,Android
ZLP002065,2023-11-02,29.0,Female,Hải Phòng,2,1,1,1000000,Thực phẩm & Ăn uống,Organic,Android
ZLP002066,2024-06-29,24.0,Male,Hà Nội,1,1,1,3000000,Thực phẩm & Ăn uống,Campaign,Unknown
ZLP002067,2023-11-02,18.0,Female,Đồng Nai,3,1,1,1000000,Viễn thông,Campaign,iOS
ZLP002068,2023-01-01,27.0,Female,Cần Thơ,2,1,1,1000000,Chăm sóc sức khỏe,Organic,Android
ZLP002069,2023-10-03,36.0,Male,Đà Nẵng,2,1,1,2000000,Thời trang,Social,Android
ZLP002070,2024-11-26,33.0,Male,Hồ Chí Minh,1,0,1,500000,Viễn thông,Campaign,Android
ZLP002071,2023-12-02,33.0,Female,Hồ Chí Minh,1,0,1,2000000,Du lịch & Vận chuyển,Campaign,Android
ZLP002072,2023-07-05,35.0,Female,Hồ Chí Minh,1,1,1,1000000,Điện & Nước,Campaign,iOS
ZLP002073,2023-07-05,28.0,Other,Hồ Chí Minh,1,1,1,1000000,Điện tử,Campaign,iOS
ZLP002074,2023-12-02,29.0,Other,Hà Nội,1,1,1,3000000,Điện tử,Organic,Android
ZLP002075,2023-04-06,24.0,Female,Hải Phòng,2,1,1,2000000,Điện & Nước,Social,iOS
ZLP002076,2024-01-15,26.0,Male,Hà Nội,1,1,1,5000000,Du lịch & Vận chuyển,Campaign,iOS
ZLP002077,2023-11-02,31.0,Female,Bình Dương,3,1,1,3000000,Viễn thông,Referral,Android
ZLP002078,2024-01-15,35.0,Female,Hà Nội,1,1,1,1000000,Điện tử,Organic,iOS
ZLP002079,2023-10-03,27.0,Male,Đồng Nai,3,1,1,2000000,Viễn thông,Campaign,iOS
ZLP002080,2024-01-01,25.0,Male,Thanh Hóa,3,1,1,2000000,Thực phẩm & Ăn uống,Unknown,Android
ZLP002081,2024-03-01,28.0,Male,Hồ Chí Minh,1,1,1,3000000,Giải trí,Unknown,iOS
ZLP002082,2023-04-06,31.0,Male,Hải Phòng,2,1,1,3000000,Thời trang,Unknown,Android
ZLP002083,2023-12-18,19.0,Male,Cần Thơ,2,1,1,2000000,Viễn thông,Organic,iOS
ZLP002084,2023-12-02,18.0,Female,Đồng Nai,3,1,1,500000,Thực phẩm & Ăn uống,Unknown,Android
ZLP002085,2023-11-02,24.0,Female,Cần Thơ,2,1,1,2000000,Điện tử,Organic,iOS
ZLP002086,2024-03-01,20.0,Female,Hà Nội,1,0,1,3000000,Thực phẩm & Ăn uống,Unknown,Android
ZLP002087,2024-03-01,24.0,Male,Hồ Chí Minh,1,1,1,3000000,Du lịch & Vận chuyển,Organic,Android
ZLP002088,2024-03-01,27.0,Male,Hồ Chí Minh,1,0,1,3000000,Chăm sóc sức khỏe,Campaign,iOS
ZLP002089,2023-10-03,25.0,Female,Đà Nẵng,2,1,1,2000000,Điện & Nước,Unknown,iOS
ZLP002090,2023-12-02,36.0,Male,Thanh Hóa,3,0,1,500000,Chăm sóc sức khỏe,Organic,Android
ZLP002091,2023-11-02,29.0,Female,Bình Dương,3,1,1,5000000,Giải trí,Campaign,Android
ZLP002092,2024-01-31,29.0,Female,Hà Nội,1,1,1,5000000,Viễn thông,Referral,Android
ZLP002093,2024-01-01,31.0,Male,Đồng Nai,3,1,1,1000000,Viễn thông,Referral,Android
ZLP002094,2023-12-02,21.0,Male,Đồng Nai,3,1,1,1000000,Điện & Nước,Campaign,iOS
ZLP002095,2024-06-29,34.0,Female,Hà Nội,1,1,1,2000000,Điện & Nước,Social,Android
ZLP002096,2023-07-05,27.0,Female,Hồ Chí Minh,1,1,1,3000000,Giải trí,Referral,Android
ZLP002097,2024-11-26,32.0,Female,Hồ Chí Minh,1,0,1,2000000,Thực phẩm & Ăn uống,Organic,iOS
ZLP002098,2023-07-05,21.0,Female,Hải Phòng,2,1,1,1000000,Thực phẩm & Ăn uống,Campaign,iOS
ZLP002099,2024-05-30,18.0,Male,Hải Phòng,2,1,1,2000000,Viễn thông,Organic,iOS
ZLP002100,2023-12-18,32.0,Other,Hà Nội,1,1,1,1000000,Điện & Nước,Organic,Android
ZLP002101,2024-07-29,30.0,Female,Hà Nội,1,1,1,1000000,Thực phẩm & Ăn uống,Referral,iOS
ZLP002102,2023-07-05,22.0,Male,Đồng Nai,3,1,1,2000000,Điện tử,Campaign,Android
ZLP002103,2023-12-18,22.0,Female,Nghệ An,3,1,1,3000000,Thời trang,Referral,Android
ZLP002104,2023-12-02,34.0,Female,Hồ Chí Minh,3,1,1,2000000,Điện & Nước,Referral,Android
ZLP002105,2024-11-26,20.0,Male,Cần Thơ,2,0,1,2000000,Chăm sóc sức khỏe,Organic,iOS
ZLP002106,2024-11-26,37.0,Male,Hồ Chí Minh,1,1,1,2000000,Du lịch & Vận chuyển,Campaign,Android
ZLP002107,2023-10-03,22.0,Male,Đà Nẵng,2,1,1,2000000,Thực phẩm & Ăn uống,Unknown,Android
ZLP002108,2024-03-01,31.0,Male,Hồ Chí Minh,1,1,1,1000000,Thực phẩm & Ăn uống,Organic,iOS
ZLP002109,2024-01-31,26.0,Male,Đồng Nai,3,1,1,1000000,Viễn thông,Social,Android
ZLP002110,2023-10-03,31.0,Female,Hà Nội,1,1,1,1000000,Viễn thông,Campaign,Android
ZLP002111,2023-10-03,24.0,Female,Hải Phòng,2,1,1,5000000,Thời trang,Referral,Unknown
ZLP002112,2024-11-26,27.0,Female,Hà Nội,1,1,1,3000000,Chăm sóc sức khỏe,Unknown,Android
ZLP002113,2024-01-01,28.0,Female,Đồng Nai,3,1,1,2000000,Thực phẩm & Ăn uống,Unknown,iOS
ZLP002114,2023-10-03,21.0,Female,Hà Nội,1,1,1,5000000,Thực phẩm & Ăn uống,Organic,iOS
ZLP002115,2023-11-02,32.0,Female,Hà Nội,1,0,1,3000000,Thực phẩm & Ăn uống,Organic,Android
ZLP002116,2023-11-02,24.0,Female,Cần Thơ,2,1,1,5000000,Điện & Nước,Organic,Android
ZLP002117,2024-01-15,26.0,Male,Hồ Chí Minh,1,1,1,1000000,Du lịch & Vận chuyển,Social,Android
ZLP002118,2023-12-02,27.0,Female,Nghệ An,3,1,1,3000000,Điện tử,Organic,Android
ZLP002119,2024-01-01,18.0,Female,Đà Nẵng,2,1,1,2000000,Thực phẩm & Ăn uống,Organic,Android
ZLP002120,2023-10-03,26.0,Female,Đà Nẵng,2,1,1,3000000,Điện & Nước,Referral,iOS
ZLP002121,2023-12-02,42.0,Other,Hải Phòng,2,1,1,1000000,Chăm sóc sức khỏe,Campaign,iOS
ZLP002122,2023-04-06,32.0,Male,Hải Phòng,2,1,1,2000000,Thực phẩm & Ăn uống,Referral,Android
ZLP002123,2024-08-28,27.0,Female,Đà Nẵng,2,0,1,2000000,Chăm sóc sức khỏe,Campaign,Android
ZLP002124,2023-11-02,26.0,Male,An Giang,3,1,1,3000000,Điện & Nước,Campaign,iOS
ZLP002125,2024-05-30,28.0,Female,Hồ Chí Minh,1,1,1,3000000,Viễn thông,Campaign,iOS
ZLP002126,2023-12-02,31.0,Male,Hồ Chí Minh,1,1,1,1000000,Thời trang,Campaign,Android
ZLP002127,2024-01-01,20.0,Male,Đà Nẵng,2,1,1,1000000,Thực phẩm & Ăn uống,Social,Android
ZLP002128,2023-12-02,34.0,Male,Hà Nội,1,1,1,3000000,Viễn thông,Organic,iOS
ZLP002129,2024-04-30,32.0,Female,Hà Nội,1,1,1,2000000,Viễn thông,Organic,Android
ZLP002130,2024-07-29,32.0,Male,Hà Nội,1,1,0,2000000,Viễn thông,Campaign,Android
ZLP002131,2023-12-02,27.0,Female,Hà Nội,1,1,1,3000000,Điện tử,Organic,Android
ZLP002132,2023-11-02,28.0,Male,Đồng Nai,3,0,1,3000000,Viễn thông,Referral,Android
ZLP002133,2024-03-31,32.0,Female,Đà Nẵng,2,1,1,1000000,Thời trang,Campaign,Android
ZLP002134,2023-11-02,31.0,Female,Thanh Hóa,3,1,1,2000000,Thực phẩm & Ăn uống,Organic,iOS
ZLP002135,2024-03-31,25.0,Male,Đồng Nai,3,1,1,3000000,Điện tử,Campaign,iOS
ZLP002136,2023-07-05,24.0,Male,Hồ Chí Minh,1,1,1,3000000,Viễn thông,Organic,Android
ZLP002137,2024-03-01,28.0,Female,Hồ Chí Minh,1,1,0,1000000,Viễn thông,Organic,Android
ZLP002138,2024-01-15,37.0,Female,Hà Nội,1,1,0,1000000,Thực phẩm & Ăn uống,Campaign,Android
ZLP002139,2023-07-05,20.0,Female,Hải Phòng,2,1,1,1000000,Điện & Nước,Social,Android
ZLP002140,2024-03-31,19.0,Male,Hồ Chí Minh,1,1,1,5000000,Thực phẩm & Ăn uống,Campaign,Android
ZLP002141,2024-01-01,28.0,Female,Hồ Chí Minh,1,1,1,2000000,Thực phẩm & Ăn uống,Campaign,Android
ZLP002142,2023-11-02,28.0,Other,An Giang,3,1,1,2000000,Giải trí,Social,Android
ZLP002143,2023-12-02,29.0,Male,Cần Thơ,2,1,1,500000,Thời trang,Organic,iOS
ZLP002144,2024-01-15,29.0,Male,Hồ Chí Minh,1,1,1,500000,Điện & Nước,Campaign,iOS
ZLP002145,2023-07-05,26.0,Male,Hồ Chí Minh,1,1,1,2000000,Thực phẩm & Ăn uống,Campaign,Android
ZLP002146,2024-09-27,36.0,Female,Hải Phòng,2,1,1,2000000,Du lịch & Vận chuyển,Referral,Android
ZLP002147,2024-03-31,18.0,Female,An Giang,3,1,1,2000000,Chăm sóc sức khỏe,Unknown,Android
ZLP002148,2023-07-05,23.0,Male,Hồ Chí Minh,1,1,1,1000000,Giải trí,Campaign,Android
ZLP002149,2024-06-29,27.0,Male,Hà Nội,1,0,1,1000000,Du lịch & Vận chuyển,Campaign,iOS
ZLP002150,2023-12-02,18.0,Male,Hải Phòng,2,1,1,3000000,Điện & Nước,Campaign,Android
ZLP002151,2024-03-01,26.0,Male,Đồng Nai,3,1,1,1000000,Điện & Nước,Campaign,Android
ZLP002152,2023-12-02,37.0,Male,Đồng Nai,3,1,0,3000000,Thời trang,Referral,Android
ZLP002153,2024-04-30,28.0,Other,Đà Nẵng,2,0,1,1000000,Điện tử,Campaign,Android
ZLP002154,2024-04-30,29.0,Male,An Giang,3,1,1,1000000,Điện & Nước,Organic,iOS
ZLP002155,2024-01-31,20.0,Male,Hà Nội,1,1,1,2000000,Điện & Nước,Organic,iOS
ZLP002156,2023-11-02,24.0,Female,Hồ Chí Minh,1,1,1,5000000,Giải trí,Social,Android
ZLP002157,2023-11-02,25.0,Female,Bình Dương,3,1,1,1000000,Giải trí,Unknown,Android
ZLP002158,2023-12-18,26.0,Female,Đà Nẵng,2,1,1,2000000,Điện & Nước,Social,Android
ZLP002159,2023-10-03,35.0,Male,Hải Phòng,2,1,1,2000000,Viễn thông,Unknown,iOS
ZLP002160,2023-12-02,31.0,Male,Hồ Chí Minh,1,1,1,1000000,Du lịch & Vận chuyển,Referral,Android
ZLP002161,2024-04-30,21.0,Female,Hải Phòng,2,1,1,1000000,Thực phẩm & Ăn uống,Referral,Android
ZLP002162,2024-06-29,29.0,Female,Hà Nội,1,1,1,5000000,Chăm sóc sức khỏe,Unknown,Android
ZLP002163,2023-12-02,30.0,Male,Cần Thơ,2,1,1,1000000,Thực phẩm & Ăn uống,Organic,Android
ZLP002164,2023-11-02,34.0,Female,Hồ Chí Minh,1,1,1,2000000,Điện tử,Unknown,iOS
ZLP002165,2024-06-29,37.0,Female,Cần Thơ,2,1,1,5000000,Thực phẩm & Ăn uống,Campaign,Android
ZLP002166,2024-08-28,21.0,Female,Bình Dương,3,1,1,1000000,Du lịch & Vận chuyển,Organic,iOS
ZLP002167,2023-12-18,23.0,Female,Hà Nội,1,1,1,2000000,Viễn thông,Organic,Android
ZLP002168,2023-01-01,20.0,Female,Hồ Chí Minh,1,1,1,1000000,Thực phẩm & Ăn uống,Social,iOS
ZLP002169,2024-04-30,26.0,Male,Đà Nẵng,2,1,1,1000000,Thực phẩm & Ăn uống,Unknown,Android
ZLP002170,2024-05-30,30.0,Female,Hải Phòng,2,0,1,1000000,Thời trang,Organic,Android
ZLP002171,2023-01-01,33.0,Female,Hà Nội,1,1,1,2000000,Viễn thông,Campaign,iOS
ZLP002172,2024-03-01,27.0,Female,Hồ Chí Minh,1,1,1,3000000,Thời trang,Social,iOS
ZLP002173,2024-03-01,26.0,Male,Hồ Chí Minh,1,1,1,2000000,Điện & Nước,Campaign,Android
ZLP002174,2023-12-18,28.0,Male,Nghệ An,3,1,1,5000000,Du lịch & Vận chuyển,Social,Android
ZLP002175,2024-05-30,22.0,Female,Hà Nội,1,1,1,1000000,Điện & Nước,Social,Android
ZLP002176,2023-12-18,40.0,Male,Hồ Chí Minh,1,1,1,1000000,Chăm sóc sức khỏe,Social,iOS
ZLP002177,2024-03-31,18.0,Male,Đồng Nai,3,1,1,1000000,Điện tử,Referral,Android
ZLP002178,2024-01-15,29.0,Male,Bình Dương,3,1,1,1000000,Thực phẩm & Ăn uống,Referral,Android
ZLP002179,2023-11-02,40.0,Male,Hồ Chí Minh,1,1,1,1000000,Viễn thông,Organic,Unknown
ZLP002180,2024-03-01,28.0,Female,Thanh Hóa,3,0,1,2000000,Giải trí,Organic,iOS
ZLP002181,2024-05-30,26.0,Male,Cần Thơ,2,1,1,3000000,Viễn thông,Campaign,Android
ZLP002182,2024-11-26,25.0,Female,Đà Nẵng,2,1,1,5000000,Điện tử,Unknown,Android
ZLP002183,2023-12-18,26.0,Male,Hà Nội,1,1,1,1000000,Viễn thông,Unknown,Android
ZLP002184,2023-04-06,36.0,Female,An Giang,3,1,1,3000000,Du lịch & Vận chuyển,Organic,iOS
ZLP002185,2024-11-26,18.0,Female,Hồ Chí Minh,1,1,0,3000000,Điện tử,Organic,iOS
ZLP002186,2024-03-01,37.0,Female,Hà Nội,1,0,1,2000000,Du lịch & Vận chuyển,Social,Android
ZLP002187,2024-09-27,19.0,Female,Hồ Chí Minh,1,1,1,1000000,Du lịch & Vận chuyển,Referral,Android
ZLP002188,2023-07-05,26.0,Male,Bình Dương,3,1,1,5000000,Thời trang,Referral,Android
ZLP002189,2023-12-02,25.0,Female,Đà Nẵng,2,1,1,2000000,Điện & Nước,Campaign,Android
ZLP002190,2023-10-03,31.0,Male,Cần Thơ,2,1,1,5000000,Viễn thông,Campaign,iOS
ZLP002191,2024-06-29,18.0,Female,Hồ Chí Minh,1,1,1,2000000,Viễn thông,Campaign,Android
ZLP002192,2024-08-28,30.0,Other,Cần Thơ,2,1,1,2000000,Viễn thông,Campaign,iOS
ZLP002193,2024-01-15,40.0,Female,Đồng Nai,3,1,0,1000000,Thực phẩm & Ăn uống,Referral,iOS
ZLP002194,2023-10-03,19.0,Female,Hà Nội,1,1,1,5000000,Chăm sóc sức khỏe,Organic,iOS
ZLP002195,2023-10-03,29.0,Male,Đồng Nai,3,1,1,1000000,Điện & Nước,Organic,Android
ZLP002196,2024-03-01,24.0,Male,Hà Nội,1,1,1,500000,Viễn thông,Campaign,Android
ZLP002197,2024-01-15,30.0,Male,Bình Dương,3,1,1,2000000,Thời trang,Campaign,iOS
ZLP002198,2024-04-30,28.0,Female,Hồ Chí Minh,1,1,1,1000000,Chăm sóc sức khỏe,Unknown,Android
ZLP002199,2023-12-02,24.0,Female,Đà Nẵng,2,1,1,1000000,Viễn thông,Social,Unknown
ZLP002200,2023-12-18,30.0,Male,Nghệ An,3,0,1,2000000,Thực phẩm & Ăn uống,Campaign,Android
ZLP002201,2023-01-01,38.0,Female,Thanh Hóa,3,1,1,1000000,Thực phẩm & Ăn uống,Campaign,Android
ZLP002202,2024-03-01,27.0,Female,Hà Nội,1,1,1,2000000,Viễn thông,Unknown,iOS
ZLP002203,2023-12-18,32.0,Male,Hà Nội,1,1,1,500000,Điện tử,Social,iOS
ZLP002204,2024-09-27,20.0,Female,Hồ Chí Minh,1,1,1,2000000,Điện tử,Organic,Android
ZLP002205,2024-03-31,22.0,Male,Hải Phòng,2,1,1,1000000,Chăm sóc sức khỏe,Organic,Android
ZLP002206,2023-12-18,30.0,Female,Đà Nẵng,2,1,1,1000000,Du lịch & Vận chuyển,Organic,iOS
ZLP002207,2023-11-02,36.0,Female,Hồ Chí Minh,1,0,1,3000000,Du lịch & Vận chuyển,Referral,Android
ZLP002208,2024-08-28,30.0,Female,Hồ Chí Minh,1,1,1,1000000,Thời trang,Campaign,Android
ZLP002209,2023-01-01,26.0,Male,Nghệ An,3,1,1,1000000,Viễn thông,Campaign,Android
ZLP002210,2023-12-02,27.0,Male,Đà Nẵng,2,1,1,2000000,Viễn thông,Social,iOS
ZLP002211,2024-09-27,20.0,Female,Hà Nội,1,1,1,1000000,Thời trang,Social,iOS
ZLP002212,2024-03-31,31.0,Female,Hà Nội,1,1,1,1000000,Du lịch & Vận chuyển,Campaign,Android
ZLP002213,2024-01-31,33.0,Male,Hồ Chí Minh,1,1,1,2000000,Thời trang,Organic,Android
ZLP002214,2023-11-02,25.0,Male,Cần Thơ,2,1,1,3000000,Du lịch & Vận chuyển,Social,Android
ZLP002215,2024-06-29,27.0,Female,An Giang,3,1,1,3000000,Viễn thông,Campaign,iOS
ZLP002216,2023-11-02,29.0,Male,Hải Phòng,2,1,0,2000000,Điện & Nước,Social,iOS
ZLP002217,2023-11-02,25.0,Female,Hà Nội,1,0,1,2000000,Chăm sóc sức khỏe,Organic,Android
ZLP002218,2023-10-03,27.0,Female,Đồng Nai,3,1,1,3000000,Du lịch & Vận chuyển,Unknown,Android
ZLP002219,2023-10-03,40.0,Male,Hà Nội,1,1,1,1000000,Thực phẩm & Ăn uống,Campaign,Android
ZLP002220,2024-09-27,26.0,Male,Hồ Chí Minh,1,0,1,1000000,Điện & Nước,Organic,Android
ZLP002221,2024-03-01,25.0,Female,Thanh Hóa,3,0,1,2000000,Điện & Nước,Campaign,Android
ZLP002222,2024-03-31,24.0,Male,Hà Nội,1,1,1,2000000,Điện & Nước,Social,Unknown
ZLP002223,2024-09-27,32.0,Female,Hà Nội,1,1,1,3000000,Thực phẩm & Ăn uống,Campaign,Android
ZLP002224,2023-11-02,26.0,Male,Thanh Hóa,3,1,1,1000000,Viễn thông,Organic,iOS
ZLP002225,2023-01-01,24.0,Female,Hồ Chí Minh,1,0,1,1000000,Thực phẩm & Ăn uống,Campaign,Android
ZLP002226,2024-03-01,35.0,Male,Đồng Nai,3,1,1,3000000,Thực phẩm & Ăn uống,Social,Unknown
ZLP002227,2024-01-15,36.0,Female,Nghệ An,3,1,1,2000000,Thực phẩm & Ăn uống,Organic,Android
ZLP002228,2024-01-01,27.0,Male,Đà Nẵng,2,1,1,2000000,Thời trang,Organic,Android
ZLP002229,2023-04-06,18.0,Male,Hồ Chí Minh,1,1,1,1000000,Điện tử,Organic,Android
ZLP002230,2024-01-01,34.0,Female,Hà Nội,1,1,1,1000000,Thực phẩm & Ăn uống,Organic,iOS
ZLP002231,2023-12-02,23.0,Male,Hồ Chí Minh,1,1,1,500000,Thực phẩm & Ăn uống,Unknown,Android
ZLP002232,2023-11-02,32.0,Male,Hà Nội,1,1,0,2000000,Thực phẩm & Ăn uống,Campaign,iOS
ZLP002233,2023-11-02,18.0,Male,Đồng Nai,3,1,1,5000000,Điện & Nước,Referral,iOS
ZLP002234,2023-12-02,33.0,Male,Hà Nội,1,1,1,3000000,Viễn thông,Referral,Android
ZLP002235,2023-12-02,20.0,Female,Hà Nội,1,1,0,2000000,Viễn thông,Referral,Android
ZLP002236,2023-12-02,32.0,Female,Đà Nẵng,2,1,1,3000000,Viễn thông,Organic,Android
ZLP002237,2024-11-26,28.0,Male,Đà Nẵng,2,1,1,2000000,Điện tử,Referral,Android
ZLP002238,2024-09-27,22.0,Female,Hải Phòng,2,1,1,1000000,Giải trí,Campaign,Android
ZLP002239,2024-01-31,25.0,Female,Hà Nội,1,1,1,1000000,Du lịch & Vận chuyển,Social,Android
ZLP002240,2024-11-26,32.0,Female,Đồng Nai,3,1,1,2000000,Chăm sóc sức khỏe,Unknown,iOS
ZLP002241,2024-11-26,28.0,Male,Đà Nẵng,2,1,1,1000000,Điện tử,Organic,iOS
ZLP002242,2023-12-02,31.0,Female,Hà Nội,1,1,1,2000000,Giải trí,Unknown,Android
ZLP002243,2024-01-01,39.0,Female,Hồ Chí Minh,1,1,1,3000000,Điện tử,Organic,Android
ZLP002244,2024-09-27,18.0,Female,Hà Nội,1,1,1,1000000,Thực phẩm & Ăn uống,Unknown,Android
ZLP002245,2024-03-01,37.0,Male,Hồ Chí Minh,2,1,1,1000000,Thời trang,Referral,Android
ZLP002246,2023-11-02,28.0,Male,Hồ Chí Minh,1,1,1,1000000,Viễn thông,Referral,iOS
ZLP002247,2024-04-30,22.0,Female,An Giang,3,1,0,2000000,Điện & Nước,Referral,Android
ZLP002248,2023-11-02,27.0,Male,Đà Nẵng,2,1,1,1000000,Thực phẩm & Ăn uống,Organic,Android
ZLP002249,2023-12-02,26.0,Female,An Giang,3,1,1,2000000,Thực phẩm & Ăn uống,Unknown,iOS
ZLP002250,2023-11-02,33.0,Male,Hồ Chí Minh,1,1,1,1000000,Điện tử,Referral,Android
ZLP002251,2023-11-02,27.0,Female,Hà Nội,1,1,1,2000000,Chăm sóc sức khỏe,Organic,Android
ZLP002252,2023-01-01,37.0,Female,Hồ Chí Minh,1,1,1,1000000,Giải trí,Referral,Android
ZLP002253,2024-08-28,19.0,Female,Hồ Chí Minh,1,1,1,5000000,Thực phẩm & Ăn uống,Social,iOS
ZLP002254,2023-12-02,27.0,Female,Hải Phòng,2,1,1,2000000,Giải trí,Organic,iOS
ZLP002255,2023-07-05,20.0,Female,Hồ Chí Minh,1,1,1,3000000,Chăm sóc sức khỏe,Organic,iOS
ZLP002256,2023-07-05,30.0,Male,Hà Nội,1,1,1,3000000,Điện & Nước,Social,iOS
ZLP002257,2024-01-31,33.0,Female,Hồ Chí Minh,1,0,0,2000000,Thời trang,Organic,iOS
ZLP002258,2024-11-26,27.0,Male,Hà Nội,1,1,1,1000000,Thực phẩm & Ăn uống,Organic,Android
ZLP002259,2023-10-03,18.0,Female,Hải Phòng,2,1,1,2000000,Điện & Nước,Campaign,Android
ZLP002260,2023-07-05,29.0,Male,Cần Thơ,2,0,1,2000000,Thời trang,Referral,Android
ZLP002261,2024-01-01,30.0,Female,Bình Dương,3,1,0,2000000,Thời trang,Unknown,Android
ZLP002262,2024-01-31,30.0,Female,Hà Nội,1,1,1,500000,Viễn thông,Campaign,Android
ZLP002263,2023-12-02,35.0,Male,Nghệ An,3,1,1,500000,Du lịch & Vận chuyển,Unknown,Android
ZLP002264,2023-12-02,21.0,Male,Bình Dương,3,1,1,1000000,Thời trang,Campaign,Android
ZLP002265,2023-12-18,32.0,Other,Hà Nội,1,1,1,1000000,Điện & Nước,Referral,Android
ZLP002266,2023-12-02,35.0,Male,Hà Nội,1,1,1,5000000,Điện tử,Organic,iOS
ZLP002267,2024-08-28,18.0,Male,An Giang,3,1,0,1000000,Thực phẩm & Ăn uống,Campaign,Android
ZLP002268,2023-04-06,29.0,Male,Đà Nẵng,2,1,1,2000000,Thực phẩm & Ăn uống,Social,iOS
ZLP002269,2023-11-02,24.0,Female,Bình Dương,3,1,1,3000000,Chăm sóc sức khỏe,Campaign,iOS
ZLP002270,2024-06-29,27.0,Female,Hà Nội,1,0,1,3000000,Điện & Nước,Organic,iOS
ZLP002271,2024-06-29,30.0,Female,Hồ Chí Minh,1,1,1,2000000,Thực phẩm & Ăn uống,Campaign,iOS
ZLP002272,2023-07-05,25.0,Female,Bình Dương,3,1,1,1000000,Chăm sóc sức khỏe,Campaign,iOS
ZLP002273,2024-11-26,23.0,Male,Cần Thơ,2,0,1,1000000,Điện tử,Organic,Android
ZLP002274,2024-04-30,28.0,Female,Đà Nẵng,2,1,1,2000000,Điện & Nước,Unknown,iOS
ZLP002275,2023-11-02,21.0,Male,Cần Thơ,2,1,1,1000000,Chăm sóc sức khỏe,Referral,iOS
ZLP002276,2024-01-01,21.0,Male,Hồ Chí Minh,1,1,1,1000000,Giải trí,Campaign,Android
ZLP002277,2023-12-02,32.0,Male,Đồng Nai,3,1,1,1000000,Điện tử,Unknown,Android
ZLP002278,2023-10-03,21.0,Female,Nghệ An,3,1,1,5000000,Du lịch & Vận chuyển,Organic,Android
ZLP002279,2023-12-02,31.0,Female,An Giang,3,1,1,500000,Thực phẩm & Ăn uống,Social,Android
ZLP002280,2024-01-31,30.0,Male,Hà Nội,1,0,1,2000000,Thực phẩm & Ăn uống,Organic,Android
ZLP002281,2024-06-29,18.0,Female,Hà Nội,1,1,0,5000000,Viễn thông,Organic,iOS
ZLP002282,2023-12-18,23.0,Male,Đồng Nai,3,1,1,2000000,Điện tử,Campaign,iOS
ZLP002283,2023-12-02,35.0,Male,Đà Nẵng,2,1,1,1000000,Giải trí,Referral,iOS
ZLP002284,2024-01-01,22.0,Male,Đà Nẵng,2,1,1,1000000,Du lịch & Vận chuyển,Referral,Android
ZLP002285,2024-03-31,25.0,Female,An Giang,3,1,1,5000000,Điện & Nước,Organic,Unknown
ZLP002286,2024-05-30,30.0,Female,Đà Nẵng,2,1,1,500000,Thời trang,Organic,Android
ZLP002287,2023-12-02,32.0,Female,Đà Nẵng,2,1,1,2000000,Giải trí,Referral,Android
ZLP002288,2024-03-01,26.0,Female,Hồ Chí Minh,1,1,1,3000000,Viễn thông,Social,iOS
ZLP002289,2023-12-18,24.0,Male,Hồ Chí Minh,1,1,0,500000,Thời trang,Referral,iOS
ZLP002290,2024-04-30,36.0,Female,Hồ Chí Minh,1,1,1,3000000,Du lịch & Vận chuyển,Organic,iOS
ZLP002291,2023-10-03,38.0,Other,An Giang,3,1,1,5000000,Du lịch & Vận chuyển,Campaign,Android
ZLP002292,2023-11-02,33.0,Female,Hà Nội,1,1,1,2000000,Viễn thông,Referral,Android
ZLP002293,2023-12-18,28.0,Female,Hà Nội,1,1,1,2000000,Điện & Nước,Organic,Android
ZLP002294,2024-08-28,27.0,Female,Hải Phòng,2,0,1,3000000,Thời trang,Campaign,iOS
ZLP002295,2024-01-31,23.0,Male,Cần Thơ,2,1,1,2000000,Giải trí,Campaign,Android
ZLP002296,2024-11-26,31.0,Female,Cần Thơ,2,1,1,3000000,Thực phẩm & Ăn uống,Unknown,Android
ZLP002297,2023-07-05,30.0,Female,Hà Nội,1,1,1,2000000,Thực phẩm & Ăn uống,Referral,Android
ZLP002298,2024-01-01,36.0,Male,Hải Phòng,2,1,0,500000,Chăm sóc sức khỏe,Referral,iOS
ZLP002299,2023-12-18,31.0,Male,Hồ Chí Minh,1,1,1,1000000,Thực phẩm & Ăn uống,Unknown,Android
ZLP002300,2024-03-01,18.0,Male,Hồ Chí Minh,1,0,1,500000,Điện tử,Campaign,iOS
ZLP002301,2024-06-29,27.0,Female,Hồ Chí Minh,1,1,1,1000000,Thực phẩm & Ăn uống,Campaign,Android
ZLP002302,2024-07-29,22.0,Female,Hồ Chí Minh,1,1,1,500000,Thực phẩm & Ăn uống,Organic,iOS
ZLP002303,2024-03-31,25.0,Female,Hà Nội,1,1,1,2000000,Viễn thông,Campaign,Android
ZLP002304,2024-03-31,29.0,Male,Cần Thơ,2,1,0,1000000,Điện & Nước,Organic,iOS
ZLP002305,2024-09-27,39.0,Male,Hồ Chí Minh,1,1,1,3000000,Du lịch & Vận chuyển,Organic,Android
ZLP002306,2023-12-18,46.0,Male,Cần Thơ,2,1,1,3000000,Viễn thông,Organic,iOS
ZLP002307,2024-06-29,31.0,Female,Hồ Chí Minh,1,1,1,2000000,Điện & Nước,Referral,Android
ZLP002308,2024-09-27,26.0,Other,Hồ Chí Minh,1,1,1,2000000,Thời trang,Campaign,iOS
ZLP002309,2024-01-15,31.0,Female,Đà Nẵng,2,0,1,1000000,Thời trang,Social,Android
ZLP002310,2024-04-30,33.0,Male,An Giang,3,1,0,2000000,Thời trang,Campaign,Android
ZLP002311,2023-12-18,26.0,Female,Hải Phòng,2,1,0,2000000,Thực phẩm & Ăn uống,Campaign,Android
ZLP002312,2023-10-03,38.0,Female,Nghệ An,3,1,1,3000000,Điện & Nước,Organic,iOS
ZLP002313,2024-03-01,29.0,Male,Cần Thơ,2,1,1,500000,Điện & Nước,Referral,Android
ZLP002314,2023-11-02,30.0,Female,Cần Thơ,2,1,1,3000000,Điện & Nước,Organic,Android
ZLP002315,2024-01-01,31.0,Male,Cần Thơ,2,1,1,3000000,Giải trí,Campaign,Android
ZLP002316,2024-07-29,30.0,Male,Cần Thơ,2,0,1,2000000,Thời trang,Organic,iOS
ZLP002317,2023-07-05,33.0,Male,Hồ Chí Minh,1,1,1,1000000,Thực phẩm & Ăn uống,Social,Android
ZLP002318,2023-01-01,27.0,Male,Đà Nẵng,2,1,1,2000000,Thực phẩm & Ăn uống,Referral,Android
ZLP002319,2024-03-01,24.0,Male,Hà Nội,1,1,1,2000000,Điện tử,Referral,Android
ZLP002320,2023-12-02,21.0,Male,Hà Nội,1,1,1,2000000,Thực phẩm & Ăn uống,Organic,Android
ZLP002321,2023-12-18,30.0,Male,Đà Nẵng,2,1,0,2000000,Chăm sóc sức khỏe,Referral,Android
ZLP002322,2023-12-18,32.0,Female,Hồ Chí Minh,1,1,1,1000000,Viễn thông,Referral,iOS
ZLP002323,2023-07-05,27.0,Other,Hà Nội,1,1,1,1000000,Thực phẩm & Ăn uống,Organic,Android
ZLP002324,2023-01-01,27.0,Female,Hồ Chí Minh,1,1,1,500000,Du lịch & Vận chuyển,Campaign,Android
ZLP002325,2024-08-28,27.0,Male,Thanh Hóa,3,1,1,1000000,Viễn thông,Organic,Unknown
ZLP002326,2023-11-02,32.0,Male,Hồ Chí Minh,1,0,1,1000000,Điện tử,Referral,iOS
ZLP002327,2023-12-18,21.0,Male,Hồ Chí Minh,1,0,1,1000000,Thực phẩm & Ăn uống,Organic,Android
ZLP002328,2024-11-26,25.0,Male,An Giang,3,1,1,1000000,Thực phẩm & Ăn uống,Organic,Android
ZLP002329,2024-06-29,32.0,Female,Hà Nội,1,1,1,3000000,Điện & Nước,Organic,iOS
ZLP002330,2023-07-05,33.0,Female,Hồ Chí Minh,1,1,1,3000000,Điện & Nước,Campaign,Android
ZLP002331,2024-01-15,26.0,Female,Hồ Chí Minh,1,1,1,1000000,Điện & Nước,Organic,iOS
ZLP002332,2024-04-30,27.0,Female,Hồ Chí Minh,1,1,1,1000000,Chăm sóc sức khỏe,Social,Unknown
ZLP002333,2024-04-30,18.0,Male,Hồ Chí Minh,1,1,1,3000000,Giải trí,Unknown,Android
ZLP002334,2024-05-30,25.0,Male,Hồ Chí Minh,1,1,1,2000000,Điện & Nước,Organic,Android
ZLP002335,2024-01-01,33.0,Female,Hà Nội,1,1,1,1000000,Điện & Nước,Referral,iOS
ZLP002336,2023-10-03,31.0,Male,Đồng Nai,3,0,1,3000000,Thời trang,Unknown,iOS
ZLP002337,2024-01-01,31.0,Male,Đà Nẵng,2,1,1,1000000,Thực phẩm & Ăn uống,Unknown,iOS
ZLP002338,2024-03-31,28.0,Male,Cần Thơ,2,1,1,2000000,Điện tử,Organic,Android
ZLP002339,2024-03-01,28.0,Male,Hồ Chí Minh,1,1,1,5000000,Điện tử,Organic,iOS
ZLP002340,2023-04-06,24.0,Male,Hà Nội,1,1,1,1000000,Chăm sóc sức khỏe,Campaign,iOS
ZLP002341,2023-04-06,32.0,Female,Hải Phòng,2,1,1,5000000,Điện & Nước,Organic,Android
ZLP002342,2024-11-26,30.0,Female,Hồ Chí Minh,1,0,1,1000000,Điện & Nước,Campaign,Android
ZLP002343,2023-10-03,30.0,Male,Hải Phòng,2,1,1,2000000,Du lịch & Vận chuyển,Campaign,Android
ZLP002344,2023-12-02,24.0,Male,Hà Nội,1,0,1,2000000,Thực phẩm & Ăn uống,Referral,Android
ZLP002345,2024-05-30,18.0,Female,Hải Phòng,2,1,1,3000000,Giải trí,Unknown,Unknown
ZLP002346,2023-12-18,34.0,Male,Hà Nội,1,1,1,500000,Thời trang,Organic,Android
ZLP002347,2023-10-03,27.0,Male,Hà Nội,1,1,1,2000000,Thực phẩm & Ăn uống,Referral,Android
ZLP002348,2024-01-01,27.0,Male,Bình Dương,3,0,1,3000000,Thời trang,Campaign,Android
ZLP002349,2024-01-31,32.0,Male,Đồng Nai,3,0,1,2000000,Điện & Nước,Campaign,Android
ZLP002350,2024-01-01,25.0,Female,Hồ Chí Minh,1,1,0,1000000,Viễn thông,Referral,iOS
ZLP002351,2024-09-27,34.0,Female,Thanh Hóa,3,1,1,1000000,Du lịch & Vận chuyển,Unknown,Android
ZLP002352,2023-12-02,31.0,Male,Hồ Chí Minh,1,1,1,2000000,Viễn thông,Social,Android
ZLP002353,2024-03-31,32.0,Male,Hồ Chí Minh,1,1,1,3000000,Viễn thông,Referral,iOS
ZLP002354,2023-07-05,19.0,Male,Đà Nẵng,2,1,1,2000000,Thực phẩm & Ăn uống,Campaign,Android
ZLP002355,2023-12-18,35.0,Male,Bình Dương,3,1,1,2000000,Thời trang,Campaign,Android
ZLP002356,2024-05-30,29.0,Other,Nghệ An,3,0,1,1000000,Điện & Nước,Social,iOS
ZLP002357,2023-11-02,25.0,Female,Hà Nội,1,1,1,2000000,Thực phẩm & Ăn uống,Organic,Android
ZLP002358,2024-03-01,28.0,Female,Hồ Chí Minh,1,1,1,1000000,Thực phẩm & Ăn uống,Referral,Android
ZLP002359,2023-10-03,18.0,Female,Cần Thơ,2,1,1,2000000,Chăm sóc sức khỏe,Unknown,Android
ZLP002360,2023-07-05,30.0,Female,Hà Nội,1,1,1,5000000,Chăm sóc sức khỏe,Referral,Android
ZLP002361,2024-01-15,21.0,Female,Hà Nội,1,0,1,3000000,Du lịch & Vận chuyển,Organic,Android
ZLP002362,2024-03-31,19.0,Male,Hà Nội,1,1,1,1000000,Chăm sóc sức khỏe,Referral,Android
ZLP002363,2023-07-05,18.0,Male,Hồ Chí Minh,1,0,1,2000000,Chăm sóc sức khỏe,Referral,iOS
ZLP002364,2024-08-28,34.0,Female,Hà Nội,1,0,1,500000,Chăm sóc sức khỏe,Organic,Android
ZLP002365,2023-11-02,24.0,Male,Hà Nội,1,0,1,1000000,Điện & Nước,Campaign,Android
ZLP002366,2023-07-05,37.0,Other,Bình Dương,3,1,0,1000000,Thực phẩm & Ăn uống,Referral,iOS
ZLP002367,2023-11-02,24.0,Female,Cần Thơ,2,1,1,1000000,Điện tử,Unknown,iOS
ZLP002368,2023-10-03,18.0,Female,Hồ Chí Minh,1,1,1,2000000,Du lịch & Vận chuyển,Unknown,Android
ZLP002369,2023-07-05,27.0,Male,Hồ Chí Minh,1,1,1,2000000,Điện tử,Organic,Android
ZLP002370,2024-06-29,35.0,Female,Hồ Chí Minh,1,1,1,5000000,Viễn thông,Organic,Android
ZLP002371,2024-01-15,27.0,Male,Hồ Chí Minh,1,1,1,1000000,Giải trí,Unknown,Android
ZLP002372,2023-12-18,24.0,Female,Cần Thơ,2,1,1,1000000,Điện tử,Unknown,iOS
ZLP002373,2024-09-27,28.0,Male,Thanh Hóa,3,1,1,1000000,Điện tử,Referral,Android
ZLP002374,2023-12-18,31.0,Female,Hồ Chí Minh,2,1,1,1000000,Điện tử,Organic,Android
ZLP002375,2023-10-03,34.0,Female,Cần Thơ,2,1,1,5000000,Điện tử,Campaign,Unknown
ZLP002376,2023-11-02,36.0,Male,Hà Nội,1,1,1,2000000,Điện & Nước,Referral,Android
ZLP002377,2023-11-02,25.0,Male,Hà Nội,1,1,1,5000000,Viễn thông,Social,iOS
ZLP002378,2024-01-15,20.0,Other,An Giang,3,1,1,2000000,Giải trí,Campaign,Android
ZLP002379,2023-12-02,25.0,Male,Nghệ An,3,1,1,1000000,Viễn thông,Unknown,Android
ZLP002380,2024-01-15,29.0,Female,Hà Nội,1,1,1,1000000,Chăm sóc sức khỏe,Organic,Android
ZLP002381,2024-03-31,22.0,Male,Hà Nội,1,1,1,3000000,Thực phẩm & Ăn uống,Campaign,Android
ZLP002382,2024-05-30,22.0,Female,Đồng Nai,3,1,1,500000,Du lịch & Vận chuyển,Social,Android
ZLP002383,2024-04-30,30.0,Female,Hồ Chí Minh,1,1,1,5000000,Thời trang,Referral,iOS
ZLP002384,2023-11-02,27.0,Male,Đồng Nai,3,0,1,2000000,Thời trang,Social,Android
ZLP002385,2023-07-05,28.0,Male,Đồng Nai,3,1,1,1000000,Viễn thông,Unknown,Android
ZLP002386,2024-01-31,23.0,Female,Hồ Chí Minh,1,1,1,2000000,Điện & Nước,Campaign,Android
ZLP002387,2023-11-02,26.0,Male,Hồ Chí Minh,3,0,1,1000000,Điện tử,Organic,Unknown
ZLP002388,2023-07-05,22.0,Male,Thanh Hóa,3,1,1,500000,Điện & Nước,Referral,Android
ZLP002389,2024-01-15,33.0,Female,Nghệ An,3,1,1,3000000,Điện tử,Campaign,iOS
ZLP002390,2023-12-02,34.0,Male,Hà Nội,1,1,1,2000000,Thời trang,Unknown,Android
ZLP002391,2024-05-30,18.0,Male,Hồ Chí Minh,1,1,1,2000000,Chăm sóc sức khỏe,Campaign,iOS
ZLP002392,2023-12-02,22.0,Female,Đà Nẵng,2,1,1,1000000,Viễn thông,Social,Android
ZLP002393,2024-11-26,19.0,Male,Hà Nội,1,1,1,500000,Thời trang,Unknown,Android
ZLP002394,2024-05-30,24.0,Male,Hồ Chí Minh,1,1,0,1000000,Thời trang,Referral,Android
ZLP002395,2023-04-06,27.0,Male,Hà Nội,1,1,1,2000000,Điện & Nước,Referral,Android
ZLP002396,2024-01-15,19.0,Female,Cần Thơ,2,1,1,3000000,Điện tử,Referral,Android
ZLP002397,2024-01-31,22.0,Female,Hồ Chí Minh,1,1,1,2000000,Thực phẩm & Ăn uống,Campaign,iOS
ZLP002398,2024-04-30,21.0,Female,Hồ Chí Minh,1,1,1,3000000,Điện & Nước,Unknown,iOS
ZLP002399,2024-01-15,29.0,Male,Hồ Chí Minh,1,1,0,1000000,Thực phẩm & Ăn uống,Referral,iOS
ZLP002400,2024-01-15,28.0,Male,Bình Dương,3,1,1,500000,Điện & Nước,Social,Android
ZLP002401,2023-12-18,23.0,Male,Cần Thơ,2,1,1,1000000,Du lịch & Vận chuyển,Campaign,Android
ZLP002402,2023-11-02,29.0,Male,Hồ Chí Minh,1,1,1,3000000,Thực phẩm & Ăn uống,Campaign,Android
ZLP002403,2024-09-27,24.0,Female,Nghệ An,3,1,1,3000000,Điện & Nước,Referral,iOS
ZLP002404,2023-12-02,26.0,Male,Hồ Chí Minh,1,1,1,1000000,Viễn thông,Referral,iOS
ZLP002405,2023-04-06,38.0,Male,Đà Nẵng,2,1,1,500000,Điện tử,Campaign,iOS
ZLP002406,2023-10-03,36.0,Male,Đồng Nai,3,0,1,2000000,Chăm sóc sức khỏe,Campaign,Android
ZLP002407,2024-07-29,20.0,Female,Đồng Nai,3,1,1,3000000,Điện & Nước,Organic,Android
ZLP002408,2024-03-01,32.0,Female,Hồ Chí Minh,1,1,0,3000000,Điện & Nước,Campaign,iOS
ZLP002409,2024-05-30,32.0,Female,An Giang,3,1,1,1000000,Du lịch & Vận chuyển,Organic,iOS
ZLP002410,2024-06-29,21.0,Female,An Giang,3,1,1,2000000,Thực phẩm & Ăn uống,Campaign,Android
ZLP002411,2024-06-29,32.0,Female,Đà Nẵng,2,1,1,3000000,Viễn thông,Social,Android
ZLP002412,2024-01-31,37.0,Male,Hà Nội,1,0,1,1000000,Điện & Nước,Unknown,Android
ZLP002413,2023-10-03,21.0,Male,Hồ Chí Minh,1,1,1,2000000,Thực phẩm & Ăn uống,Campaign,Android
ZLP002414,2023-10-03,22.0,Female,Đà Nẵng,2,0,1,1000000,Chăm sóc sức khỏe,Unknown,Android
ZLP002415,2024-01-31,34.0,Female,Hà Nội,1,1,1,1000000,Thực phẩm & Ăn uống,Campaign,iOS
ZLP002416,2023-12-18,29.0,Female,Đồng Nai,3,1,1,5000000,Điện & Nước,Referral,Android
ZLP002417,2024-01-31,31.0,Female,Hà Nội,1,0,1,5000000,Thực phẩm & Ăn uống,Campaign,iOS
ZLP002418,2024-01-15,30.0,Female,Bình Dương,3,1,1,2000000,Viễn thông,Organic,Android
ZLP002419,2024-03-01,30.0,Female,Hồ Chí Minh,1,1,1,1000000,Điện tử,Organic,iOS
ZLP002420,2023-04-06,20.0,Female,Hồ Chí Minh,1,1,1,3000000,Thực phẩm & Ăn uống,Campaign,Android
ZLP002421,2023-04-06,34.0,Female,Hồ Chí Minh,1,0,1,1000000,Giải trí,Organic,iOS
ZLP002422,2024-04-30,35.0,Male,Hồ Chí Minh,1,1,1,1000000,Thời trang,Organic,Android
ZLP002423,2023-10-03,26.0,Female,Đà Nẵng,2,1,0,2000000,Thời trang,Social,Android
ZLP002424,2024-03-31,27.0,Female,Đồng Nai,3,1,1,2000000,Thực phẩm & Ăn uống,Social,iOS
ZLP002425,2024-01-31,18.0,Male,Cần Thơ,2,1,1,500000,Viễn thông,Organic,iOS
ZLP002426,2024-11-26,31.0,Female,Đà Nẵng,2,1,1,2000000,Thời trang,Unknown,Android
ZLP002427,2024-06-29,31.0,Female,Bình Dương,3,1,1,500000,Thực phẩm & Ăn uống,Campaign,Android
ZLP002428,2023-12-18,27.0,Male,Hà Nội,1,1,1,3000000,Điện tử,Organic,Android
ZLP002429,2024-03-01,34.0,Female,Hà Nội,1,1,1,5000000,Viễn thông,Referral,iOS
ZLP002430,2023-07-05,25.0,Male,Hà Nội,1,1,1,3000000,Thực phẩm & Ăn uống,Campaign,Android
ZLP002431,2023-12-18,31.0,Female,Bình Dương,3,0,1,2000000,Thời trang,Campaign,Android
ZLP002432,2024-04-30,21.0,Female,Hồ Chí Minh,1,1,1,1000000,Thời trang,Organic,Android
ZLP002433,2024-03-01,27.0,Male,Hồ Chí Minh,1,1,1,3000000,Điện tử,Campaign,iOS
ZLP002434,2024-01-15,26.0,Male,Đà Nẵng,2,1,1,5000000,Điện tử,Social,iOS
ZLP002435,2023-10-03,29.0,Female,Nghệ An,3,1,1,1000000,Viễn thông,Social,Android
ZLP002436,2024-06-29,25.0,Male,Cần Thơ,2,1,1,2000000,Du lịch & Vận chuyển,Unknown,Android
ZLP002437,2023-11-02,27.0,Male,Đồng Nai,3,1,1,1000000,Điện & Nước,Referral,Android
ZLP002438,2024-06-29,27.0,Female,Cần Thơ,2,1,0,1000000,Viễn thông,Campaign,Android
ZLP002439,2024-03-01,25.0,Male,Hà Nội,1,0,1,2000000,Điện & Nước,Organic,Android
ZLP002440,2023-12-18,18.0,Male,Bình Dương,3,1,1,5000000,Điện tử,Referral,Android
ZLP002441,2023-04-06,38.0,Female,Đồng Nai,3,0,1,1000000,Viễn thông,Unknown,Android
ZLP002442,2023-11-02,36.0,Female,Hồ Chí Minh,1,0,1,2000000,Viễn thông,Organic,iOS
ZLP002443,2024-08-28,20.0,Female,Hà Nội,1,1,1,5000000,Thực phẩm & Ăn uống,Campaign,iOS
ZLP002444,2024-06-29,32.0,Female,Hồ Chí Minh,1,1,1,2000000,Thời trang,Organic,Android
ZLP002445,2024-01-31,24.0,Male,Hà Nội,1,1,1,3000000,Thời trang,Social,Android
ZLP002446,2024-01-01,29.0,Male,Hải Phòng,2,1,1,500000,Thời trang,Referral,iOS
ZLP002447,2024-03-31,29.0,Male,Hà Nội,1,0,1,5000000,Giải trí,Social,iOS
ZLP002448,2024-01-01,26.0,Female,Hà Nội,1,1,0,1000000,Chăm sóc sức khỏe,Organic,Android
ZLP002449,2024-03-31,23.0,Female,Hải Phòng,2,1,0,5000000,Viễn thông,Unknown,Android
ZLP002450,2023-12-02,23.0,Female,Đà Nẵng,2,1,1,1000000,Điện tử,Organic,Android
ZLP002451,2024-07-29,22.0,Female,Đà Nẵng,2,1,0,2000000,Thời trang,Organic,Android
ZLP002452,2024-04-30,23.0,Female,Hồ Chí Minh,2,1,1,1000000,Điện & Nước,Organic,iOS
ZLP002453,2023-12-02,27.0,Male,Hà Nội,1,1,1,2000000,Điện & Nước,Organic,iOS
ZLP002454,2024-06-29,23.0,Male,Bình Dương,3,1,1,1000000,Chăm sóc sức khỏe,Organic,iOS
ZLP002455,2024-01-15,32.0,Male,Hồ Chí Minh,1,0,1,5000000,Thời trang,Campaign,iOS
ZLP002456,2023-10-03,36.0,Female,Hồ Chí Minh,1,1,1,1000000,Thời trang,Social,Android
ZLP002457,2023-07-05,24.0,Female,Hà Nội,1,1,1,2000000,Thực phẩm & Ăn uống,Social,Android
ZLP002458,2024-04-30,29.0,Male,Hà Nội,1,1,1,1000000,Du lịch & Vận chuyển,Campaign,Android
ZLP002459,2024-07-29,30.0,Female,Nghệ An,3,1,1,3000000,Điện tử,Organic,iOS
ZLP002460,2024-06-29,30.0,Female,Thanh Hóa,3,1,1,2000000,Du lịch & Vận chuyển,Organic,Android
ZLP002461,2024-03-31,28.0,Male,Hải Phòng,2,0,1,5000000,Điện & Nước,Campaign,Android
ZLP002462,2023-10-03,32.0,Female,Hà Nội,1,1,1,2000000,Thời trang,Social,Android
ZLP002463,2023-07-05,30.0,Female,Nghệ An,3,1,1,1000000,Thời trang,Referral,iOS
ZLP002464,2023-12-02,20.0,Male,Bình Dương,3,1,1,1000000,Điện & Nước,Referral,Android
ZLP002465,2024-07-29,33.0,Female,Hà Nội,1,1,1,3000000,Thực phẩm & Ăn uống,Organic,Android
ZLP002466,2024-11-26,33.0,Male,Bình Dương,3,1,1,2000000,Viễn thông,Campaign,iOS
ZLP002467,2023-11-02,23.0,Female,Hồ Chí Minh,1,1,1,3000000,Giải trí,Campaign,Android
ZLP002468,2024-05-30,28.0,Female,Hồ Chí Minh,1,1,1,500000,Thời trang,Referral,Android
ZLP002469,2024-01-31,32.0,Female,Đồng Nai,3,0,1,2000000,Viễn thông,Organic,Android
ZLP002470,2023-04-06,26.0,Female,Cần Thơ,2,1,1,5000000,Điện tử,Organic,iOS
ZLP002471,2024-01-31,34.0,Male,Hà Nội,1,1,1,1000000,Điện tử,Unknown,Android
ZLP002472,2024-06-29,42.0,Male,Đà Nẵng,2,1,1,500000,Thực phẩm & Ăn uống,Unknown,iOS
ZLP002473,2023-12-02,23.0,Male,An Giang,3,1,1,3000000,Giải trí,Referral,Android
ZLP002474,2024-08-28,19.0,Male,Cần Thơ,2,1,1,1000000,Chăm sóc sức khỏe,Campaign,iOS
ZLP002475,2023-11-02,29.0,Female,Hà Nội,1,1,1,2000000,Thực phẩm & Ăn uống,Unknown,iOS
ZLP002476,2023-07-05,32.0,Female,Hồ Chí Minh,1,1,1,2000000,Điện tử,Campaign,iOS
ZLP002477,2023-10-03,26.0,Male,Hà Nội,1,0,1,5000000,Điện tử,Organic,Android
ZLP002478,2024-07-29,36.0,Male,Thanh Hóa,3,1,1,3000000,Điện & Nước,Campaign,Android
ZLP002479,2023-12-18,19.0,Male,Hà Nội,1,1,1,2000000,Du lịch & Vận chuyển,Campaign,Android
ZLP002480,2024-06-29,32.0,Female,Hà Nội,1,1,1,1000000,Chăm sóc sức khỏe,Campaign,Android
ZLP002481,2024-01-31,24.0,Female,Hà Nội,1,1,1,1000000,Điện tử,Organic,iOS
ZLP002482,2024-01-15,38.0,Female,Hải Phòng,2,1,1,3000000,Viễn thông,Referral,Android
ZLP002483,2024-06-29,39.0,Female,Cần Thơ,2,1,1,2000000,Điện & Nước,Campaign,iOS
ZLP002484,2023-12-18,23.0,Male,Bình Dương,3,1,1,3000000,Viễn thông,Organic,Unknown
ZLP002485,2024-06-29,24.0,Male,Hà Nội,1,0,1,2000000,Điện & Nước,Referral,Unknown
ZLP002486,2023-07-05,33.0,Male,Hồ Chí Minh,1,1,1,1000000,Giải trí,Referral,iOS
ZLP002487,2024-03-31,27.0,Male,Nghệ An,3,1,1,1000000,Chăm sóc sức khỏe,Social,Android
ZLP002488,2024-04-30,27.0,Female,Nghệ An,3,1,1,1000000,Điện & Nước,Campaign,Android
ZLP002489,2024-08-28,28.0,Female,Nghệ An,3,1,1,3000000,Điện tử,Organic,Android
ZLP002490,2023-11-02,18.0,Female,Nghệ An,3,1,1,3000000,Viễn thông,Social,Android
ZLP002491,2024-03-01,27.0,Female,Đồng Nai,3,0,1,500000,Điện & Nước,Organic,Android
ZLP002492,2024-01-01,23.0,Male,Bình Dương,3,1,1,2000000,Viễn thông,Referral,Android
ZLP002493,2023-12-18,25.0,Male,Hải Phòng,2,0,1,3000000,Thực phẩm & Ăn uống,Organic,Android
ZLP002494,2023-07-05,36.0,Female,Cần Thơ,2,1,0,2000000,Điện & Nước,Referral,iOS
ZLP002495,2023-10-03,20.0,Female,Hồ Chí Minh,1,1,1,2000000,Viễn thông,Social,iOS
ZLP002496,2024-07-29,32.0,Male,Hà Nội,1,1,1,1000000,Điện tử,Campaign,Android
ZLP002497,2024-05-30,26.0,Female,Thanh Hóa,3,1,1,3000000,Viễn thông,Campaign,iOS
ZLP002498,2023-12-18,26.0,Female,Hà Nội,1,1,1,2000000,Thực phẩm & Ăn uống,Unknown,iOS
ZLP002499,2024-06-29,32.0,Male,Hải Phòng,2,0,1,3000000,Du lịch & Vận chuyển,Organic,Android
ZLP002500,2023-07-05,30.0,Female,Hồ Chí Minh,1,0,1,3000000,Điện & Nước,Campaign,Android
ZLP002501,2024-03-01,31.0,Male,Hà Nội,1,1,1,3000000,Chăm sóc sức khỏe,Unknown,iOS
ZLP002502,2024-07-29,33.0,Female,Hà Nội,1,1,1,5000000,Thực phẩm & Ăn uống,Referral,Android
ZLP002503,2024-07-29,26.0,Female,Hồ Chí Minh,1,1,1,3000000,Thời trang,Campaign,iOS
ZLP002504,2023-12-18,24.0,Other,Hồ Chí Minh,1,0,1,500000,Viễn thông,Referral,iOS
ZLP002505,2024-05-30,21.0,Male,Hồ Chí Minh,1,1,1,1000000,Thời trang,Campaign,Android
ZLP002506,2023-12-18,27.0,Male,Hải Phòng,2,1,1,500000,Điện tử,Organic,Android
ZLP002507,2024-07-29,45.0,Male,Hồ Chí Minh,1,1,1,1000000,Viễn thông,Organic,Android
ZLP002508,2024-01-31,35.0,Male,Hà Nội,1,1,1,500000,Thực phẩm & Ăn uống,Campaign,Android
ZLP002509,2024-05-30,19.0,Female,Hồ Chí Minh,1,1,1,2000000,Thời trang,Campaign,Android
ZLP002510,2023-07-05,20.0,Female,Bình Dương,3,1,1,500000,Thực phẩm & Ăn uống,Campaign,Android
ZLP002511,2024-03-01,30.0,Male,Cần Thơ,2,0,1,2000000,Viễn thông,Campaign,iOS
ZLP002512,2024-01-31,31.0,Male,Cần Thơ,2,1,1,3000000,Thực phẩm & Ăn uống,Organic,iOS
ZLP002513,2024-03-01,31.0,Male,Hà Nội,1,1,1,3000000,Viễn thông,Unknown,Android
ZLP002514,2024-04-30,26.0,Male,Hồ Chí Minh,1,1,1,5000000,Viễn thông,Campaign,iOS
ZLP002515,2024-08-28,27.0,Male,Bình Dương,3,1,1,1000000,Thời trang,Campaign,iOS
ZLP002516,2024-05-30,29.0,Male,Đồng Nai,3,0,1,2000000,Thực phẩm & Ăn uống,Campaign,Android
ZLP002517,2023-11-02,27.0,Female,Hồ Chí Minh,1,1,1,1000000,Điện tử,Campaign,Android
ZLP002518,2024-06-29,18.0,Male,Hà Nội,1,1,1,2000000,Chăm sóc sức khỏe,Unknown,iOS
ZLP002519,2023-07-05,26.0,Female,Hồ Chí Minh,1,1,1,2000000,Giải trí,Unknown,Android
ZLP002520,2024-03-01,22.0,Female,Hồ Chí Minh,1,1,1,500000,Điện & Nước,Unknown,Android
ZLP002521,2024-08-28,29.0,Male,Bình Dương,3,1,1,1000000,Thời trang,Organic,iOS
ZLP002522,2023-07-05,45.0,Female,Đà Nẵng,2,1,1,3000000,Thời trang,Unknown,Android
ZLP002523,2024-07-29,30.0,Female,Hồ Chí Minh,1,1,1,3000000,Chăm sóc sức khỏe,Unknown,iOS
ZLP002524,2024-06-29,26.0,Female,Hà Nội,1,1,1,2000000,Du lịch & Vận chuyển,Referral,Android
ZLP002525,2024-01-15,33.0,Male,Nghệ An,3,0,1,1000000,Điện tử,Campaign,Android
ZLP002526,2023-12-02,30.0,Male,Hải Phòng,2,1,1,2000000,Thời trang,Social,Android
ZLP002527,2023-12-18,30.0,Female,Hải Phòng,2,1,1,500000,Viễn thông,Social,Unknown
ZLP002528,2024-11-26,31.0,Female,Hà Nội,1,1,1,5000000,Viễn thông,Referral,Android
ZLP002529,2023-11-02,40.0,Male,Cần Thơ,2,0,1,3000000,Thời trang,Organic,iOS
ZLP002530,2024-01-31,21.0,Male,Hà Nội,1,0,1,500000,Điện & Nước,Organic,Android
ZLP002531,2023-07-05,30.0,Male,Hồ Chí Minh,1,1,1,1000000,Viễn thông,Organic,Unknown
ZLP002532,2023-11-02,22.0,Male,Hà Nội,1,1,1,2000000,Du lịch & Vận chuyển,Organic,Android
ZLP002533,2024-05-30,31.0,Female,Đà Nẵng,2,1,1,1000000,Giải trí,Organic,Android
ZLP002534,2023-12-02,22.0,Male,Hà Nội,1,0,1,5000000,Điện & Nước,Campaign,Android
ZLP002535,2024-11-26,25.0,Male,Hải Phòng,2,1,1,3000000,Chăm sóc sức khỏe,Campaign,iOS
ZLP002536,2024-01-15,26.0,Female,Hồ Chí Minh,1,0,1,1000000,Du lịch & Vận chuyển,Referral,iOS
ZLP002537,2024-01-15,33.0,Male,Hà Nội,1,1,1,500000,Thực phẩm & Ăn uống,Organic,Unknown
ZLP002538,2023-04-06,27.0,Female,Hồ Chí Minh,1,1,1,3000000,Thực phẩm & Ăn uống,Organic,Android
ZLP002539,2024-09-27,20.0,Female,Hà Nội,1,1,1,2000000,Du lịch & Vận chuyển,Referral,iOS
ZLP002540,2023-10-03,28.0,Male,Hồ Chí Minh,1,0,1,2000000,Điện & Nước,Campaign,Android
ZLP002541,2024-01-31,27.0,Female,Hồ Chí Minh,1,1,0,1000000,Chăm sóc sức khỏe,Referral,iOS
ZLP002542,2023-12-18,20.0,Female,Hà Nội,1,1,1,1000000,Viễn thông,Campaign,Android
ZLP002543,2023-12-18,26.0,Male,Hà Nội,1,0,1,2000000,Thời trang,Referral,iOS
ZLP002544,2024-03-31,26.0,Male,Đà Nẵng,2,1,1,2000000,Viễn thông,Referral,iOS
ZLP002545,2024-03-31,42.0,Female,Hồ Chí Minh,1,1,0,1000000,Thực phẩm & Ăn uống,Referral,Android
ZLP002546,2023-10-03,30.0,Female,Đà Nẵng,2,1,1,1000000,Chăm sóc sức khỏe,Organic,iOS
ZLP002547,2024-01-15,19.0,Female,Đà Nẵng,2,1,1,2000000,Viễn thông,Unknown,iOS
ZLP002548,2024-06-29,24.0,Male,Hà Nội,1,1,1,3000000,Điện tử,Campaign,iOS
ZLP002549,2024-01-01,34.0,Female,Hải Phòng,2,1,1,1000000,Du lịch & Vận chuyển,Organic,iOS
ZLP002550,2023-10-03,40.0,Male,Đà Nẵng,2,1,1,3000000,Du lịch & Vận chuyển,Referral,Android
ZLP002551,2023-12-02,18.0,Female,Hà Nội,1,1,1,1000000,Du lịch & Vận chuyển,Campaign,Android
ZLP002552,2023-11-02,18.0,Female,Nghệ An,3,1,1,1000000,Thực phẩm & Ăn uống,Organic,iOS
ZLP002553,2023-10-03,39.0,Female,Hải Phòng,2,0,1,3000000,Điện tử,Social,Android
ZLP002554,2023-12-18,30.0,Female,Thanh Hóa,3,1,1,2000000,Thực phẩm & Ăn uống,Campaign,Android
ZLP002555,2024-01-31,22.0,Female,Hồ Chí Minh,3,1,1,1000000,Thực phẩm & Ăn uống,Referral,Android
ZLP002556,2023-07-05,31.0,Female,Hà Nội,1,0,1,1000000,Viễn thông,Referral,iOS
ZLP002557,2024-03-01,18.0,Male,Hà Nội,1,1,1,500000,Viễn thông,Organic,iOS
ZLP002558,2024-11-26,28.0,Female,Cần Thơ,2,0,1,3000000,Điện & Nước,Referral,iOS
ZLP002559,2024-11-26,29.0,Female,Thanh Hóa,3,1,1,500000,Thời trang,Campaign,iOS
ZLP002560,2024-06-29,33.0,Male,Cần Thơ,2,1,1,1000000,Viễn thông,Campaign,iOS
ZLP002561,2023-11-02,21.0,Female,Hải Phòng,2,1,0,1000000,Viễn thông,Organic,iOS
ZLP002562,2023-01-01,28.0,Male,Hà Nội,1,0,1,2000000,Điện & Nước,Referral,iOS
ZLP002563,2024-06-29,22.0,Female,Hà Nội,1,1,1,3000000,Thực phẩm & Ăn uống,Social,Android
ZLP002564,2023-04-06,29.0,Female,An Giang,3,1,1,1000000,Du lịch & Vận chuyển,Unknown,Android
ZLP002565,2023-11-02,22.0,Male,Bình Dương,3,1,1,2000000,Thực phẩm & Ăn uống,Campaign,iOS
ZLP002566,2024-01-31,25.0,Female,Thanh Hóa,3,0,1,500000,Thời trang,Organic,Android
ZLP002567,2023-10-03,22.0,Male,Đồng Nai,3,1,1,2000000,Điện & Nước,Campaign,iOS
ZLP002568,2024-06-29,31.0,Female,Hà Nội,1,1,1,1000000,Thực phẩm & Ăn uống,Organic,iOS
ZLP002569,2024-05-30,33.0,Male,Đà Nẵng,2,1,1,1000000,Điện tử,Campaign,iOS
ZLP002570,2024-05-30,27.0,Male,An Giang,3,1,1,1000000,Điện & Nước,Unknown,Android
ZLP002571,2024-06-29,28.0,Male,Đà Nẵng,2,1,1,3000000,Giải trí,Organic,iOS
ZLP002572,2023-11-02,19.0,Male,Hồ Chí Minh,1,1,0,3000000,Du lịch & Vận chuyển,Campaign,Android
ZLP002573,2024-04-30,26.0,Female,Hồ Chí Minh,1,1,1,2000000,Giải trí,Campaign,Android
ZLP002574,2023-12-02,27.0,Female,Đà Nẵng,2,1,1,1000000,Thực phẩm & Ăn uống,Organic,iOS
ZLP002575,2024-03-31,43.0,Male,Hồ Chí Minh,1,1,1,1000000,Chăm sóc sức khỏe,Unknown,Android
ZLP002576,2023-07-05,21.0,Male,Bình Dương,3,0,1,2000000,Viễn thông,Unknown,Android
ZLP002577,2024-04-30,36.0,Male,Hồ Chí Minh,1,1,1,3000000,Điện tử,Organic,Android
ZLP002578,2024-11-26,33.0,Female,Hà Nội,1,1,1,5000000,Giải trí,Referral,Android
ZLP002579,2023-04-06,29.0,Female,Đồng Nai,3,1,1,2000000,Điện & Nước,Unknown,Android
ZLP002580,2023-07-05,38.0,Male,Hà Nội,1,1,1,1000000,Điện & Nước,Referral,Android
ZLP002581,2023-10-03,30.0,Female,Hải Phòng,2,1,1,2000000,Điện & Nước,Organic,Android
ZLP002582,2024-01-01,30.0,Male,Hà Nội,1,1,1,1000000,Chăm sóc sức khỏe,Unknown,iOS
ZLP002583,2023-12-02,27.0,Female,Nghệ An,3,1,0,2000000,Điện tử,Organic,iOS
ZLP002584,2024-06-29,35.0,Female,Hồ Chí Minh,1,1,1,1000000,Thực phẩm & Ăn uống,Organic,Android
ZLP002585,2024-01-01,34.0,Female,Hồ Chí Minh,1,0,1,1000000,Chăm sóc sức khỏe,Unknown,Android
ZLP002586,2024-01-15,24.0,Female,Hải Phòng,2,1,1,500000,Chăm sóc sức khỏe,Campaign,Android
ZLP002587,2024-04-30,20.0,Female,Bình Dương,3,1,1,2000000,Giải trí,Social,Android
ZLP002588,2023-12-18,26.0,Female,Hồ Chí Minh,1,1,1,2000000,Viễn thông,Unknown,Android
ZLP002589,2023-12-02,23.0,Female,Thanh Hóa,3,1,1,3000000,Thực phẩm & Ăn uống,Organic,Android
ZLP002590,2024-05-30,27.0,Male,Đà Nẵng,2,1,1,3000000,Du lịch & Vận chuyển,Social,Android
ZLP002591,2024-05-30,35.0,Male,Nghệ An,3,1,1,5000000,Thực phẩm & Ăn uống,Referral,Android
ZLP002592,2023-01-01,25.0,Male,Đà Nẵng,2,1,1,500000,Thực phẩm & Ăn uống,Campaign,Android
ZLP002593,2023-10-03,27.0,Female,Hà Nội,1,1,1,2000000,Giải trí,Social,Android
ZLP002594,2023-11-02,28.0,Male,Hà Nội,1,1,1,2000000,Điện tử,Organic,Android
ZLP002595,2023-12-02,33.0,Male,Hà Nội,1,1,1,3000000,Thời trang,Organic,iOS
ZLP002596,2023-12-02,18.0,Male,Đà Nẵng,2,1,1,1000000,Thực phẩm & Ăn uống,Organic,Android
ZLP002597,2024-03-31,24.0,Female,Hà Nội,1,1,1,500000,Du lịch & Vận chuyển,Social,Android
ZLP002598,2024-06-29,29.0,Female,Hồ Chí Minh,1,1,1,1000000,Điện & Nước,Organic,Android
ZLP002599,2023-10-03,35.0,Female,Hồ Chí Minh,1,1,1,5000000,Viễn thông,Unknown,Android
ZLP002600,2024-01-31,25.0,Female,Hồ Chí Minh,1,0,1,3000000,Giải trí,Organic,iOS
ZLP002601,2023-12-18,18.0,Female,Hải Phòng,2,1,1,2000000,Thực phẩm & Ăn uống,Referral,iOS
ZLP002602,2024-01-15,31.0,Female,Đà Nẵng,2,1,1,3000000,Thời trang,Referral,Android
ZLP002603,2024-03-01,24.0,Female,Đồng Nai,3,1,1,500000,Thời trang,Unknown,Android
ZLP002604,2024-08-28,20.0,Male,Nghệ An,3,1,1,1000000,Thực phẩm & Ăn uống,Unknown,iOS
ZLP002605,2023-10-03,24.0,Female,Cần Thơ,2,1,1,3000000,Điện tử,Campaign,Android
ZLP002606,2023-07-05,26.0,Male,Thanh Hóa,3,1,1,1000000,Điện tử,Social,Android
ZLP002607,2024-03-01,24.0,Male,Hà Nội,1,1,1,1000000,Thực phẩm & Ăn uống,Unknown,Android
ZLP002608,2023-12-18,18.0,Female,Hồ Chí Minh,1,1,1,3000000,Thời trang,Organic,Android
ZLP002609,2023-10-03,33.0,Male,Hà Nội,1,1,1,2000000,Điện & Nước,Referral,Android
ZLP002610,2023-07-05,35.0,Male,Hà Nội,1,1,1,5000000,Thời trang,Organic,Android
ZLP002611,2024-01-31,31.0,Male,Hồ Chí Minh,3,1,1,1000000,Điện tử,Referral,iOS
ZLP002612,2023-12-02,21.0,Male,Đà Nẵng,2,1,1,1000000,Thời trang,Social,iOS
ZLP002613,2024-11-26,26.0,Male,Hà Nội,1,1,1,1000000,Du lịch & Vận chuyển,Social,Unknown
ZLP002614,2023-12-18,27.0,Male,Bình Dương,3,1,1,3000000,Viễn thông,Campaign,Android
ZLP002615,2023-11-02,31.0,Female,Đà Nẵng,2,1,1,1000000,Thực phẩm & Ăn uống,Unknown,iOS
ZLP002616,2024-03-01,32.0,Female,Hồ Chí Minh,1,1,1,1000000,Điện & Nước,Referral,Android
ZLP002617,2023-11-02,23.0,Male,Đà Nẵng,2,1,1,1000000,Điện tử,Social,Android
ZLP002618,2024-01-15,28.0,Female,An Giang,3,1,1,3000000,Thực phẩm & Ăn uống,Unknown,Android
ZLP002619,2024-01-15,30.0,Male,Hải Phòng,2,1,1,1000000,Thời trang,Campaign,Android
ZLP002620,2024-01-01,36.0,Male,Đà Nẵng,2,1,1,500000,Điện & Nước,Organic,iOS
ZLP002621,2024-06-29,32.0,Male,Hà Nội,1,1,1,2000000,Giải trí,Organic,Android
ZLP002622,2023-11-02,32.0,Female,Hồ Chí Minh,1,1,1,2000000,Chăm sóc sức khỏe,Social,iOS
ZLP002623,2024-08-28,28.0,Male,Hà Nội,1,1,1,1000000,Thực phẩm & Ăn uống,Campaign,iOS
ZLP002624,2024-06-29,36.0,Female,Bình Dương,3,1,1,1000000,Thời trang,Referral,Android
ZLP002625,2023-12-02,30.0,Female,Hà Nội,1,1,1,3000000,Thời trang,Organic,Android
ZLP002626,2023-10-03,22.0,Female,Hồ Chí Minh,1,1,1,500000,Giải trí,Organic,Android
ZLP002627,2023-12-02,36.0,Female,Nghệ An,3,1,1,500000,Điện tử,Unknown,iOS
ZLP002628,2023-12-02,32.0,Female,Đồng Nai,3,0,1,1000000,Thực phẩm & Ăn uống,Social,Android
ZLP002629,2024-01-31,25.0,Male,Cần Thơ,2,1,1,5000000,Giải trí,Campaign,Android
ZLP002630,2023-04-06,25.0,Male,Hồ Chí Minh,1,1,1,500000,Viễn thông,Campaign,Android
ZLP002631,2024-08-28,29.0,Female,Hồ Chí Minh,1,1,1,3000000,Thời trang,Unknown,Android
ZLP002632,2023-07-05,30.0,Female,Hồ Chí Minh,1,1,1,3000000,Điện tử,Organic,iOS
ZLP002633,2023-12-02,29.0,Male,Cần Thơ,2,0,0,1000000,Viễn thông,Social,Android
ZLP002634,2023-07-05,29.0,Male,Hồ Chí Minh,1,1,1,1000000,Giải trí,Organic,iOS
ZLP002635,2023-11-02,38.0,Male,Hồ Chí Minh,2,1,1,2000000,Viễn thông,Social,Android
ZLP002636,2024-07-29,34.0,Male,Thanh Hóa,3,1,1,3000000,Thực phẩm & Ăn uống,Referral,Android
ZLP002637,2024-03-01,29.0,Male,Hà Nội,1,1,1,3000000,Điện & Nước,Campaign,Android
ZLP002638,2023-11-02,33.0,Female,Hà Nội,1,1,1,3000000,Du lịch & Vận chuyển,Unknown,Android
ZLP002639,2024-07-29,21.0,Female,Bình Dương,3,1,1,1000000,Viễn thông,Organic,Android
ZLP002640,2024-06-29,30.0,Female,Nghệ An,3,1,1,2000000,Điện & Nước,Organic,iOS
ZLP002641,2024-05-30,38.0,Female,An Giang,3,0,1,1000000,Điện & Nước,Unknown,Android
ZLP002642,2024-07-29,26.0,Female,Hồ Chí Minh,1,1,1,2000000,Thực phẩm & Ăn uống,Referral,Android
ZLP002643,2024-03-01,22.0,Male,Hồ Chí Minh,1,1,1,2000000,Thực phẩm & Ăn uống,Organic,Android
ZLP002644,2024-01-15,24.0,Male,Bình Dương,3,0,1,1000000,Điện & Nước,Campaign,Android
ZLP002645,2023-12-18,21.0,Female,Bình Dương,3,1,1,500000,Điện & Nước,Organic,iOS
ZLP002646,2023-11-02,23.0,Female,Hồ Chí Minh,1,1,1,1000000,Điện & Nước,Unknown,Android
ZLP002647,2024-01-31,25.0,Male,Đà Nẵng,2,1,1,2000000,Điện tử,Unknown,Unknown
ZLP002648,2024-08-28,19.0,Other,Đồng Nai,3,1,1,3000000,Viễn thông,Organic,Android
ZLP002649,2024-03-01,28.0,Male,Hồ Chí Minh,1,1,1,2000000,Thời trang,Organic,iOS
ZLP002650,2024-09-27,33.0,Male,Hải Phòng,2,1,1,3000000,Điện & Nước,Referral,Android
ZLP002651,2023-12-02,22.0,Male,Hồ Chí Minh,1,1,1,1000000,Du lịch & Vận chuyển,Campaign,Android
ZLP002652,2024-04-30,37.0,Male,Đồng Nai,3,1,1,1000000,Viễn thông,Referral,Android
ZLP002653,2024-03-31,31.0,Female,Cần Thơ,2,0,1,1000000,Chăm sóc sức khỏe,Organic,Android
ZLP002654,2024-03-31,34.0,Female,Hà Nội,1,1,1,1000000,Chăm sóc sức khỏe,Unknown,iOS
ZLP002655,2024-03-31,24.0,Male,Bình Dương,3,1,0,2000000,Giải trí,Campaign,Android
ZLP002656,2023-11-02,33.0,Female,Đồng Nai,3,1,1,3000000,Điện tử,Organic,iOS
ZLP002657,2023-10-03,21.0,Female,Nghệ An,3,1,1,2000000,Thực phẩm & Ăn uống,Referral,Android
ZLP002658,2024-11-26,27.0,Female,Hà Nội,1,1,1,2000000,Điện & Nước,Unknown,iOS
ZLP002659,2023-04-06,29.0,Female,Bình Dương,3,1,1,500000,Điện & Nước,Campaign,Android
ZLP002660,2024-01-01,31.0,Female,Cần Thơ,2,1,1,500000,Du lịch & Vận chuyển,Referral,Android
ZLP002661,2023-12-18,20.0,Female,Đà Nẵng,2,0,1,500000,Thực phẩm & Ăn uống,Organic,Android
ZLP002662,2023-12-18,22.0,Male,An Giang,3,0,1,2000000,Điện tử,Social,Android
ZLP002663,2024-05-30,31.0,Female,Hồ Chí Minh,1,0,1,2000000,Thực phẩm & Ăn uống,Organic,Android
ZLP002664,2024-05-30,22.0,Male,Hà Nội,1,1,1,1000000,Du lịch & Vận chuyển,Organic,Android
ZLP002665,2024-08-28,30.0,Female,Đà Nẵng,2,1,1,2000000,Điện tử,Unknown,Android
ZLP002666,2023-12-18,19.0,Female,Hồ Chí Minh,1,0,1,2000000,Điện & Nước,Campaign,Android
ZLP002667,2024-01-31,33.0,Male,An Giang,3,1,1,500000,Điện tử,Referral,iOS
ZLP002668,2024-08-28,20.0,Male,Cần Thơ,2,1,1,2000000,Viễn thông,Social,iOS
ZLP002669,2024-11-26,31.0,Female,Hà Nội,1,1,1,3000000,Chăm sóc sức khỏe,Referral,Android
ZLP002670,2024-11-26,31.0,Female,Đồng Nai,3,0,1,1000000,Giải trí,Campaign,Android
ZLP002671,2024-04-30,23.0,Male,Hà Nội,1,1,1,2000000,Du lịch & Vận chuyển,Campaign,Unknown
ZLP002672,2023-10-03,31.0,Female,Đà Nẵng,2,1,1,1000000,Điện & Nước,Unknown,Android
ZLP002673,2023-01-01,29.0,Male,Hồ Chí Minh,1,1,1,3000000,Điện & Nước,Organic,Unknown
ZLP002674,2024-06-29,24.0,Male,Hà Nội,1,1,1,5000000,Chăm sóc sức khỏe,Social,Android
ZLP002675,2024-07-29,21.0,Male,Hồ Chí Minh,1,1,1,2000000,Điện tử,Referral,iOS
ZLP002676,2024-05-30,18.0,Male,Bình Dương,3,1,0,1000000,Điện & Nước,Campaign,Android
ZLP002677,2023-12-02,30.0,Female,Hà Nội,1,1,1,2000000,Điện tử,Campaign,iOS
ZLP002678,2024-03-31,18.0,Female,Hồ Chí Minh,1,1,1,1000000,Điện & Nước,Organic,Android
ZLP002679,2023-12-02,28.0,Male,Hà Nội,1,1,1,500000,Thời trang,Campaign,Android
ZLP002680,2024-01-01,26.0,Female,Hồ Chí Minh,1,1,1,2000000,Chăm sóc sức khỏe,Social,iOS
ZLP002681,2023-12-18,32.0,Male,An Giang,3,1,1,500000,Thời trang,Unknown,Android
ZLP002682,2024-08-28,26.0,Female,Hồ Chí Minh,1,1,1,1000000,Điện & Nước,Referral,Android
ZLP002683,2023-11-02,27.0,Female,Hải Phòng,2,1,1,3000000,Giải trí,Unknown,iOS
ZLP002684,2024-01-31,32.0,Female,Đà Nẵng,2,1,1,2000000,Thực phẩm & Ăn uống,Unknown,Android
ZLP002685,2023-12-18,30.0,Female,Cần Thơ,2,1,1,500000,Thực phẩm & Ăn uống,Campaign,Android
ZLP002686,2024-03-31,29.0,Male,Hà Nội,1,0,1,2000000,Điện & Nước,Organic,Android
ZLP002687,2024-01-31,30.0,Female,Nghệ An,3,1,1,5000000,Điện & Nước,Unknown,Android
ZLP002688,2024-09-27,18.0,Male,Hồ Chí Minh,1,1,1,500000,Viễn thông,Social,Android
ZLP002689,2023-07-05,32.0,Male,Đà Nẵng,2,0,1,2000000,Chăm sóc sức khỏe,Campaign,Android
ZLP002690,2023-11-02,31.0,Male,Thanh Hóa,3,1,1,3000000,Điện tử,Campaign,iOS
ZLP002691,2024-05-30,21.0,Male,Hải Phòng,2,1,1,2000000,Thời trang,Referral,iOS
ZLP002692,2023-12-18,26.0,Male,Đà Nẵng,2,1,1,1000000,Chăm sóc sức khỏe,Referral,Android
ZLP002693,2023-10-03,27.0,Male,Thanh Hóa,3,1,1,1000000,Giải trí,Unknown,Android
ZLP002694,2024-01-15,27.0,Male,Bình Dương,3,1,1,3000000,Thực phẩm & Ăn uống,Campaign,Android
ZLP002695,2024-03-31,30.0,Male,Hồ Chí Minh,1,1,1,5000000,Thực phẩm & Ăn uống,Unknown,Android
ZLP002696,2023-04-06,36.0,Female,Hà Nội,1,1,1,3000000,Điện tử,Organic,Android
ZLP002697,2023-12-02,34.0,Female,Hà Nội,1,1,0,5000000,Thời trang,Social,iOS
ZLP002698,2024-06-29,20.0,Male,Hà Nội,1,1,1,2000000,Điện & Nước,Campaign,iOS
ZLP002699,2024-01-15,31.0,Male,Hồ Chí Minh,3,1,1,5000000,Điện tử,Social,Android
ZLP002700,2023-04-06,35.0,Male,Đà Nẵng,2,1,1,2000000,Điện tử,Unknown,Android
ZLP002701,2023-12-02,30.0,Female,Hồ Chí Minh,1,1,1,5000000,Giải trí,Referral,Android
ZLP002702,2024-03-31,34.0,Female,Hải Phòng,2,1,1,1000000,Thời trang,Referral,Android
ZLP002703,2023-11-02,40.0,Male,Hà Nội,1,1,1,3000000,Điện tử,Unknown,Android
ZLP002704,2024-06-29,34.0,Male,Thanh Hóa,3,1,1,1000000,Chăm sóc sức khỏe,Campaign,Android
ZLP002705,2024-03-31,29.0,Male,Nghệ An,3,1,1,500000,Điện & Nước,Campaign,Android
ZLP002706,2024-01-01,34.0,Male,Nghệ An,3,0,1,2000000,Điện tử,Social,Android
ZLP002707,2024-08-28,28.0,Female,Đồng Nai,3,1,1,1000000,Thời trang,Unknown,Android
ZLP002708,2023-12-18,28.0,Female,Hồ Chí Minh,1,1,0,500000,Điện & Nước,Unknown,iOS
ZLP002709,2023-11-02,25.0,Male,Đà Nẵng,2,0,1,5000000,Điện tử,Referral,Android
ZLP002710,2024-03-31,37.0,Female,Hồ Chí Minh,1,1,1,2000000,Viễn thông,Referral,iOS
ZLP002711,2024-01-31,23.0,Male,Hồ Chí Minh,1,0,0,5000000,Thời trang,Organic,iOS
ZLP002712,2023-12-02,37.0,Male,Cần Thơ,2,1,1,5000000,Viễn thông,Campaign,iOS
ZLP002713,2023-12-02,30.0,Female,Hồ Chí Minh,1,0,1,2000000,Điện & Nước,Social,iOS
ZLP002714,2023-12-18,19.0,Female,Nghệ An,3,1,1,1000000,Viễn thông,Campaign,iOS
ZLP002715,2023-12-02,30.0,Male,An Giang,3,1,1,1000000,Thực phẩm & Ăn uống,Campaign,Android
ZLP002716,2024-04-30,18.0,Male,Hà Nội,1,0,1,2000000,Thực phẩm & Ăn uống,Unknown,Android
ZLP002717,2024-03-31,31.0,Female,Đà Nẵng,2,1,1,2000000,Điện & Nước,Campaign,Android
ZLP002718,2024-01-01,33.0,Female,Hà Nội,1,0,1,2000000,Viễn thông,Organic,Android
ZLP002719,2023-12-18,24.0,Male,Hải Phòng,2,1,1,2000000,Chăm sóc sức khỏe,Campaign,Android
ZLP002720,2023-12-18,28.0,Male,Bình Dương,3,1,1,1000000,Du lịch & Vận chuyển,Campaign,iOS
ZLP002721,2023-12-02,39.0,Male,Hồ Chí Minh,1,1,1,2000000,Thời trang,Unknown,Android
ZLP002722,2023-07-05,24.0,Female,Hà Nội,1,0,1,500000,Thực phẩm & Ăn uống,Referral,iOS
ZLP002723,2023-11-02,21.0,Female,Hà Nội,1,1,1,3000000,Thời trang,Campaign,iOS
ZLP002724,2023-12-02,36.0,Male,Nghệ An,3,1,1,500000,Viễn thông,Campaign,Android
ZLP002725,2024-01-31,39.0,Female,Hồ Chí Minh,1,1,1,2000000,Giải trí,Unknown,Android
ZLP002726,2024-05-30,28.0,Female,Hồ Chí Minh,1,0,1,1000000,Điện tử,Referral,iOS
ZLP002727,2023-12-18,34.0,Male,Hải Phòng,2,1,1,3000000,Viễn thông,Unknown,Android
ZLP002728,2024-09-27,36.0,Male,An Giang,3,1,1,1000000,Viễn thông,Campaign,Android
ZLP002729,2024-06-29,23.0,Female,Hải Phòng,2,1,1,1000000,Thời trang,Organic,Android
ZLP002730,2024-11-26,25.0,Female,Đà Nẵng,2,1,1,2000000,Viễn thông,Unknown,Android
ZLP002731,2024-07-29,35.0,Female,Cần Thơ,2,1,1,5000000,Thực phẩm & Ăn uống,Referral,iOS
ZLP002732,2024-03-01,38.0,Female,Đà Nẵng,2,1,1,5000000,Chăm sóc sức khỏe,Campaign,iOS
ZLP002733,2024-03-01,31.0,Male,Hồ Chí Minh,1,1,1,1000000,Viễn thông,Organic,Android
ZLP002734,2023-10-03,22.0,Male,Đà Nẵng,2,1,1,3000000,Điện tử,Organic,Android
ZLP002735,2024-04-30,39.0,Female,Hồ Chí Minh,1,1,1,500000,Du lịch & Vận chuyển,Campaign,Android
ZLP002736,2024-03-01,24.0,Male,Hà Nội,1,1,1,1000000,Điện & Nước,Campaign,Android
ZLP002737,2024-01-15,25.0,Female,Nghệ An,3,1,1,2000000,Điện & Nước,Campaign,Android
ZLP002738,2024-04-30,30.0,Female,Hà Nội,1,1,1,1000000,Giải trí,Unknown,iOS
ZLP002739,2024-01-01,37.0,Female,Nghệ An,3,1,1,3000000,Viễn thông,Unknown,Android
ZLP002740,2024-01-15,33.0,Male,Hồ Chí Minh,1,1,1,5000000,Điện & Nước,Campaign,iOS
ZLP002741,2023-12-18,30.0,Female,Hà Nội,1,1,1,500000,Chăm sóc sức khỏe,Organic,iOS
ZLP002742,2024-04-30,30.0,Female,Cần Thơ,2,1,1,1000000,Viễn thông,Social,iOS
ZLP002743,2024-07-29,28.0,Female,Đồng Nai,3,0,1,2000000,Viễn thông,Campaign,iOS
ZLP002744,2024-07-29,31.0,Female,Đà Nẵng,2,1,1,2000000,Viễn thông,Organic,Android
ZLP002745,2024-06-29,18.0,Male,Hải Phòng,2,1,1,5000000,Du lịch & Vận chuyển,Organic,iOS
ZLP002746,2023-01-01,26.0,Male,Hồ Chí Minh,1,1,1,3000000,Chăm sóc sức khỏe,Organic,Android
ZLP002747,2024-08-28,27.0,Male,An Giang,3,1,1,2000000,Thời trang,Organic,Android
ZLP002748,2023-11-02,21.0,Male,Hồ Chí Minh,1,0,1,1000000,Thực phẩm & Ăn uống,Unknown,iOS
ZLP002749,2024-08-28,27.0,Female,Hải Phòng,2,1,1,3000000,Điện & Nước,Campaign,iOS
ZLP002750,2023-11-02,26.0,Female,Hà Nội,1,1,1,1000000,Du lịch & Vận chuyển,Organic,Android
ZLP002751,2024-01-01,27.0,Female,Hải Phòng,2,1,1,5000000,Điện tử,Organic,Android
ZLP002752,2024-05-30,37.0,Female,Cần Thơ,2,1,1,500000,Viễn thông,Campaign,iOS
ZLP002753,2024-03-31,25.0,Male,Hồ Chí Minh,1,1,1,2000000,Giải trí,Campaign,iOS
ZLP002754,2023-12-18,27.0,Female,An Giang,3,0,0,500000,Du lịch & Vận chuyển,Unknown,Android
ZLP002755,2024-03-31,27.0,Male,Hồ Chí Minh,1,1,1,2000000,Điện tử,Campaign,iOS
ZLP002756,2024-01-31,25.0,Male,Hồ Chí Minh,1,1,1,2000000,Giải trí,Unknown,iOS
ZLP002757,2023-12-02,29.0,Female,Đồng Nai,3,1,1,2000000,Viễn thông,Social,Android
ZLP002758,2024-03-31,23.0,Female,Hồ Chí Minh,1,0,1,3000000,Điện tử,Social,iOS
ZLP002759,2023-11-02,21.0,Female,Hồ Chí Minh,1,0,1,2000000,Điện & Nước,Campaign,iOS
ZLP002760,2024-04-30,31.0,Male,Đà Nẵng,2,0,1,1000000,Điện tử,Campaign,iOS
ZLP002761,2023-01-01,31.0,Female,Hải Phòng,2,1,0,3000000,Du lịch & Vận chuyển,Campaign,Android
ZLP002762,2024-01-31,23.0,Male,Hồ Chí Minh,1,1,1,3000000,Thời trang,Campaign,iOS
ZLP002763,2023-12-18,33.0,Male,Đà Nẵng,2,1,1,1000000,Điện tử,Organic,Android
ZLP002764,2023-12-02,24.0,Female,Bình Dương,3,1,1,3000000,Điện & Nước,Unknown,iOS
ZLP002765,2024-01-15,29.0,Female,Hải Phòng,2,1,1,5000000,Thời trang,Social,Android
ZLP002766,2024-03-31,32.0,Female,Nghệ An,3,1,1,2000000,Điện & Nước,Organic,Android
ZLP002767,2024-11-26,27.0,Female,Đồng Nai,3,1,1,1000000,Điện & Nước,Social,iOS
ZLP002768,2024-06-29,30.0,Female,Cần Thơ,2,1,1,2000000,Thời trang,Unknown,Android
ZLP002769,2024-04-30,24.0,Female,Hà Nội,1,1,1,1000000,Thời trang,Organic,Android
ZLP002770,2024-01-01,26.0,Female,Hồ Chí Minh,1,1,1,2000000,Viễn thông,Campaign,iOS
ZLP002771,2023-12-18,26.0,Female,Bình Dương,3,1,1,2000000,Thực phẩm & Ăn uống,Organic,Android
ZLP002772,2023-04-06,23.0,Female,Thanh Hóa,3,1,1,5000000,Điện tử,Organic,Android
ZLP002773,2023-12-18,26.0,Other,Bình Dương,3,1,1,2000000,Thời trang,Organic,iOS
ZLP002774,2024-07-29,18.0,Male,Hồ Chí Minh,1,1,1,1000000,Điện & Nước,Unknown,iOS
ZLP002775,2023-12-18,25.0,Female,Hà Nội,1,1,0,3000000,Điện tử,Campaign,Android
ZLP002776,2024-01-01,26.0,Female,Cần Thơ,2,1,1,1000000,Điện tử,Organic,Android
ZLP002777,2023-11-02,26.0,Male,Bình Dương,3,1,1,1000000,Điện tử,Unknown,Android
ZLP002778,2023-11-02,26.0,Female,Bình Dương,3,1,1,2000000,Chăm sóc sức khỏe,Campaign,Android
ZLP002779,2023-04-06,27.0,Male,Đà Nẵng,2,0,1,500000,Thời trang,Campaign,Android
ZLP002780,2024-03-01,27.0,Female,Hồ Chí Minh,1,1,1,5000000,Du lịch & Vận chuyển,Organic,Android
ZLP002781,2024-01-01,33.0,Female,Nghệ An,3,1,1,2000000,Giải trí,Unknown,Android
ZLP002782,2024-03-01,24.0,Male,Bình Dương,3,0,1,3000000,Điện tử,Organic,Unknown
ZLP002783,2024-01-31,27.0,Male,Hồ Chí Minh,1,1,1,1000000,Thực phẩm & Ăn uống,Campaign,iOS
ZLP002784,2024-06-29,21.0,Female,Hồ Chí Minh,1,1,1,3000000,Điện & Nước,Social,Android
ZLP002785,2024-05-30,25.0,Male,An Giang,3,0,1,2000000,Chăm sóc sức khỏe,Campaign,iOS
ZLP002786,2024-05-30,25.0,Male,Hải Phòng,2,1,1,2000000,Điện & Nước,Unknown,Android
ZLP002787,2024-01-15,23.0,Male,Hà Nội,1,1,1,5000000,Điện & Nước,Organic,Android
ZLP002788,2023-12-02,20.0,Female,Hồ Chí Minh,1,0,1,2000000,Du lịch & Vận chuyển,Referral,iOS
ZLP002789,2024-09-27,25.0,Female,Hồ Chí Minh,1,1,1,2000000,Thời trang,Unknown,iOS
ZLP002790,2023-04-06,29.0,Female,Hà Nội,1,1,1,500000,Viễn thông,Organic,Android
ZLP002791,2023-10-03,31.0,Male,Cần Thơ,2,1,1,1000000,Giải trí,Unknown,iOS
ZLP002792,2023-12-18,24.0,Female,Đà Nẵng,2,1,1,3000000,Điện tử,Referral,iOS
ZLP002793,2024-03-01,25.0,Female,Cần Thơ,2,1,1,3000000,Thời trang,Organic,Android
ZLP002794,2023-01-01,22.0,Male,Bình Dương,3,0,1,2000000,Viễn thông,Unknown,Android
ZLP002795,2024-04-30,27.0,Female,Hồ Chí Minh,1,1,1,5000000,Điện tử,Campaign,Android
ZLP002796,2024-01-31,22.0,Female,Hồ Chí Minh,1,1,1,2000000,Điện tử,Organic,iOS
ZLP002797,2024-01-15,31.0,Female,Hà Nội,1,1,1,2000000,Điện tử,Campaign,Android
ZLP002798,2023-12-18,18.0,Male,Hồ Chí Minh,1,1,1,2000000,Viễn thông,Campaign,Android
ZLP002799,2024-01-15,25.0,Male,Hồ Chí Minh,1,1,1,2000000,Điện tử,Campaign,iOS
ZLP002800,2023-10-03,29.0,Male,Cần Thơ,2,1,0,1000000,Thời trang,Referral,Android
ZLP002801,2023-07-05,29.0,Male,Đồng Nai,3,0,1,2000000,Chăm sóc sức khỏe,Campaign,Android
ZLP002802,2023-12-02,44.0,Female,Bình Dương,3,0,1,5000000,Thời trang,Campaign,iOS
ZLP002803,2024-04-30,30.0,Male,Đồng Nai,3,1,1,1000000,Điện & Nước,Campaign,Android
ZLP002804,2024-03-01,21.0,Female,Cần Thơ,2,1,1,1000000,Viễn thông,Social,Android
ZLP002805,2024-01-15,27.0,Male,Bình Dương,3,1,1,500000,Điện tử,Campaign,Android
ZLP002806,2024-01-31,18.0,Male,Hồ Chí Minh,1,1,1,1000000,Điện tử,Organic,iOS
ZLP002807,2024-01-31,27.0,Female,Thanh Hóa,3,1,1,2000000,Viễn thông,Campaign,iOS
ZLP002808,2023-12-02,23.0,Male,Hồ Chí Minh,1,1,1,500000,Thực phẩm & Ăn uống,Organic,iOS
ZLP002809,2023-07-05,33.0,Female,Hồ Chí Minh,1,1,1,2000000,Điện & Nước,Unknown,Android
ZLP002810,2024-08-28,24.0,Male,Hà Nội,1,1,1,2000000,Thực phẩm & Ăn uống,Campaign,Android
ZLP002811,2024-03-01,27.0,Male,Thanh Hóa,3,0,1,3000000,Điện & Nước,Organic,iOS
ZLP002812,2024-04-30,24.0,Female,Thanh Hóa,3,1,1,5000000,Du lịch & Vận chuyển,Unknown,Android
ZLP002813,2024-01-01,38.0,Female,Đồng Nai,3,1,1,2000000,Điện tử,Organic,iOS
ZLP002814,2024-05-30,26.0,Male,Cần Thơ,2,1,1,1000000,Giải trí,Social,Android
ZLP002815,2024-03-01,38.0,Male,Đà Nẵng,2,1,1,500000,Du lịch & Vận chuyển,Referral,iOS
ZLP002816,2023-04-06,32.0,Female,Thanh Hóa,3,1,1,3000000,Thời trang,Campaign,iOS
ZLP002817,2024-08-28,30.0,Female,Bình Dương,3,1,1,2000000,Thực phẩm & Ăn uống,Campaign,Android
ZLP002818,2023-12-02,30.0,Female,Nghệ An,3,1,1,1000000,Du lịch & Vận chuyển,Unknown,iOS
ZLP002819,2023-10-03,30.0,Male,Hà Nội,1,1,1,1000000,Viễn thông,Campaign,Android
ZLP002820,2023-07-05,18.0,Other,Hà Nội,1,0,1,3000000,Viễn thông,Unknown,Android
ZLP002821,2024-04-30,26.0,Male,Hải Phòng,2,1,1,2000000,Thực phẩm & Ăn uống,Unknown,iOS
ZLP002822,2024-04-30,33.0,Male,Hồ Chí Minh,1,1,1,2000000,Điện & Nước,Organic,Android
ZLP002823,2024-04-30,27.0,Female,Nghệ An,3,1,1,1000000,Viễn thông,Campaign,iOS
ZLP002824,2024-08-28,19.0,Male,Đà Nẵng,2,1,1,2000000,Điện & Nước,Unknown,Android
ZLP002825,2023-12-02,27.0,Male,An Giang,3,1,1,3000000,Điện & Nước,Organic,Android
ZLP002826,2024-01-31,38.0,Male,Hà Nội,1,1,1,3000000,Thời trang,Campaign,iOS
ZLP002827,2024-03-01,35.0,Male,Bình Dương,3,1,1,3000000,Điện tử,Campaign,Android
ZLP002828,2024-11-26,27.0,Female,Hà Nội,1,1,1,2000000,Thời trang,Organic,Android
ZLP002829,2023-12-02,33.0,Female,Cần Thơ,2,1,1,2000000,Điện & Nước,Organic,iOS
ZLP002830,2024-09-27,25.0,Male,Đà Nẵng,2,1,1,2000000,Thực phẩm & Ăn uống,Organic,iOS
ZLP002831,2023-10-03,18.0,Female,Nghệ An,3,1,1,1000000,Điện & Nước,Unknown,iOS
ZLP002832,2024-05-30,22.0,Female,Bình Dương,3,0,1,3000000,Điện tử,Campaign,Android
ZLP002833,2024-03-31,37.0,Female,Hồ Chí Minh,1,1,1,2000000,Chăm sóc sức khỏe,Organic,iOS
ZLP002834,2024-06-29,26.0,Male,Hồ Chí Minh,3,1,1,2000000,Điện & Nước,Referral,Unknown
ZLP002835,2023-01-01,26.0,Other,Hà Nội,1,1,1,5000000,Điện & Nước,Organic,Android
ZLP002836,2023-07-05,26.0,Female,Hà Nội,1,1,1,5000000,Thực phẩm & Ăn uống,Organic,iOS
ZLP002837,2023-04-06,39.0,Female,Hồ Chí Minh,1,1,1,2000000,Viễn thông,Unknown,Android
ZLP002838,2024-03-01,37.0,Male,An Giang,3,1,1,500000,Viễn thông,Campaign,Android
ZLP002839,2024-03-01,41.0,Male,Hà Nội,1,1,1,2000000,Viễn thông,Organic,Android
ZLP002840,2024-08-28,27.0,Female,Hồ Chí Minh,1,1,1,5000000,Viễn thông,Social,Android
ZLP002841,2024-01-01,29.0,Male,An Giang,3,1,1,1000000,Giải trí,Organic,Android
ZLP002842,2023-04-06,27.0,Female,Đồng Nai,3,1,1,5000000,Chăm sóc sức khỏe,Unknown,Android
ZLP002843,2023-11-02,36.0,Male,Hồ Chí Minh,1,1,1,500000,Thời trang,Organic,Android
ZLP002844,2023-01-01,20.0,Female,Đồng Nai,3,1,1,2000000,Chăm sóc sức khỏe,Social,Android
ZLP002845,2024-05-30,29.0,Male,An Giang,3,1,1,2000000,Điện & Nước,Organic,Android
ZLP002846,2024-06-29,21.0,Female,Hồ Chí Minh,1,1,1,1000000,Điện & Nước,Unknown,Android
ZLP002847,2024-11-26,24.0,Female,Đồng Nai,3,0,1,5000000,Viễn thông,Campaign,iOS
ZLP002848,2023-12-18,22.0,Male,Đà Nẵng,2,1,1,2000000,Thời trang,Organic,Android
ZLP002849,2023-01-01,24.0,Male,Cần Thơ,2,1,1,1000000,Du lịch & Vận chuyển,Social,iOS
ZLP002850,2023-11-02,24.0,Male,Hà Nội,1,1,1,2000000,Viễn thông,Campaign,Android
ZLP002851,2024-03-01,24.0,Female,Bình Dương,3,1,1,3000000,Điện & Nước,Referral,Android
ZLP002852,2024-11-26,33.0,Female,Hồ Chí Minh,1,0,1,1000000,Chăm sóc sức khỏe,Referral,Android
ZLP002853,2023-07-05,21.0,Male,Đồng Nai,3,0,1,3000000,Thực phẩm & Ăn uống,Unknown,iOS
ZLP002854,2023-07-05,29.0,Male,Hồ Chí Minh,1,1,1,1000000,Điện tử,Campaign,iOS
ZLP002855,2024-04-30,35.0,Male,Hồ Chí Minh,1,0,1,1000000,Thời trang,Unknown,Android
ZLP002856,2024-03-31,24.0,Female,Hồ Chí Minh,1,1,1,1000000,Điện & Nước,Campaign,Android
ZLP002857,2023-11-02,23.0,Female,Đồng Nai,3,1,1,1000000,Điện tử,Organic,iOS
ZLP002858,2024-06-29,26.0,Female,Hà Nội,1,1,1,1000000,Thực phẩm & Ăn uống,Organic,Android
ZLP002859,2023-10-03,27.0,Male,Hà Nội,1,1,1,5000000,Viễn thông,Referral,iOS
ZLP002860,2024-09-27,29.0,Male,Hà Nội,1,0,1,500000,Du lịch & Vận chuyển,Unknown,iOS
ZLP002861,2023-11-02,24.0,Female,Đồng Nai,3,1,1,1000000,Điện & Nước,Referral,iOS
ZLP002862,2023-07-05,30.0,Male,Hà Nội,1,1,1,1000000,Thực phẩm & Ăn uống,Organic,Android
ZLP002863,2023-12-02,21.0,Female,Đồng Nai,3,0,1,2000000,Viễn thông,Unknown,Android
ZLP002864,2023-10-03,32.0,Male,Hồ Chí Minh,1,1,1,3000000,Điện & Nước,Campaign,iOS
ZLP002865,2024-01-15,30.0,Male,Hồ Chí Minh,1,1,0,3000000,Điện & Nước,Organic,Android
ZLP002866,2024-04-30,26.0,Female,Đà Nẵng,2,1,1,500000,Điện & Nước,Unknown,Android
ZLP002867,2024-01-15,22.0,Other,Nghệ An,3,1,1,2000000,Thực phẩm & Ăn uống,Referral,iOS
ZLP002868,2024-03-31,22.0,Female,Hồ Chí Minh,1,1,1,2000000,Viễn thông,Unknown,Android
ZLP002869,2023-12-18,31.0,Male,Hồ Chí Minh,1,1,1,2000000,Chăm sóc sức khỏe,Campaign,iOS
ZLP002870,2023-01-01,35.0,Male,Hồ Chí Minh,1,1,1,1000000,Viễn thông,Campaign,iOS
ZLP002871,2024-11-26,24.0,Female,Cần Thơ,2,1,1,3000000,Điện tử,Campaign,Android
ZLP002872,2024-06-29,30.0,Female,Hà Nội,1,1,1,1000000,Viễn thông,Referral,Android
ZLP002873,2023-07-05,18.0,Female,Đồng Nai,3,0,1,1000000,Điện & Nước,Social,Android
ZLP002874,2024-01-01,24.0,Male,Hồ Chí Minh,1,1,1,1000000,Viễn thông,Referral,Android
ZLP002875,2024-03-31,27.0,Female,Hồ Chí Minh,1,1,1,2000000,Chăm sóc sức khỏe,Organic,Android
ZLP002876,2023-10-03,27.0,Female,Hà Nội,1,1,1,1000000,Điện & Nước,Social,Android
ZLP002877,2024-01-31,22.0,Female,Cần Thơ,2,1,1,2000000,Thực phẩm & Ăn uống,Referral,Android
ZLP002878,2024-01-31,23.0,Female,Bình Dương,3,1,1,3000000,Điện & Nước,Unknown,Android
ZLP002879,2023-11-02,29.0,Male,Hồ Chí Minh,1,1,1,2000000,Thời trang,Unknown,iOS
ZLP002880,2023-10-03,26.0,Female,Nghệ An,3,1,1,2000000,Giải trí,Campaign,Unknown
ZLP002881,2024-05-30,18.0,Female,Hà Nội,1,0,1,3000000,Thực phẩm & Ăn uống,Unknown,Android
ZLP002882,2023-12-02,18.0,Female,Bình Dương,3,1,1,3000000,Thời trang,Campaign,iOS
ZLP002883,2023-11-02,24.0,Female,Đà Nẵng,2,1,1,1000000,Thực phẩm & Ăn uống,Organic,Android
ZLP002884,2024-05-30,30.0,Female,Hồ Chí Minh,1,1,0,2000000,Giải trí,Organic,Android
ZLP002885,2024-05-30,18.0,Female,Hải Phòng,2,1,1,3000000,Điện tử,Campaign,iOS
ZLP002886,2023-12-02,25.0,Male,Đồng Nai,3,1,1,1000000,Điện & Nước,Referral,Android
ZLP002887,2024-07-29,24.0,Male,Hà Nội,1,1,1,1000000,Điện & Nước,Unknown,Android
ZLP002888,2024-04-30,36.0,Male,Đà Nẵng,2,1,1,1000000,Thực phẩm & Ăn uống,Campaign,Android
ZLP002889,2023-12-02,25.0,Male,Hồ Chí Minh,1,1,1,5000000,Thời trang,Referral,Android
ZLP002890,2023-12-18,30.0,Male,Bình Dương,3,0,1,500000,Viễn thông,Social,Android
ZLP002891,2024-04-30,28.0,Male,Hà Nội,1,0,1,1000000,Điện tử,Campaign,Android
ZLP002892,2023-11-02,18.0,Male,Hải Phòng,2,0,1,2000000,Thời trang,Organic,Android
ZLP002893,2024-01-01,32.0,Male,Hồ Chí Minh,1,1,1,3000000,Thực phẩm & Ăn uống,Social,Android
ZLP002894,2024-03-31,29.0,Male,Hồ Chí Minh,1,1,1,1000000,Thời trang,Campaign,Android
ZLP002895,2024-01-31,31.0,Male,Hồ Chí Minh,1,1,1,3000000,Du lịch & Vận chuyển,Referral,Android
ZLP002896,2024-03-01,51.0,Female,Hồ Chí Minh,1,1,1,2000000,Viễn thông,Referral,Android
ZLP002897,2024-01-31,18.0,Female,Đà Nẵng,2,1,0,2000000,Chăm sóc sức khỏe,Organic,Android
ZLP002898,2023-11-02,38.0,Male,Hồ Chí Minh,1,1,1,3000000,Điện & Nước,Organic,Unknown
ZLP002899,2023-12-18,26.0,Female,Đồng Nai,3,1,1,500000,Điện & Nước,Organic,Android
ZLP002900,2024-01-31,29.0,Female,Hồ Chí Minh,1,1,0,5000000,Giải trí,Organic,Android
ZLP002901,2024-05-30,27.0,Male,Bình Dương,3,1,1,3000000,Điện tử,Social,Android
ZLP002902,2024-03-31,25.0,Female,Đà Nẵng,2,1,0,5000000,Thời trang,Unknown,iOS
ZLP002903,2023-12-18,24.0,Female,Thanh Hóa,3,1,1,3000000,Thực phẩm & Ăn uống,Organic,iOS
ZLP002904,2024-11-26,29.0,Female,Thanh Hóa,3,1,0,3000000,Viễn thông,Campaign,iOS
ZLP002905,2023-07-05,18.0,Male,Hải Phòng,2,0,1,1000000,Thực phẩm & Ăn uống,Campaign,Android
ZLP002906,2023-11-02,32.0,Female,Bình Dương,3,1,1,1000000,Thời trang,Organic,Android
ZLP002907,2023-12-02,25.0,Female,Hà Nội,1,1,1,1000000,Thời trang,Organic,iOS
ZLP002908,2023-11-02,21.0,Female,Bình Dương,3,0,1,1000000,Điện & Nước,Campaign,iOS
ZLP002909,2024-03-01,25.0,Other,Nghệ An,3,1,1,3000000,Thực phẩm & Ăn uống,Campaign,Android
ZLP002910,2023-04-06,35.0,Female,Hồ Chí Minh,1,0,1,1000000,Thời trang,Unknown,iOS
ZLP002911,2023-10-03,24.0,Female,Đà Nẵng,2,1,1,500000,Giải trí,Unknown,iOS
ZLP002912,2023-12-02,30.0,Male,Hồ Chí Minh,1,1,1,3000000,Thời trang,Campaign,Android
ZLP002913,2024-03-31,23.0,Other,Đà Nẵng,2,1,1,5000000,Thời trang,Campaign,Android
ZLP002914,2024-07-29,27.0,Female,Hà Nội,1,1,1,3000000,Điện tử,Referral,Android
ZLP002915,2024-06-29,32.0,Male,Đà Nẵng,2,1,1,3000000,Thực phẩm & Ăn uống,Organic,iOS
ZLP002916,2023-10-03,39.0,Female,Đà Nẵng,2,1,1,2000000,Thực phẩm & Ăn uống,Unknown,Android
ZLP002917,2024-01-31,26.0,Male,Nghệ An,3,1,1,3000000,Thời trang,Organic,Android
ZLP002918,2023-01-01,32.0,Male,Đà Nẵng,2,1,1,2000000,Chăm sóc sức khỏe,Organic,Android
ZLP002919,2023-12-02,28.0,Female,Hải Phòng,2,1,1,5000000,Thời trang,Organic,iOS
ZLP002920,2024-06-29,35.0,Male,Hà Nội,1,1,1,1000000,Viễn thông,Referral,Android
ZLP002921,2024-01-01,23.0,Female,Hà Nội,1,1,0,3000000,Thực phẩm & Ăn uống,Organic,Android
ZLP002922,2023-10-03,32.0,Male,Hà Nội,1,1,0,2000000,Thực phẩm & Ăn uống,Organic,iOS
ZLP002923,2024-01-01,26.0,Male,Hồ Chí Minh,1,1,1,2000000,Thực phẩm & Ăn uống,Referral,iOS
ZLP002924,2023-11-02,27.0,Female,Hà Nội,1,1,1,3000000,Thực phẩm & Ăn uống,Referral,iOS
ZLP002925,2023-12-18,28.0,Male,Đà Nẵng,2,0,1,3000000,Thực phẩm & Ăn uống,Unknown,iOS
ZLP002926,2024-01-15,29.0,Female,Đà Nẵng,2,1,1,3000000,Điện tử,Social,Android
ZLP002927,2023-12-02,27.0,Female,Cần Thơ,2,1,1,1000000,Thực phẩm & Ăn uống,Referral,Android
ZLP002928,2024-09-27,29.0,Female,Hà Nội,1,1,1,1000000,Thực phẩm & Ăn uống,Campaign,Android
ZLP002929,2024-01-31,37.0,Female,Hồ Chí Minh,1,1,1,500000,Chăm sóc sức khỏe,Unknown,Android
ZLP002930,2024-07-29,33.0,Female,Cần Thơ,2,1,1,1000000,Điện tử,Organic,Android
ZLP002931,2024-05-30,33.0,Male,Hồ Chí Minh,1,1,1,1000000,Thực phẩm & Ăn uống,Campaign,Android
ZLP002932,2024-03-31,25.0,Female,Hồ Chí Minh,1,1,1,3000000,Giải trí,Organic,iOS
ZLP002933,2024-01-15,22.0,Male,Hồ Chí Minh,1,0,1,2000000,Điện & Nước,Campaign,Android
ZLP002934,2023-01-01,33.0,Female,Hồ Chí Minh,1,1,1,3000000,Viễn thông,Organic,Android
ZLP002935,2024-03-01,33.0,Female,Hồ Chí Minh,1,1,1,2000000,Điện & Nước,Referral,iOS
ZLP002936,2023-12-02,36.0,Female,Hồ Chí Minh,1,1,1,2000000,Chăm sóc sức khỏe,Unknown,iOS
ZLP002937,2023-07-05,24.0,Female,Hồ Chí Minh,1,1,1,1000000,Điện tử,Unknown,Android
ZLP002938,2024-01-01,26.0,Female,Cần Thơ,2,1,1,3000000,Điện tử,Referral,Android
ZLP002939,2024-05-30,18.0,Female,Hồ Chí Minh,1,1,1,3000000,Viễn thông,Unknown,Android
ZLP002940,2024-11-26,25.0,Female,Hà Nội,1,0,0,1000000,Điện tử,Organic,Android
ZLP002941,2023-12-18,33.0,Male,An Giang,3,1,1,1000000,Thực phẩm & Ăn uống,Unknown,iOS
ZLP002942,2024-01-31,25.0,Male,Đồng Nai,3,1,1,1000000,Chăm sóc sức khỏe,Campaign,Android
ZLP002943,2024-07-29,31.0,Female,Hà Nội,1,1,1,3000000,Viễn thông,Social,iOS
ZLP002944,2023-12-02,26.0,Female,An Giang,3,1,1,3000000,Viễn thông,Unknown,Android
ZLP002945,2023-10-03,29.0,Male,Hà Nội,1,1,1,2000000,Giải trí,Unknown,Android
ZLP002946,2023-12-02,21.0,Male,Hồ Chí Minh,1,1,1,1000000,Thực phẩm & Ăn uống,Unknown,Android
ZLP002947,2024-08-28,28.0,Male,Thanh Hóa,3,1,1,1000000,Thực phẩm & Ăn uống,Unknown,Android
ZLP002948,2023-10-03,18.0,Female,Hải Phòng,2,0,1,500000,Thực phẩm & Ăn uống,Campaign,Android
ZLP002949,2023-12-02,26.0,Female,Hà Nội,1,1,0,500000,Chăm sóc sức khỏe,Unknown,iOS
ZLP002950,2024-01-01,18.0,Male,Cần Thơ,2,0,1,1000000,Thực phẩm & Ăn uống,Unknown,Android
ZLP002951,2024-07-29,35.0,Male,Cần Thơ,2,1,1,1000000,Thực phẩm & Ăn uống,Social,Android
ZLP002952,2024-09-27,32.0,Male,Hồ Chí Minh,1,1,1,2000000,Điện & Nước,Unknown,iOS
ZLP002953,2023-12-18,30.0,Male,Hồ Chí Minh,1,1,1,1000000,Thực phẩm & Ăn uống,Referral,Android
ZLP002954,2024-09-27,37.0,Male,Hà Nội,1,0,1,2000000,Du lịch & Vận chuyển,Unknown,Android
ZLP002955,2023-10-03,22.0,Female,An Giang,3,1,1,2000000,Giải trí,Referral,iOS
ZLP002956,2023-10-03,38.0,Other,Hồ Chí Minh,1,1,1,2000000,Giải trí,Social,Android
ZLP002957,2024-09-27,33.0,Male,Đồng Nai,3,1,1,2000000,Thực phẩm & Ăn uống,Referral,Android
ZLP002958,2024-01-15,26.0,Male,Hồ Chí Minh,1,1,0,1000000,Chăm sóc sức khỏe,Social,iOS
ZLP002959,2023-10-03,34.0,Male,Hà Nội,1,0,1,3000000,Thời trang,Referral,Android
ZLP002960,2024-01-15,21.0,Male,Cần Thơ,2,1,1,5000000,Thời trang,Referral,Android
ZLP002961,2024-05-30,23.0,Male,Bình Dương,3,1,1,1000000,Chăm sóc sức khỏe,Campaign,iOS
ZLP002962,2024-06-29,24.0,Male,Hồ Chí Minh,1,0,1,500000,Chăm sóc sức khỏe,Referral,Android
ZLP002963,2024-07-29,24.0,Female,Hà Nội,1,1,1,3000000,Điện & Nước,Organic,iOS
ZLP002964,2024-01-31,21.0,Female,Đà Nẵng,2,0,1,5000000,Giải trí,Referral,iOS
ZLP002965,2024-07-29,35.0,Female,Hồ Chí Minh,1,1,0,500000,Chăm sóc sức khỏe,Campaign,Android
ZLP002966,2024-01-15,26.0,Female,Hồ Chí Minh,1,1,1,500000,Điện tử,Social,Android
ZLP002967,2024-03-01,30.0,Female,Cần Thơ,2,1,1,3000000,Chăm sóc sức khỏe,Referral,Android
ZLP002968,2024-05-30,24.0,Female,Đà Nẵng,2,1,1,1000000,Thời trang,Referral,Android
ZLP002969,2023-12-18,18.0,Female,Hồ Chí Minh,1,1,1,5000000,Chăm sóc sức khỏe,Campaign,Android
ZLP002970,2023-07-05,29.0,Male,Đà Nẵng,2,1,1,1000000,Thời trang,Unknown,Android
ZLP002971,2023-12-02,18.0,Male,An Giang,3,1,1,3000000,Thời trang,Unknown,Android
ZLP002972,2024-03-01,27.0,Female,Hồ Chí Minh,1,1,1,500000,Viễn thông,Social,Android
ZLP002973,2023-10-03,19.0,Male,Cần Thơ,2,1,1,1000000,Chăm sóc sức khỏe,Referral,iOS
ZLP002974,2023-10-03,39.0,Male,Hồ Chí Minh,1,0,1,5000000,Du lịch & Vận chuyển,Organic,Unknown
ZLP002975,2023-12-02,33.0,Female,Hồ Chí Minh,1,0,1,1000000,Giải trí,Unknown,Android
ZLP002976,2023-04-06,28.0,Female,Hồ Chí Minh,1,0,1,1000000,Điện & Nước,Campaign,Android
ZLP002977,2024-05-30,35.0,Male,Hà Nội,1,1,1,3000000,Viễn thông,Organic,Android
ZLP002978,2023-11-02,22.0,Female,Hồ Chí Minh,3,1,1,1000000,Điện tử,Campaign,iOS
ZLP002979,2023-10-03,31.0,Female,Hà Nội,1,1,1,500000,Chăm sóc sức khỏe,Unknown,Android
ZLP002980,2024-04-30,29.0,Male,Cần Thơ,2,1,1,1000000,Điện tử,Referral,iOS
ZLP002981,2024-07-29,29.0,Female,Hà Nội,1,1,1,2000000,Thực phẩm & Ăn uống,Unknown,iOS
ZLP002982,2023-01-01,35.0,Male,Hồ Chí Minh,1,1,1,3000000,Điện tử,Organic,Android
ZLP002983,2023-11-02,32.0,Male,Đà Nẵng,2,1,0,3000000,Điện & Nước,Organic,Android
ZLP002984,2024-09-27,29.0,Female,Đồng Nai,3,1,1,2000000,Điện tử,Unknown,Android
ZLP002985,2023-12-18,18.0,Male,Hải Phòng,2,1,1,2000000,Điện & Nước,Campaign,Android
ZLP002986,2024-09-27,22.0,Male,Hải Phòng,2,1,1,1000000,Điện & Nước,Referral,Android
ZLP002987,2023-11-02,27.0,Male,Hà Nội,1,1,0,3000000,Điện tử,Unknown,Android
ZLP002988,2023-11-02,28.0,Female,Đồng Nai,3,1,1,3000000,Thực phẩm & Ăn uống,Campaign,iOS
ZLP002989,2023-11-02,21.0,Female,Hồ Chí Minh,1,1,1,5000000,Điện & Nước,Organic,Android
ZLP002990,2023-07-05,42.0,Male,Bình Dương,3,1,1,5000000,Thực phẩm & Ăn uống,Unknown,Android
ZLP002991,2024-08-28,37.0,Female,Nghệ An,3,1,0,1000000,Điện & Nước,Organic,Android
ZLP002992,2024-11-26,31.0,Male,Hồ Chí Minh,1,1,1,2000000,Thực phẩm & Ăn uống,Unknown,Android
ZLP002993,2024-09-27,28.0,Female,Hà Nội,1,1,0,2000000,Điện & Nước,Unknown,Android
ZLP002994,2024-07-29,26.0,Male,Cần Thơ,2,0,1,1000000,Viễn thông,Social,Android
ZLP002995,2024-07-29,22.0,Female,Bình Dương,3,0,1,500000,Viễn thông,Organic,Android
ZLP002996,2024-03-31,28.0,Other,Hồ Chí Minh,1,1,1,3000000,Thực phẩm & Ăn uống,Organic,iOS
ZLP002997,2024-06-29,29.0,Female,Thanh Hóa,3,1,1,2000000,Điện & Nước,Campaign,iOS
ZLP002998,2023-11-02,20.0,Male,Cần Thơ,2,1,1,2000000,Thực phẩm & Ăn uống,Referral,Android
ZLP002999,2023-12-18,30.0,Female,Hồ Chí Minh,1,1,1,2000000,Thực phẩm & Ăn uống,Unknown,Android
ZLP003000,2024-03-31,27.0,Male,Hồ Chí Minh,1,1,1,3000000,Chăm sóc sức khỏe,Social,Android
ZLP003001,2024-07-29,18.0,Female,Đồng Nai,3,1,0,1000000,Chăm sóc sức khỏe,Organic,Android
ZLP003002,2024-03-31,22.0,Male,Hồ Chí Minh,1,1,1,2000000,Chăm sóc sức khỏe,Unknown,Android
ZLP003003,2024-07-29,25.0,Male,Hồ Chí Minh,1,1,1,2000000,Thực phẩm & Ăn uống,Organic,Android
ZLP003004,2024-01-01,39.0,Male,Đà Nẵng,2,0,1,3000000,Viễn thông,Social,Android
ZLP003005,2024-04-30,31.0,Male,Cần Thơ,2,1,1,2000000,Thực phẩm & Ăn uống,Referral,Android
ZLP003006,2024-11-26,19.0,Female,Bình Dương,3,1,1,5000000,Điện tử,Referral,iOS
ZLP003007,2023-10-03,30.0,Female,Hà Nội,1,1,1,1000000,Thực phẩm & Ăn uống,Referral,Android
ZLP003008,2024-09-27,18.0,Female,Đồng Nai,3,1,1,5000000,Thời trang,Social,iOS
ZLP003009,2024-01-15,34.0,Female,Thanh Hóa,3,1,1,3000000,Điện tử,Referral,Android
ZLP003010,2024-03-31,25.0,Female,Hồ Chí Minh,1,0,1,2000000,Du lịch & Vận chuyển,Social,Android
ZLP003011,2024-08-28,27.0,Male,Bình Dương,3,1,1,1000000,Giải trí,Organic,iOS
ZLP003012,2023-12-18,35.0,Male,An Giang,3,1,1,1000000,Chăm sóc sức khỏe,Social,Android
ZLP003013,2023-12-18,20.0,Male,Bình Dương,3,0,1,3000000,Điện & Nước,Unknown,Android
ZLP003014,2024-01-15,19.0,Male,Bình Dương,3,1,1,2000000,Giải trí,Referral,Android
ZLP003015,2023-01-01,27.0,Male,Hồ Chí Minh,1,1,1,2000000,Điện tử,Unknown,Android
ZLP003016,2024-01-15,34.0,Male,Đà Nẵng,2,1,1,2000000,Điện tử,Organic,iOS
ZLP003017,2023-12-02,18.0,Female,Đà Nẵng,2,1,1,3000000,Điện & Nước,Social,Android
ZLP003018,2024-09-27,18.0,Male,Bình Dương,3,1,1,500000,Thực phẩm & Ăn uống,Organic,iOS
ZLP003019,2023-07-05,25.0,Female,Thanh Hóa,3,1,1,500000,Thời trang,Campaign,Android
ZLP003020,2024-01-01,31.0,Male,Hồ Chí Minh,1,1,1,500000,Viễn thông,Referral,iOS
ZLP003021,2024-09-27,35.0,Female,Hồ Chí Minh,1,1,1,1000000,Điện & Nước,Referral,iOS
ZLP003022,2024-08-28,25.0,Female,Hồ Chí Minh,1,0,1,2000000,Thời trang,Referral,Android
ZLP003023,2024-04-30,25.0,Female,Bình Dương,3,1,1,3000000,Thực phẩm & Ăn uống,Unknown,iOS
ZLP003024,2024-03-01,34.0,Female,Hồ Chí Minh,1,1,1,1000000,Điện & Nước,Unknown,Android
ZLP003025,2023-12-02,18.0,Male,Hồ Chí Minh,2,1,1,500000,Thực phẩm & Ăn uống,Unknown,Android
ZLP003026,2023-12-18,25.0,Male,Hà Nội,1,1,1,2000000,Điện & Nước,Referral,Android
ZLP003027,2023-07-05,29.0,Male,Hà Nội,1,1,1,5000000,Thực phẩm & Ăn uống,Social,Unknown
ZLP003028,2024-06-29,30.0,Male,Hồ Chí Minh,1,1,1,1000000,Viễn thông,Social,Android
ZLP003029,2023-12-02,24.0,Female,Hải Phòng,2,0,1,5000000,Giải trí,Referral,iOS
ZLP003030,2024-03-31,28.0,Female,Đà Nẵng,2,1,1,1000000,Điện & Nước,Campaign,Android
ZLP003031,2023-12-18,18.0,Female,Nghệ An,3,1,1,1000000,Thời trang,Campaign,iOS
ZLP003032,2024-01-01,24.0,Male,Đà Nẵng,2,1,1,3000000,Điện & Nước,Campaign,Android
ZLP003033,2024-01-31,30.0,Male,Hồ Chí Minh,1,1,1,2000000,Viễn thông,Campaign,Android
ZLP003034,2024-06-29,27.0,Female,Hồ Chí Minh,1,0,1,3000000,Viễn thông,Referral,iOS
ZLP003035,2023-11-02,28.0,Female,Thanh Hóa,3,1,1,3000000,Giải trí,Referral,Android
ZLP003036,2023-12-18,30.0,Female,Bình Dương,3,0,1,1000000,Điện & Nước,Campaign,iOS
ZLP003037,2023-10-03,25.0,Female,Hồ Chí Minh,1,1,1,2000000,Thời trang,Unknown,iOS
ZLP003038,2023-07-05,29.0,Male,Bình Dương,3,0,1,2000000,Thời trang,Campaign,iOS
ZLP003039,2024-03-01,22.0,Male,Hà Nội,1,1,1,3000000,Chăm sóc sức khỏe,Organic,iOS
ZLP003040,2023-10-03,26.0,Female,Hà Nội,1,1,1,2000000,Thời trang,Social,Android
ZLP003041,2023-04-06,31.0,Male,Hồ Chí Minh,1,1,1,500000,Viễn thông,Social,Android
ZLP003042,2024-08-28,28.0,Male,Hải Phòng,2,0,1,2000000,Thời trang,Unknown,iOS
ZLP003043,2024-01-31,24.0,Male,Hồ Chí Minh,1,1,1,5000000,Giải trí,Social,iOS
ZLP003044,2023-10-03,29.0,Male,Hà Nội,1,1,1,500000,Chăm sóc sức khỏe,Campaign,Android
ZLP003045,2023-04-06,32.0,Female,Hà Nội,1,1,0,1000000,Thực phẩm & Ăn uống,Organic,Android
ZLP003046,2023-07-05,18.0,Female,Hồ Chí Minh,1,1,1,1000000,Thực phẩm & Ăn uống,Campaign,Android
ZLP003047,2024-01-01,34.0,Male,Đà Nẵng,2,1,1,3000000,Điện & Nước,Organic,Android
ZLP003048,2024-03-31,25.0,Female,Hồ Chí Minh,1,1,1,1000000,Thời trang,Social,Android
ZLP003049,2024-03-31,30.0,Female,Hồ Chí Minh,1,1,1,1000000,Viễn thông,Unknown,Android
ZLP003050,2023-10-03,35.0,Female,Nghệ An,3,1,1,2000000,Điện & Nước,Organic,iOS
ZLP003051,2024-03-31,19.0,Female,Hà Nội,1,1,1,500000,Thực phẩm & Ăn uống,Organic,Android
ZLP003052,2023-12-18,23.0,Male,Hà Nội,1,1,0,1000000,Điện & Nước,Organic,Android
ZLP003053,2024-01-01,26.0,Male,Hà Nội,1,1,1,2000000,Điện & Nước,Referral,iOS
ZLP003054,2024-06-29,23.0,Female,Đà Nẵng,2,1,1,1000000,Viễn thông,Referral,Android
ZLP003055,2023-12-02,38.0,Female,Đồng Nai,3,1,1,1000000,Giải trí,Unknown,Android
ZLP003056,2023-10-03,22.0,Female,Hồ Chí Minh,1,1,1,1000000,Chăm sóc sức khỏe,Referral,Android
ZLP003057,2024-07-29,24.0,Other,Hải Phòng,2,1,1,1000000,Thời trang,Campaign,iOS
ZLP003058,2023-11-02,29.0,Female,Bình Dương,3,1,1,3000000,Viễn thông,Campaign,Android
ZLP003059,2023-12-02,20.0,Male,Bình Dương,3,1,1,2000000,Thực phẩm & Ăn uống,Organic,Android
ZLP003060,2024-04-30,25.0,Male,Hồ Chí Minh,1,1,1,2000000,Thời trang,Referral,iOS
ZLP003061,2024-03-31,29.0,Male,Hồ Chí Minh,1,1,1,1000000,Điện & Nước,Campaign,Android
ZLP003062,2024-06-29,27.0,Female,Đà Nẵng,2,1,1,500000,Giải trí,Referral,iOS
ZLP003063,2023-10-03,27.0,Female,Hải Phòng,2,0,1,3000000,Thời trang,Campaign,Android
ZLP003064,2023-12-02,24.0,Female,Đà Nẵng,2,1,1,1000000,Giải trí,Organic,iOS
ZLP003065,2023-10-03,18.0,Female,Hồ Chí Minh,1,1,1,1000000,Thực phẩm & Ăn uống,Referral,Android
ZLP003066,2024-01-31,29.0,Female,Hồ Chí Minh,1,0,1,3000000,Thời trang,Campaign,Android
ZLP003067,2023-12-02,38.0,Female,Bình Dương,3,0,1,3000000,Thực phẩm & Ăn uống,Campaign,iOS
ZLP003068,2024-04-30,28.0,Female,Bình Dương,3,1,1,3000000,Điện & Nước,Unknown,Android
ZLP003069,2023-01-01,29.0,Male,Hồ Chí Minh,1,1,1,2000000,Chăm sóc sức khỏe,Referral,Android
ZLP003070,2023-04-06,32.0,Female,Hồ Chí Minh,1,0,1,1000000,Thực phẩm & Ăn uống,Unknown,iOS
ZLP003071,2024-01-01,20.0,Female,Hà Nội,1,1,1,5000000,Thực phẩm & Ăn uống,Campaign,Android
ZLP003072,2024-09-27,38.0,Male,Đà Nẵng,2,1,0,5000000,Thực phẩm & Ăn uống,Organic,Android
ZLP003073,2024-08-28,29.0,Male,Bình Dương,3,1,1,1000000,Thực phẩm & Ăn uống,Social,Android
ZLP003074,2024-11-26,37.0,Female,Đồng Nai,3,1,1,3000000,Điện tử,Organic,iOS
ZLP003075,2023-12-18,23.0,Male,Cần Thơ,2,1,1,2000000,Điện tử,Social,Android
ZLP003076,2023-04-06,38.0,Male,Hồ Chí Minh,1,0,1,2000000,Chăm sóc sức khỏe,Social,Android
ZLP003077,2023-12-02,32.0,Male,Bình Dương,3,1,0,1000000,Giải trí,Unknown,Android
ZLP003078,2024-03-31,31.0,Female,Thanh Hóa,3,1,1,2000000,Thực phẩm & Ăn uống,Unknown,Android
ZLP003079,2023-10-03,29.0,Female,An Giang,3,1,1,1000000,Thực phẩm & Ăn uống,Unknown,Android
ZLP003080,2023-12-02,26.0,Male,Hải Phòng,2,1,1,2000000,Thực phẩm & Ăn uống,Social,Android
ZLP003081,2023-04-06,35.0,Male,Hà Nội,1,1,1,1000000,Điện & Nước,Organic,Android
ZLP003082,2024-01-01,28.0,Other,Bình Dương,3,0,1,2000000,Điện tử,Campaign,Android
ZLP003083,2023-11-02,18.0,Female,Hải Phòng,2,1,1,2000000,Thời trang,Organic,Android
ZLP003084,2023-07-05,21.0,Female,Cần Thơ,2,1,1,3000000,Viễn thông,Campaign,Android
ZLP003085,2023-12-18,26.0,Male,Hồ Chí Minh,1,1,1,1000000,Chăm sóc sức khỏe,Campaign,iOS
ZLP003086,2023-12-02,27.0,Male,Nghệ An,3,1,1,3000000,Thời trang,Unknown,iOS
ZLP003087,2024-01-31,27.0,Male,Hà Nội,1,1,1,2000000,Điện & Nước,Unknown,Android
ZLP003088,2024-05-30,35.0,Female,Hồ Chí Minh,1,1,0,3000000,Viễn thông,Organic,Android
ZLP003089,2023-07-05,18.0,Male,Hồ Chí Minh,1,1,1,2000000,Du lịch & Vận chuyển,Referral,iOS
ZLP003090,2024-06-29,28.0,Male,Cần Thơ,2,1,1,3000000,Thực phẩm & Ăn uống,Campaign,iOS
ZLP003091,2023-01-01,18.0,Male,Hà Nội,1,1,1,2000000,Giải trí,Campaign,iOS
ZLP003092,2024-01-01,32.0,Male,Hồ Chí Minh,1,1,1,2000000,Thực phẩm & Ăn uống,Campaign,Android
ZLP003093,2024-03-01,27.0,Female,Bình Dương,3,1,1,1000000,Viễn thông,Unknown,Android
ZLP003094,2024-09-27,30.0,Male,Đồng Nai,3,1,1,5000000,Thời trang,Social,Android
ZLP003095,2024-01-31,22.0,Female,Bình Dương,3,1,1,3000000,Điện & Nước,Unknown,iOS
ZLP003096,2023-10-03,35.0,Female,Hồ Chí Minh,1,0,1,2000000,Chăm sóc sức khỏe,Campaign,Android
ZLP003097,2024-01-15,34.0,Male,Bình Dương,3,1,1,1000000,Thời trang,Referral,Android
ZLP003098,2023-12-18,31.0,Female,Hồ Chí Minh,1,1,1,3000000,Giải trí,Referral,iOS
ZLP003099,2024-01-01,27.0,Female,Hà Nội,1,1,1,5000000,Điện tử,Referral,iOS
ZLP003100,2023-11-02,31.0,Female,Hà Nội,1,0,1,1000000,Điện & Nước,Unknown,iOS
ZLP003101,2024-01-15,23.0,Male,Hải Phòng,2,1,1,5000000,Thực phẩm & Ăn uống,Campaign,Android
ZLP003102,2023-10-03,33.0,Male,Hà Nội,1,1,1,1000000,Thời trang,Campaign,iOS
ZLP003103,2024-05-30,37.0,Male,Hồ Chí Minh,1,1,1,5000000,Du lịch & Vận chuyển,Unknown,iOS
ZLP003104,2024-03-01,34.0,Female,Hà Nội,1,0,1,3000000,Thực phẩm & Ăn uống,Referral,Android
ZLP003105,2023-07-05,23.0,Female,Hà Nội,1,1,1,1000000,Thời trang,Referral,Android
ZLP003106,2024-08-28,30.0,Female,Nghệ An,3,1,1,1000000,Viễn thông,Organic,iOS
ZLP003107,2024-03-01,20.0,Male,Nghệ An,3,1,1,2000000,Viễn thông,Organic,Android
ZLP003108,2023-12-02,31.0,Male,Hồ Chí Minh,1,1,1,2000000,Thời trang,Campaign,Android
ZLP003109,2023-04-06,30.0,Female,Hồ Chí Minh,1,1,1,5000000,Điện tử,Campaign,Android
ZLP003110,2024-03-01,18.0,Female,Hồ Chí Minh,1,1,1,3000000,Thực phẩm & Ăn uống,Campaign,iOS
ZLP003111,2023-12-18,21.0,Female,Đồng Nai,3,1,1,2000000,Thực phẩm & Ăn uống,Unknown,iOS
ZLP003112,2024-08-28,26.0,Male,Hồ Chí Minh,1,0,1,5000000,Viễn thông,Organic,iOS
ZLP003113,2023-04-06,26.0,Male,Hồ Chí Minh,1,1,1,2000000,Điện tử,Organic,Android
ZLP003114,2023-04-06,20.0,Male,Đà Nẵng,2,1,1,3000000,Điện & Nước,Organic,Android
ZLP003115,2024-09-27,30.0,Male,Hồ Chí Minh,1,1,0,3000000,Thực phẩm & Ăn uống,Referral,iOS
ZLP003116,2024-11-26,29.0,Male,Hồ Chí Minh,1,1,1,5000000,Điện & Nước,Unknown,Android
ZLP003117,2023-01-01,27.0,Male,Hà Nội,1,1,1,500000,Thời trang,Social,Android
ZLP003118,2024-04-30,23.0,Male,Hồ Chí Minh,1,1,1,2000000,Điện & Nước,Referral,Android
ZLP003119,2023-11-02,34.0,Male,Đà Nẵng,2,1,1,2000000,Giải trí,Organic,Android
ZLP003120,2024-04-30,37.0,Male,Thanh Hóa,3,1,1,2000000,Thực phẩm & Ăn uống,Campaign,iOS
ZLP003121,2024-07-29,25.0,Female,Hồ Chí Minh,1,1,0,2000000,Điện tử,Social,Android
ZLP003122,2023-07-05,24.0,Male,Hà Nội,1,1,1,3000000,Chăm sóc sức khỏe,Referral,Android
ZLP003123,2023-11-02,30.0,Female,Nghệ An,3,1,1,1000000,Viễn thông,Organic,Android
ZLP003124,2023-01-01,27.0,Female,Hải Phòng,2,1,1,2000000,Thời trang,Campaign,Android
ZLP003125,2023-04-06,27.0,Female,Hà Nội,1,0,1,1000000,Chăm sóc sức khỏe,Organic,Android
ZLP003126,2023-01-01,32.0,Female,Bình Dương,3,0,1,1000000,Thời trang,Unknown,iOS
ZLP003127,2024-06-29,18.0,Male,Hồ Chí Minh,1,0,0,2000000,Thực phẩm & Ăn uống,Unknown,Unknown
ZLP003128,2023-12-02,35.0,Female,Bình Dương,3,0,1,1000000,Thực phẩm & Ăn uống,Organic,Unknown
ZLP003129,2024-01-15,28.0,Female,Thanh Hóa,3,0,1,1000000,Thực phẩm & Ăn uống,Referral,Android
ZLP003130,2024-06-29,25.0,Female,Đà Nẵng,2,1,1,2000000,Thời trang,Organic,Android
ZLP003131,2024-01-15,27.0,Male,Hà Nội,1,0,1,500000,Điện & Nước,Unknown,iOS
ZLP003132,2024-01-01,27.0,Male,Hồ Chí Minh,1,1,0,1000000,Thực phẩm & Ăn uống,Organic,iOS
ZLP003133,2023-01-01,18.0,Male,Cần Thơ,2,1,1,3000000,Thời trang,Referral,iOS
ZLP003134,2024-01-31,36.0,Female,Đà Nẵng,2,1,1,3000000,Chăm sóc sức khỏe,Unknown,Android
ZLP003135,2023-10-03,28.0,Female,Cần Thơ,2,1,1,1000000,Thực phẩm & Ăn uống,Social,Android
ZLP003136,2024-05-30,30.0,Male,Hồ Chí Minh,1,0,1,1000000,Du lịch & Vận chuyển,Organic,Android
ZLP003137,2023-11-02,33.0,Female,Đà Nẵng,2,1,1,5000000,Thực phẩm & Ăn uống,Campaign,Android
ZLP003138,2024-03-31,21.0,Female,Đà Nẵng,2,1,1,500000,Điện tử,Organic,iOS
ZLP003139,2024-03-31,30.0,Male,Hồ Chí Minh,1,1,0,2000000,Điện & Nước,Unknown,Android
ZLP003140,2024-03-01,26.0,Female,Hồ Chí Minh,1,1,1,2000000,Viễn thông,Campaign,iOS
ZLP003141,2023-11-02,33.0,Female,Hồ Chí Minh,1,1,1,3000000,Chăm sóc sức khỏe,Organic,Android
ZLP003142,2023-11-02,18.0,Male,Bình Dương,3,1,1,5000000,Thời trang,Referral,iOS
ZLP003143,2024-07-29,27.0,Female,Cần Thơ,2,1,1,1000000,Giải trí,Social,iOS
ZLP003144,2023-01-01,24.0,Male,Hải Phòng,2,0,1,2000000,Điện tử,Campaign,iOS
ZLP003145,2023-10-03,30.0,Female,Hà Nội,1,1,1,2000000,Thực phẩm & Ăn uống,Campaign,Android
ZLP003146,2024-03-01,30.0,Female,An Giang,3,1,1,5000000,Chăm sóc sức khỏe,Referral,Android
ZLP003147,2024-06-29,23.0,Female,Bình Dương,3,1,1,3000000,Thực phẩm & Ăn uống,Referral,iOS
ZLP003148,2023-12-18,23.0,Male,Hà Nội,1,1,1,2000000,Thực phẩm & Ăn uống,Referral,iOS
ZLP003149,2024-03-31,27.0,Male,Hồ Chí Minh,1,1,1,3000000,Điện & Nước,Organic,Android
ZLP003150,2024-01-31,22.0,Male,Hồ Chí Minh,1,0,1,500000,Chăm sóc sức khỏe,Unknown,iOS
ZLP003151,2023-04-06,33.0,Female,Nghệ An,3,0,1,1000000,Thực phẩm & Ăn uống,Organic,Android
ZLP003152,2024-03-01,25.0,Male,Hà Nội,1,1,1,500000,Điện tử,Campaign,iOS
ZLP003153,2024-06-29,18.0,Female,Hà Nội,1,1,1,1000000,Điện & Nước,Organic,Android
ZLP003154,2024-11-26,25.0,Male,Hồ Chí Minh,1,1,1,2000000,Chăm sóc sức khỏe,Unknown,Android
ZLP003155,2023-01-01,21.0,Female,Đồng Nai,3,0,0,3000000,Chăm sóc sức khỏe,Social,iOS
ZLP003156,2024-03-31,18.0,Male,Hồ Chí Minh,1,0,1,2000000,Thực phẩm & Ăn uống,Unknown,Android
ZLP003157,2023-12-18,20.0,Female,Hà Nội,1,1,1,2000000,Điện tử,Organic,iOS
ZLP003158,2023-01-01,28.0,Female,Hà Nội,1,1,1,1000000,Thực phẩm & Ăn uống,Referral,iOS
ZLP003159,2024-03-01,35.0,Male,Hà Nội,1,1,1,2000000,Thời trang,Organic,iOS
ZLP003160,2023-07-05,29.0,Male,Hà Nội,1,0,1,2000000,Du lịch & Vận chuyển,Unknown,iOS
ZLP003161,2023-12-18,24.0,Female,Đà Nẵng,2,1,1,2000000,Giải trí,Campaign,Android
ZLP003162,2023-11-02,30.0,Male,Đồng Nai,3,1,1,1000000,Thực phẩm & Ăn uống,Campaign,iOS
ZLP003163,2023-12-18,25.0,Female,Đồng Nai,3,1,1,2000000,Thực phẩm & Ăn uống,Campaign,iOS
ZLP003164,2024-01-15,23.0,Female,Đồng Nai,3,1,1,2000000,Viễn thông,Campaign,iOS
ZLP003165,2023-12-18,21.0,Female,Hồ Chí Minh,1,1,1,2000000,Chăm sóc sức khỏe,Referral,Android
ZLP003166,2024-01-31,18.0,Female,Đồng Nai,3,1,1,1000000,Điện tử,Campaign,iOS
ZLP003167,2023-11-02,25.0,Female,Hồ Chí Minh,1,1,1,2000000,Điện & Nước,Referral,Android
ZLP003168,2024-03-31,28.0,Female,Hồ Chí Minh,1,1,1,1000000,Điện & Nước,Campaign,Android
ZLP003169,2024-07-29,27.0,Female,Nghệ An,3,1,1,3000000,Thời trang,Referral,Unknown
ZLP003170,2023-11-02,27.0,Female,Đồng Nai,3,1,1,3000000,Viễn thông,Social,Android
ZLP003171,2024-01-15,22.0,Male,Đà Nẵng,2,1,1,5000000,Điện & Nước,Organic,Android
ZLP003172,2024-03-31,31.0,Male,Hải Phòng,2,1,1,2000000,Thực phẩm & Ăn uống,Unknown,Android
ZLP003173,2024-01-31,20.0,Male,Thanh Hóa,3,1,1,1000000,Du lịch & Vận chuyển,Referral,Android
ZLP003174,2023-12-18,32.0,Female,Cần Thơ,2,1,0,3000000,Thực phẩm & Ăn uống,Campaign,Android
ZLP003175,2024-03-31,21.0,Female,Cần Thơ,2,0,1,2000000,Điện tử,Organic,Android
ZLP003176,2023-01-01,23.0,Male,Bình Dương,3,1,1,1000000,Du lịch & Vận chuyển,Organic,iOS
ZLP003177,2023-12-18,27.0,Male,Hồ Chí Minh,1,1,1,3000000,Điện & Nước,Campaign,iOS
ZLP003178,2024-01-31,24.0,Female,Hồ Chí Minh,1,1,1,1000000,Thời trang,Campaign,Android
ZLP003179,2023-01-01,27.0,Female,Bình Dương,3,0,1,1000000,Du lịch & Vận chuyển,Campaign,Android
ZLP003180,2024-01-15,31.0,Female,Hà Nội,1,1,0,3000000,Viễn thông,Unknown,iOS
ZLP003181,2024-03-31,33.0,Female,Hồ Chí Minh,1,1,1,3000000,Giải trí,Referral,Android
ZLP003182,2024-05-30,31.0,Male,Hà Nội,1,1,1,3000000,Thực phẩm & Ăn uống,Social,iOS
ZLP003183,2023-07-05,21.0,Female,Hà Nội,1,1,1,1000000,Viễn thông,Organic,iOS
ZLP003184,2024-11-26,26.0,Male,Nghệ An,3,1,1,3000000,Chăm sóc sức khỏe,Campaign,Android
ZLP003185,2024-03-01,23.0,Female,Bình Dương,3,0,1,3000000,Thực phẩm & Ăn uống,Organic,iOS
ZLP003186,2023-12-18,35.0,Male,Đà Nẵng,2,1,1,3000000,Điện tử,Unknown,Android
ZLP003187,2023-11-02,20.0,Female,Nghệ An,3,1,1,3000000,Thực phẩm & Ăn uống,Referral,Android
ZLP003188,2024-01-31,33.0,Male,An Giang,3,1,1,2000000,Thời trang,Organic,iOS
ZLP003189,2024-08-28,33.0,Male,Đà Nẵng,2,1,1,1000000,Điện & Nước,Campaign,iOS
ZLP003190,2024-01-15,38.0,Female,An Giang,3,0,1,3000000,Thực phẩm & Ăn uống,Unknown,iOS
ZLP003191,2024-03-31,25.0,Male,Hà Nội,1,1,1,2000000,Điện tử,Campaign,iOS
ZLP003192,2023-12-18,32.0,Male,Hồ Chí Minh,1,1,1,1000000,Thực phẩm & Ăn uống,Organic,iOS
ZLP003193,2023-12-18,41.0,Female,Hồ Chí Minh,1,1,1,3000000,Chăm sóc sức khỏe,Organic,iOS
ZLP003194,2023-12-02,24.0,Female,Cần Thơ,2,0,0,2000000,Giải trí,Campaign,Android
ZLP003195,2024-04-30,18.0,Male,Đà Nẵng,2,1,1,2000000,Điện & Nước,Organic,iOS
ZLP003196,2023-12-18,18.0,Female,Cần Thơ,2,0,1,1000000,Chăm sóc sức khỏe,Referral,iOS
ZLP003197,2023-10-03,32.0,Female,Bình Dương,3,1,1,1000000,Điện & Nước,Campaign,iOS
ZLP003198,2023-12-18,18.0,Male,Hồ Chí Minh,1,1,1,1000000,Du lịch & Vận chuyển,Organic,iOS
ZLP003199,2024-07-29,25.0,Male,Hồ Chí Minh,1,1,1,3000000,Giải trí,Campaign,iOS
ZLP003200,2024-05-30,30.0,Male,Đà Nẵng,2,1,1,1000000,Thời trang,Organic,Android
ZLP003201,2023-12-02,29.0,Female,Hồ Chí Minh,1,1,1,500000,Thực phẩm & Ăn uống,Referral,Unknown
ZLP003202,2024-08-28,30.0,Male,Cần Thơ,2,1,1,5000000,Điện tử,Organic,Android
ZLP003203,2023-07-05,29.0,Male,Đà Nẵng,2,1,1,1000000,Du lịch & Vận chuyển,Organic,iOS
ZLP003204,2023-04-06,35.0,Female,Đà Nẵng,2,1,1,2000000,Viễn thông,Organic,iOS
ZLP003205,2023-10-03,22.0,Female,Hà Nội,1,1,1,5000000,Thực phẩm & Ăn uống,Campaign,Android
ZLP003206,2023-07-05,23.0,Male,Cần Thơ,2,1,1,2000000,Thực phẩm & Ăn uống,Unknown,iOS
ZLP003207,2023-07-05,23.0,Female,Đồng Nai,3,0,1,3000000,Chăm sóc sức khỏe,Campaign,iOS
ZLP003208,2024-03-31,32.0,Male,Thanh Hóa,3,1,0,5000000,Điện & Nước,Organic,iOS
ZLP003209,2024-03-01,33.0,Male,Hải Phòng,2,1,1,3000000,Thời trang,Organic,Android
ZLP003210,2024-03-31,30.0,Female,Đà Nẵng,2,1,1,2000000,Thực phẩm & Ăn uống,Campaign,iOS
ZLP003211,2024-04-30,35.0,Female,Hồ Chí Minh,1,1,1,1000000,Du lịch & Vận chuyển,Organic,Android
ZLP003212,2024-05-30,20.0,Male,Bình Dương,3,1,1,2000000,Thực phẩm & Ăn uống,Organic,Android
ZLP003213,2023-11-02,38.0,Female,Nghệ An,3,1,1,3000000,Giải trí,Social,iOS
ZLP003214,2024-03-01,37.0,Female,Hồ Chí Minh,1,0,1,3000000,Điện & Nước,Organic,Android
ZLP003215,2024-01-31,32.0,Male,Hồ Chí Minh,1,0,1,3000000,Viễn thông,Referral,iOS
ZLP003216,2024-09-27,38.0,Female,Hồ Chí Minh,1,1,1,2000000,Thực phẩm & Ăn uống,Organic,iOS
ZLP003217,2023-11-02,18.0,Male,Bình Dương,3,1,1,2000000,Viễn thông,Organic,Android
ZLP003218,2023-04-06,24.0,Other,Hà Nội,1,1,1,1000000,Điện tử,Social,Android
ZLP003219,2024-03-31,23.0,Female,Hồ Chí Minh,1,1,1,500000,Chăm sóc sức khỏe,Referral,Android
ZLP003220,2024-05-30,32.0,Male,Hải Phòng,2,1,1,3000000,Điện tử,Campaign,Android
ZLP003221,2023-12-02,21.0,Male,Đà Nẵng,2,1,1,1000000,Giải trí,Organic,iOS
ZLP003222,2024-01-31,32.0,Male,Hà Nội,1,1,1,1000000,Thực phẩm & Ăn uống,Campaign,iOS
ZLP003223,2023-04-06,36.0,Male,Hà Nội,1,1,1,3000000,Giải trí,Organic,Android
ZLP003224,2024-11-26,32.0,Male,Hà Nội,1,1,1,500000,Điện & Nước,Unknown,iOS
ZLP003225,2023-07-05,29.0,Male,Hà Nội,1,0,0,5000000,Chăm sóc sức khỏe,Campaign,Android
ZLP003226,2023-04-06,22.0,Female,Hà Nội,1,1,1,500000,Điện & Nước,Unknown,Android
ZLP003227,2023-04-06,22.0,Male,Đà Nẵng,2,1,1,5000000,Thời trang,Campaign,Android
ZLP003228,2023-12-18,35.0,Female,Đồng Nai,3,1,1,2000000,Thực phẩm & Ăn uống,Unknown,iOS
ZLP003229,2023-07-05,32.0,Female,Cần Thơ,2,1,1,1000000,Chăm sóc sức khỏe,Organic,Android
ZLP003230,2024-05-30,27.0,Female,Hà Nội,1,1,1,2000000,Điện tử,Social,Android
ZLP003231,2024-08-28,25.0,Female,Đà Nẵng,2,1,0,3000000,Thực phẩm & Ăn uống,Organic,Android
ZLP003232,2023-11-02,18.0,Male,Hải Phòng,2,1,1,2000000,Du lịch & Vận chuyển,Referral,Android
ZLP003233,2024-03-01,21.0,Male,Hồ Chí Minh,1,1,1,2000000,Du lịch & Vận chuyển,Campaign,Unknown
ZLP003234,2023-04-06,39.0,Female,Hồ Chí Minh,1,1,1,5000000,Điện & Nước,Campaign,Android
ZLP003235,2023-12-18,20.0,Male,Đà Nẵng,2,1,1,1000000,Du lịch & Vận chuyển,Referral,iOS
ZLP003236,2023-12-02,29.0,Female,Cần Thơ,2,1,1,3000000,Thực phẩm & Ăn uống,Referral,Android
ZLP003237,2023-11-02,34.0,Female,Hồ Chí Minh,1,1,1,1000000,Chăm sóc sức khỏe,Unknown,Android
ZLP003238,2024-03-31,20.0,Female,Bình Dương,3,1,1,2000000,Viễn thông,Campaign,iOS
ZLP003239,2023-10-03,29.0,Female,Cần Thơ,2,1,1,1000000,Điện & Nước,Campaign,Android
ZLP003240,2024-07-29,33.0,Female,An Giang,3,1,1,2000000,Điện tử,Unknown,iOS
ZLP003241,2024-03-31,27.0,Male,Hồ Chí Minh,1,1,1,500000,Viễn thông,Campaign,iOS
ZLP003242,2024-04-30,45.0,Female,Bình Dương,3,1,1,1000000,Thời trang,Unknown,iOS
ZLP003243,2024-09-27,27.0,Female,Hồ Chí Minh,1,1,1,2000000,Điện tử,Unknown,iOS
ZLP003244,2024-09-27,34.0,Male,Đà Nẵng,2,1,1,2000000,Thời trang,Organic,iOS
ZLP003245,2024-01-31,27.0,Male,Đà Nẵng,2,1,1,2000000,Điện tử,Social,iOS
ZLP003246,2024-01-15,32.0,Male,Hà Nội,1,1,1,2000000,Thời trang,Social,Android
ZLP003247,2023-12-02,30.0,Female,Hải Phòng,2,1,0,1000000,Thực phẩm & Ăn uống,Unknown,Android
ZLP003248,2024-04-30,23.0,Male,Hồ Chí Minh,1,1,1,5000000,Điện & Nước,Referral,iOS
ZLP003249,2024-01-31,29.0,Female,Hồ Chí Minh,2,1,1,2000000,Chăm sóc sức khỏe,Social,Android
ZLP003250,2024-09-27,18.0,Male,Hồ Chí Minh,1,1,1,1000000,Chăm sóc sức khỏe,Campaign,Android
ZLP003251,2023-11-02,31.0,Male,Bình Dương,3,1,1,2000000,Điện & Nước,Campaign,Android
ZLP003252,2023-12-02,29.0,Male,Hồ Chí Minh,1,1,1,3000000,Chăm sóc sức khỏe,Referral,iOS
ZLP003253,2023-12-02,31.0,Male,Hải Phòng,2,1,1,500000,Điện & Nước,Organic,Android
ZLP003254,2024-06-29,34.0,Female,Hải Phòng,2,1,1,1000000,Thực phẩm & Ăn uống,Organic,Android
ZLP003255,2023-07-05,30.0,Male,Hải Phòng,2,1,1,3000000,Thực phẩm & Ăn uống,Social,iOS
ZLP003256,2024-01-01,27.0,Male,Hồ Chí Minh,1,1,1,2000000,Điện tử,Organic,iOS
ZLP003257,2023-12-18,22.0,Female,Cần Thơ,2,0,1,2000000,Điện & Nước,Social,Android
ZLP003258,2023-07-05,23.0,Female,Hồ Chí Minh,1,1,1,5000000,Chăm sóc sức khỏe,Organic,iOS
ZLP003259,2023-12-18,35.0,Male,Hải Phòng,2,1,1,500000,Giải trí,Campaign,Android
ZLP003260,2024-01-15,36.0,Male,Bình Dương,3,0,0,2000000,Giải trí,Unknown,Unknown
ZLP003261,2023-04-06,26.0,Other,Đà Nẵng,2,1,0,1000000,Điện & Nước,Social,Android
ZLP003262,2024-01-15,28.0,Female,Bình Dương,3,1,1,500000,Du lịch & Vận chuyển,Social,Android
ZLP003263,2024-11-26,22.0,Male,Hồ Chí Minh,1,1,1,1000000,Thời trang,Social,iOS
ZLP003264,2024-11-26,35.0,Female,Đà Nẵng,2,1,1,2000000,Điện tử,Campaign,Android
ZLP003265,2024-01-31,31.0,Male,Hà Nội,1,1,1,500000,Du lịch & Vận chuyển,Campaign,Android
ZLP003266,2024-01-15,39.0,Male,Thanh Hóa,3,1,1,2000000,Điện tử,Campaign,Android
ZLP003267,2023-12-02,22.0,Female,Hải Phòng,2,1,1,5000000,Thực phẩm & Ăn uống,Organic,Android
ZLP003268,2024-11-26,25.0,Female,Bình Dương,3,1,1,3000000,Thực phẩm & Ăn uống,Organic,iOS
ZLP003269,2023-11-02,29.0,Male,Nghệ An,3,1,1,1000000,Điện tử,Unknown,iOS
ZLP003270,2024-01-01,31.0,Female,Hà Nội,1,1,0,1000000,Giải trí,Campaign,Android
ZLP003271,2023-01-01,26.0,Male,An Giang,3,0,1,2000000,Du lịch & Vận chuyển,Unknown,Unknown
ZLP003272,2023-12-02,22.0,Male,Hà Nội,1,1,1,2000000,Thời trang,Organic,iOS
ZLP003273,2023-07-05,33.0,Male,Bình Dương,3,0,1,5000000,Viễn thông,Campaign,iOS
ZLP003274,2024-05-30,32.0,Male,Bình Dương,3,1,1,5000000,Thực phẩm & Ăn uống,Organic,Android
ZLP003275,2024-01-31,22.0,Female,Hồ Chí Minh,1,1,1,2000000,Thực phẩm & Ăn uống,Organic,Android
ZLP003276,2024-01-31,36.0,Male,Hà Nội,1,1,0,1000000,Viễn thông,Campaign,Android
ZLP003277,2023-12-02,35.0,Male,Hồ Chí Minh,1,1,1,5000000,Điện tử,Organic,Android
ZLP003278,2024-06-29,28.0,Female,Thanh Hóa,3,1,1,3000000,Chăm sóc sức khỏe,Organic,iOS
ZLP003279,2023-01-01,28.0,Female,Hồ Chí Minh,1,1,1,2000000,Viễn thông,Campaign,Android
ZLP003280,2023-12-02,31.0,Female,Đà Nẵng,2,1,1,1000000,Chăm sóc sức khỏe,Unknown,Android
ZLP003281,2024-03-31,22.0,Female,Đồng Nai,3,1,1,2000000,Điện tử,Unknown,Android
ZLP003282,2024-08-28,28.0,Male,Hồ Chí Minh,1,0,1,5000000,Thực phẩm & Ăn uống,Unknown,Android
ZLP003283,2023-11-02,18.0,Female,Hà Nội,1,1,1,1000000,Điện tử,Referral,Android
ZLP003284,2024-01-31,33.0,Female,Cần Thơ,2,1,1,3000000,Điện tử,Campaign,iOS
ZLP003285,2024-01-31,18.0,Female,Hồ Chí Minh,1,1,0,500000,Thời trang,Organic,Android
ZLP003286,2024-07-29,37.0,Female,Đồng Nai,3,1,1,5000000,Thực phẩm & Ăn uống,Campaign,Android
ZLP003287,2023-04-06,26.0,Male,Hà Nội,1,1,1,2000000,Điện & Nước,Unknown,iOS
ZLP003288,2023-12-18,26.0,Female,Hồ Chí Minh,1,1,1,1000000,Điện & Nước,Campaign,iOS
ZLP003289,2023-10-03,24.0,Male,Đà Nẵng,2,1,1,500000,Du lịch & Vận chuyển,Social,Android
ZLP003290,2023-01-01,26.0,Male,Hà Nội,1,1,1,2000000,Viễn thông,Social,Android
ZLP003291,2023-10-03,36.0,Male,An Giang,3,1,1,1000000,Điện tử,Organic,iOS
ZLP003292,2024-11-26,18.0,Female,Hải Phòng,2,1,1,2000000,Giải trí,Organic,iOS
ZLP003293,2023-11-02,35.0,Male,Hà Nội,1,1,0,1000000,Chăm sóc sức khỏe,Campaign,Android
ZLP003294,2024-09-27,27.0,Female,Hà Nội,1,1,1,500000,Điện & Nước,Campaign,Android
ZLP003295,2023-11-02,20.0,Male,Hà Nội,1,1,1,2000000,Chăm sóc sức khỏe,Social,iOS
ZLP003296,2024-09-27,21.0,Female,Hồ Chí Minh,1,1,1,2000000,Điện tử,Unknown,Android
ZLP003297,2024-03-31,38.0,Female,Đà Nẵng,2,1,1,2000000,Viễn thông,Organic,Android
ZLP003298,2023-07-05,22.0,Female,Đồng Nai,3,0,1,2000000,Điện tử,Social,Unknown
ZLP003299,2024-03-01,21.0,Female,Hà Nội,1,1,1,2000000,Chăm sóc sức khỏe,Referral,Android
ZLP003300,2023-12-02,27.0,Male,Hồ Chí Minh,1,1,1,2000000,Viễn thông,Unknown,Android
ZLP003301,2023-12-18,30.0,Male,Hà Nội,1,0,1,1000000,Chăm sóc sức khỏe,Organic,Android
ZLP003302,2024-01-01,22.0,Female,Hồ Chí Minh,1,1,1,1000000,Điện & Nước,Organic,iOS
ZLP003303,2023-12-18,29.0,Female,Bình Dương,3,1,1,1000000,Thực phẩm & Ăn uống,Campaign,iOS
ZLP003304,2024-03-31,21.0,Female,Đà Nẵng,2,0,1,2000000,Viễn thông,Referral,Android
ZLP003305,2024-05-30,34.0,Male,Hà Nội,1,1,1,2000000,Điện tử,Unknown,Android
ZLP003306,2023-12-02,34.0,Female,Hà Nội,1,0,1,2000000,Điện & Nước,Referral,iOS
ZLP003307,2024-09-27,31.0,Male,An Giang,3,1,1,3000000,Thực phẩm & Ăn uống,Campaign,Android
ZLP003308,2024-09-27,30.0,Female,Hồ Chí Minh,1,1,1,1000000,Điện & Nước,Unknown,Android
ZLP003309,2023-04-06,38.0,Female,Hải Phòng,2,1,1,2000000,Chăm sóc sức khỏe,Campaign,iOS
ZLP003310,2023-01-01,27.0,Male,Hà Nội,1,1,1,500000,Điện & Nước,Organic,Android
ZLP003311,2023-12-18,20.0,Female,Hải Phòng,2,1,0,3000000,Điện tử,Referral,Android
ZLP003312,2024-03-01,30.0,Female,Bình Dương,3,1,1,2000000,Điện tử,Organic,Android
ZLP003313,2023-12-02,40.0,Female,Hồ Chí Minh,1,1,1,3000000,Điện & Nước,Unknown,Android
ZLP003314,2023-11-02,21.0,Male,Hải Phòng,2,0,0,3000000,Thời trang,Campaign,Android
ZLP003315,2024-03-31,25.0,Male,Hồ Chí Minh,3,1,1,3000000,Thực phẩm & Ăn uống,Organic,Android
ZLP003316,2024-03-01,30.0,Female,Hồ Chí Minh,1,0,1,3000000,Thời trang,Unknown,Android
ZLP003317,2023-10-03,27.0,Male,Hồ Chí Minh,1,1,1,1000000,Du lịch & Vận chuyển,Referral,Android
ZLP003318,2024-08-28,22.0,Male,Cần Thơ,2,1,1,1000000,Điện & Nước,Campaign,Android
ZLP003319,2024-03-31,34.0,Other,Cần Thơ,2,1,1,5000000,Chăm sóc sức khỏe,Unknown,iOS
ZLP003320,2023-12-18,41.0,Male,Bình Dương,3,1,1,5000000,Chăm sóc sức khỏe,Unknown,iOS
ZLP003321,2024-03-31,29.0,Female,Bình Dương,3,1,0,2000000,Điện & Nước,Organic,iOS
ZLP003322,2023-07-05,22.0,Male,Cần Thơ,2,1,1,1000000,Điện tử,Organic,Android
ZLP003323,2024-01-01,18.0,Male,Đồng Nai,3,1,1,3000000,Điện tử,Referral,Android
ZLP003324,2023-10-03,29.0,Female,Đà Nẵng,2,1,1,1000000,Thời trang,Organic,Unknown
ZLP003325,2023-04-06,34.0,Female,Hồ Chí Minh,1,1,1,1000000,Thực phẩm & Ăn uống,Unknown,Android
ZLP003326,2023-12-02,27.0,Female,An Giang,3,1,0,2000000,Viễn thông,Organic,iOS
ZLP003327,2023-10-03,27.0,Female,Hồ Chí Minh,1,1,1,500000,Điện tử,Campaign,Android
ZLP003328,2024-03-31,24.0,Female,Hà Nội,1,1,1,1000000,Viễn thông,Organic,iOS
ZLP003329,2024-03-31,21.0,Male,Bình Dương,3,0,1,3000000,Thực phẩm & Ăn uống,Organic,iOS
ZLP003330,2023-10-03,33.0,Male,Hà Nội,1,1,1,1000000,Chăm sóc sức khỏe,Social,iOS
ZLP003331,2023-01-01,33.0,Male,Hồ Chí Minh,1,0,1,5000000,Điện & Nước,Referral,Unknown
ZLP003332,2024-06-29,18.0,Female,Hồ Chí Minh,1,0,1,5000000,Thực phẩm & Ăn uống,Campaign,iOS
ZLP003333,2023-01-01,37.0,Male,Cần Thơ,2,1,1,3000000,Thực phẩm & Ăn uống,Unknown,Android
ZLP003334,2023-12-02,31.0,Male,Nghệ An,3,0,1,5000000,Thực phẩm & Ăn uống,Organic,Android
ZLP003335,2024-01-15,36.0,Female,Đà Nẵng,2,1,1,2000000,Thời trang,Unknown,Android
ZLP003336,2024-06-29,19.0,Male,Đà Nẵng,2,0,0,2000000,Điện & Nước,Referral,Android
ZLP003337,2024-07-29,19.0,Male,Hà Nội,1,1,0,3000000,Thực phẩm & Ăn uống,Organic,Android
ZLP003338,2024-04-30,27.0,Female,Hồ Chí Minh,1,1,1,2000000,Thực phẩm & Ăn uống,Campaign,Unknown
ZLP003339,2023-11-02,31.0,Male,Hồ Chí Minh,1,1,1,2000000,Thực phẩm & Ăn uống,Referral,Android
ZLP003340,2024-04-30,38.0,Female,Hồ Chí Minh,1,0,1,2000000,Viễn thông,Referral,iOS
ZLP003341,2023-11-02,32.0,Female,Hà Nội,1,1,1,2000000,Viễn thông,Unknown,Android
ZLP003342,2023-11-02,26.0,Male,Hồ Chí Minh,1,1,0,3000000,Thời trang,Campaign,Android
ZLP003343,2024-01-31,21.0,Female,Hồ Chí Minh,1,1,1,2000000,Điện & Nước,Social,Android
ZLP003344,2024-03-31,35.0,Male,Bình Dương,3,1,1,3000000,Viễn thông,Referral,iOS
ZLP003345,2023-04-06,22.0,Female,An Giang,3,1,1,2000000,Chăm sóc sức khỏe,Organic,Android
ZLP003346,2023-04-06,37.0,Other,Nghệ An,3,1,1,2000000,Điện & Nước,Campaign,Android
ZLP003347,2024-05-30,26.0,Female,Cần Thơ,2,1,1,1000000,Thực phẩm & Ăn uống,Unknown,iOS
ZLP003348,2024-07-29,37.0,Female,Hồ Chí Minh,1,1,1,3000000,Điện tử,Unknown,iOS
ZLP003349,2024-03-01,32.0,Male,Bình Dương,3,1,1,500000,Điện & Nước,Unknown,Android
ZLP003350,2024-01-01,27.0,Male,Hồ Chí Minh,1,1,1,5000000,Viễn thông,Organic,Android
ZLP003351,2024-07-29,24.0,Female,Cần Thơ,2,0,0,3000000,Thời trang,Social,Android
ZLP003352,2024-04-30,25.0,Male,Đồng Nai,3,1,1,2000000,Viễn thông,Referral,iOS
ZLP003353,2024-01-31,30.0,Male,Bình Dương,3,0,1,5000000,Điện & Nước,Organic,iOS
ZLP003354,2023-12-02,28.0,Male,Nghệ An,3,0,1,2000000,Viễn thông,Campaign,Android
ZLP003355,2023-11-02,24.0,Female,Bình Dương,3,1,0,500000,Điện & Nước,Organic,Android
ZLP003356,2023-12-18,27.0,Male,Bình Dương,3,0,1,2000000,Giải trí,Social,Unknown
ZLP003357,2023-12-02,28.0,Female,Hồ Chí Minh,1,1,1,1000000,Viễn thông,Referral,Android
ZLP003358,2023-12-02,18.0,Male,An Giang,3,1,1,1000000,Thời trang,Campaign,iOS
ZLP003359,2024-01-15,30.0,Male,Hồ Chí Minh,1,1,1,2000000,Thực phẩm & Ăn uống,Unknown,Android
ZLP003360,2023-10-03,22.0,Female,An Giang,3,1,1,3000000,Thời trang,Campaign,Unknown
ZLP003361,2024-06-29,21.0,Male,Hà Nội,1,0,1,2000000,Thực phẩm & Ăn uống,Organic,Android
ZLP003362,2023-10-03,18.0,Female,Hồ Chí Minh,1,1,1,2000000,Điện tử,Campaign,Android
ZLP003363,2024-01-15,18.0,Male,Đồng Nai,3,1,1,1000000,Du lịch & Vận chuyển,Organic,Android
ZLP003364,2024-05-30,19.0,Male,Hồ Chí Minh,1,1,1,2000000,Viễn thông,Unknown,Android
ZLP003365,2024-01-15,23.0,Male,Hải Phòng,2,1,0,1000000,Viễn thông,Unknown,iOS
ZLP003366,2023-12-18,39.0,Female,Hồ Chí Minh,1,1,1,1000000,Giải trí,Organic,Android
ZLP003367,2024-01-01,24.0,Female,Hải Phòng,2,1,1,3000000,Chăm sóc sức khỏe,Campaign,iOS
ZLP003368,2024-07-29,29.0,Female,Bình Dương,3,1,1,1000000,Thực phẩm & Ăn uống,Social,iOS
ZLP003369,2024-11-26,30.0,Male,Cần Thơ,2,1,1,500000,Du lịch & Vận chuyển,Campaign,Android
ZLP003370,2024-03-01,28.0,Female,Hà Nội,1,1,1,1000000,Điện tử,Campaign,Android
ZLP003371,2024-06-29,27.0,Female,Hồ Chí Minh,1,1,1,2000000,Thực phẩm & Ăn uống,Organic,iOS
ZLP003372,2023-01-01,20.0,Female,Hải Phòng,2,1,1,3000000,Du lịch & Vận chuyển,Organic,iOS
ZLP003373,2024-08-28,36.0,Female,Hồ Chí Minh,1,0,1,5000000,Điện tử,Campaign,Android
ZLP003374,2024-09-27,38.0,Female,Hà Nội,1,1,1,3000000,Chăm sóc sức khỏe,Campaign,Android
ZLP003375,2024-01-31,18.0,Male,Cần Thơ,2,1,1,2000000,Thực phẩm & Ăn uống,Organic,iOS
ZLP003376,2024-05-30,21.0,Female,Hà Nội,1,1,0,1000000,Chăm sóc sức khỏe,Campaign,Android
ZLP003377,2024-01-15,26.0,Male,Hồ Chí Minh,1,1,1,1000000,Thực phẩm & Ăn uống,Social,iOS
ZLP003378,2023-12-02,22.0,Female,Hồ Chí Minh,1,1,1,2000000,Điện tử,Organic,Android
ZLP003379,2024-07-29,31.0,Male,Hồ Chí Minh,1,1,1,2000000,Thực phẩm & Ăn uống,Organic,iOS
ZLP003380,2024-03-01,23.0,Female,Hải Phòng,2,1,1,2000000,Thực phẩm & Ăn uống,Organic,Android
ZLP003381,2024-01-31,40.0,Male,Hồ Chí Minh,1,1,1,1000000,Chăm sóc sức khỏe,Unknown,Android
ZLP003382,2024-03-31,35.0,Male,Thanh Hóa,3,1,0,1000000,Điện & Nước,Unknown,Android
ZLP003383,2024-07-29,29.0,Male,Hồ Chí Minh,1,1,1,1000000,Du lịch & Vận chuyển,Organic,iOS
ZLP003384,2024-04-30,34.0,Female,Hồ Chí Minh,1,1,1,3000000,Thực phẩm & Ăn uống,Social,Android
ZLP003385,2023-11-02,34.0,Female,Đà Nẵng,2,1,1,1000000,Thời trang,Unknown,Android
ZLP003386,2024-01-01,24.0,Female,Hồ Chí Minh,1,1,1,2000000,Thực phẩm & Ăn uống,Campaign,iOS
ZLP003387,2024-11-26,23.0,Female,Cần Thơ,2,1,1,500000,Thời trang,Organic,Android
ZLP003388,2024-01-31,28.0,Female,Hải Phòng,2,1,1,2000000,Điện tử,Campaign,Android
ZLP003389,2024-09-27,33.0,Female,Hồ Chí Minh,1,1,1,500000,Chăm sóc sức khỏe,Unknown,Android
ZLP003390,2024-06-29,28.0,Male,Đồng Nai,3,1,1,1000000,Chăm sóc sức khỏe,Unknown,Android
ZLP003391,2024-03-31,18.0,Female,Hà Nội,1,1,1,1000000,Thực phẩm & Ăn uống,Referral,Android
ZLP003392,2023-12-02,23.0,Male,Hồ Chí Minh,1,1,1,1000000,Thời trang,Campaign,Android
ZLP003393,2023-12-02,27.0,Male,Hồ Chí Minh,1,1,1,1000000,Chăm sóc sức khỏe,Organic,iOS
ZLP003394,2024-03-31,27.0,Male,An Giang,3,1,1,3000000,Điện tử,Unknown,Android
ZLP003395,2024-01-01,39.0,Male,Hồ Chí Minh,1,1,1,1000000,Du lịch & Vận chuyển,Referral,Android
ZLP003396,2024-06-29,19.0,Male,Hải Phòng,2,1,1,500000,Chăm sóc sức khỏe,Campaign,iOS
ZLP003397,2024-05-30,31.0,Male,Đà Nẵng,2,1,1,2000000,Điện tử,Social,iOS
ZLP003398,2023-12-02,36.0,Female,Hồ Chí Minh,1,1,1,2000000,Điện tử,Organic,Android
ZLP003399,2024-04-30,41.0,Female,Hà Nội,1,1,1,1000000,Chăm sóc sức khỏe,Organic,iOS
ZLP003400,2024-01-15,25.0,Male,Đồng Nai,3,1,1,2000000,Chăm sóc sức khỏe,Social,Android
ZLP003401,2023-12-02,30.0,Male,Bình Dương,3,1,1,3000000,Thực phẩm & Ăn uống,Campaign,Android
ZLP003402,2023-12-18,31.0,Female,Hà Nội,1,1,1,1000000,Chăm sóc sức khỏe,Campaign,iOS
ZLP003403,2024-08-28,29.0,Male,Hải Phòng,2,1,1,2000000,Giải trí,Campaign,Android
ZLP003404,2023-12-18,27.0,Female,Hồ Chí Minh,1,0,1,1000000,Viễn thông,Organic,iOS
ZLP003405,2023-12-02,30.0,Male,An Giang,3,1,1,500000,Điện & Nước,Campaign,iOS
ZLP003406,2023-12-02,18.0,Female,Hải Phòng,2,1,1,5000000,Điện & Nước,Campaign,Android
ZLP003407,2023-11-02,32.0,Female,Bình Dương,3,1,1,1000000,Viễn thông,Organic,Android
ZLP003408,2024-01-31,28.0,Female,Đồng Nai,3,0,1,1000000,Du lịch & Vận chuyển,Campaign,iOS
ZLP003409,2023-10-03,26.0,Female,Đà Nẵng,2,1,1,5000000,Điện & Nước,Campaign,Android
ZLP003410,2024-06-29,40.0,Female,Cần Thơ,2,1,1,3000000,Điện tử,Unknown,Android
ZLP003411,2023-11-02,23.0,Male,Đà Nẵng,2,1,1,2000000,Chăm sóc sức khỏe,Organic,Android
ZLP003412,2024-03-01,25.0,Female,Hà Nội,1,1,1,2000000,Du lịch & Vận chuyển,Campaign,Android
ZLP003413,2023-10-03,39.0,Female,Đà Nẵng,2,1,1,3000000,Thực phẩm & Ăn uống,Unknown,iOS
ZLP003414,2024-11-26,23.0,Male,Hồ Chí Minh,1,1,0,3000000,Thực phẩm & Ăn uống,Organic,Android
ZLP003415,2024-01-01,24.0,Female,Hà Nội,1,1,1,500000,Viễn thông,Social,Android
ZLP003416,2024-06-29,27.0,Male,Hà Nội,1,0,1,2000000,Điện & Nước,Organic,Android
ZLP003417,2024-05-30,33.0,Male,Hồ Chí Minh,1,1,1,1000000,Viễn thông,Social,iOS
ZLP003418,2024-04-30,29.0,Female,Hà Nội,1,1,1,500000,Điện & Nước,Campaign,iOS
ZLP003419,2024-06-29,20.0,Male,Hải Phòng,2,1,1,2000000,Thực phẩm & Ăn uống,Unknown,Android
ZLP003420,2023-07-05,24.0,Female,Hà Nội,1,1,1,2000000,Điện & Nước,Unknown,Android
ZLP003421,2024-03-31,24.0,Male,Bình Dương,3,1,1,1000000,Thực phẩm & Ăn uống,Referral,Android
ZLP003422,2023-11-02,27.0,Male,Hồ Chí Minh,1,1,1,1000000,Chăm sóc sức khỏe,Referral,Android
ZLP003423,2024-06-29,30.0,Female,Hà Nội,1,1,1,2000000,Điện tử,Referral,iOS
ZLP003424,2024-09-27,27.0,Female,Hồ Chí Minh,1,1,0,2000000,Điện tử,Organic,iOS
ZLP003425,2024-08-28,18.0,Male,Hồ Chí Minh,1,1,1,3000000,Chăm sóc sức khỏe,Organic,Android
ZLP003426,2023-07-05,34.0,Male,Cần Thơ,2,1,1,3000000,Điện & Nước,Campaign,Android
ZLP003427,2023-12-18,29.0,Male,Cần Thơ,2,1,1,5000000,Chăm sóc sức khỏe,Campaign,Android
ZLP003428,2023-12-18,36.0,Male,Hồ Chí Minh,1,1,1,2000000,Viễn thông,Referral,iOS
ZLP003429,2023-07-05,30.0,Female,Hà Nội,1,0,1,2000000,Thực phẩm & Ăn uống,Organic,Android
ZLP003430,2023-07-05,34.0,Female,Hải Phòng,2,1,1,3000000,Viễn thông,Referral,iOS
ZLP003431,2023-12-18,30.0,Female,Hồ Chí Minh,1,0,1,3000000,Điện & Nước,Campaign,Android
ZLP003432,2024-11-26,36.0,Male,Hồ Chí Minh,1,0,1,3000000,Điện & Nước,Organic,iOS
ZLP003433,2024-01-31,31.0,Female,Cần Thơ,2,1,1,2000000,Giải trí,Organic,iOS
ZLP003434,2024-03-01,27.0,Female,Hồ Chí Minh,1,0,1,1000000,Thời trang,Organic,Android
ZLP003435,2024-01-01,41.0,Female,Thanh Hóa,3,1,1,3000000,Thực phẩm & Ăn uống,Campaign,iOS
ZLP003436,2024-03-31,33.0,Female,Cần Thơ,2,1,1,3000000,Điện tử,Referral,Android
ZLP003437,2024-09-27,31.0,Male,Hà Nội,1,1,1,3000000,Chăm sóc sức khỏe,Referral,iOS
ZLP003438,2024-03-01,20.0,Female,Hà Nội,1,1,1,1000000,Điện & Nước,Unknown,Android
ZLP003439,2023-04-06,20.0,Female,Đà Nẵng,2,1,1,1000000,Điện tử,Organic,iOS
ZLP003440,2024-01-15,29.0,Female,Hồ Chí Minh,1,1,1,2000000,Du lịch & Vận chuyển,Social,iOS
ZLP003441,2024-11-26,28.0,Male,Nghệ An,3,1,0,3000000,Thời trang,Referral,iOS
ZLP003442,2023-12-18,24.0,Male,Cần Thơ,2,0,1,3000000,Thời trang,Organic,Android
ZLP003443,2024-03-01,28.0,Male,Hồ Chí Minh,1,1,1,1000000,Du lịch & Vận chuyển,Unknown,Unknown
ZLP003444,2023-07-05,37.0,Female,Đà Nẵng,2,1,1,2000000,Điện tử,Unknown,Android
ZLP003445,2023-10-03,32.0,Male,Hồ Chí Minh,1,0,1,500000,Giải trí,Campaign,Android
ZLP003446,2024-07-29,21.0,Male,Hồ Chí Minh,1,1,1,2000000,Viễn thông,Campaign,iOS
ZLP003447,2023-12-02,27.0,Female,Cần Thơ,2,0,1,2000000,Chăm sóc sức khỏe,Social,iOS
ZLP003448,2023-12-02,23.0,Male,Hồ Chí Minh,2,0,1,3000000,Thời trang,Campaign,Android
ZLP003449,2023-12-18,25.0,Male,Đà Nẵng,2,0,1,3000000,Thực phẩm & Ăn uống,Social,iOS
ZLP003450,2024-11-26,25.0,Male,Hồ Chí Minh,1,1,1,1000000,Du lịch & Vận chuyển,Organic,iOS
ZLP003451,2023-07-05,25.0,Male,Cần Thơ,2,1,1,2000000,Giải trí,Organic,Android
ZLP003452,2024-06-29,20.0,Male,Hồ Chí Minh,1,1,1,2000000,Điện & Nước,Organic,Android
ZLP003453,2023-12-02,27.0,Female,Cần Thơ,2,1,1,1000000,Du lịch & Vận chuyển,Unknown,Android
ZLP003454,2024-07-29,24.0,Female,Đà Nẵng,2,1,1,5000000,Viễn thông,Social,iOS
ZLP003455,2024-11-26,18.0,Female,Cần Thơ,2,1,1,3000000,Viễn thông,Campaign,Android
ZLP003456,2023-12-02,40.0,Male,An Giang,3,1,1,1000000,Điện & Nước,Unknown,Android
ZLP003457,2023-10-03,27.0,Female,Hải Phòng,2,1,1,2000000,Du lịch & Vận chuyển,Campaign,Android
ZLP003458,2023-10-03,25.0,Male,Hồ Chí Minh,3,1,1,1000000,Điện tử,Organic,iOS
ZLP003459,2024-05-30,28.0,Male,Thanh Hóa,3,1,0,2000000,Điện & Nước,Social,Android
ZLP003460,2023-10-03,20.0,Female,Đồng Nai,3,1,1,2000000,Thời trang,Campaign,iOS
ZLP003461,2023-11-02,38.0,Male,Nghệ An,3,1,1,500000,Điện & Nước,Unknown,Android
ZLP003462,2023-11-02,39.0,Male,Hải Phòng,2,1,1,3000000,Điện tử,Campaign,iOS
ZLP003463,2023-12-02,28.0,Female,Bình Dương,3,1,1,2000000,Thực phẩm & Ăn uống,Campaign,Android
ZLP003464,2023-07-05,34.0,Female,Hồ Chí Minh,1,1,1,5000000,Điện & Nước,Unknown,Android
ZLP003465,2024-07-29,29.0,Male,Hồ Chí Minh,1,1,1,500000,Chăm sóc sức khỏe,Organic,Android
ZLP003466,2024-07-29,19.0,Male,Hải Phòng,2,1,1,3000000,Thời trang,Organic,Android
ZLP003467,2023-12-18,25.0,Male,Hà Nội,1,1,1,3000000,Chăm sóc sức khỏe,Campaign,Android
ZLP003468,2024-03-01,28.0,Female,Đồng Nai,3,1,1,1000000,Điện tử,Campaign,Android
ZLP003469,2024-03-31,25.0,Male,Hà Nội,1,1,1,1000000,Thực phẩm & Ăn uống,Campaign,Android
ZLP003470,2024-05-30,26.0,Male,Hà Nội,1,1,1,3000000,Điện tử,Organic,Android
ZLP003471,2024-01-15,27.0,Female,Bình Dương,3,1,1,2000000,Điện & Nước,Unknown,Android
ZLP003472,2024-01-15,27.0,Female,An Giang,3,1,1,2000000,Thực phẩm & Ăn uống,Referral,iOS
ZLP003473,2024-03-01,28.0,Female,Hồ Chí Minh,1,0,1,5000000,Chăm sóc sức khỏe,Organic,Android
ZLP003474,2024-04-30,21.0,Male,Hải Phòng,2,1,1,500000,Điện tử,Organic,iOS
ZLP003475,2023-12-02,23.0,Female,Đồng Nai,3,1,1,2000000,Du lịch & Vận chuyển,Social,Android
ZLP003476,2023-12-02,20.0,Female,Hà Nội,1,1,0,2000000,Thời trang,Campaign,Android
ZLP003477,2023-11-02,33.0,Male,Hà Nội,1,1,1,2000000,Giải trí,Unknown,Android
ZLP003478,2024-01-31,18.0,Male,Hồ Chí Minh,1,1,1,1000000,Thời trang,Organic,Android
ZLP003479,2023-12-18,34.0,Female,Hồ Chí Minh,1,1,1,2000000,Thực phẩm & Ăn uống,Organic,iOS
ZLP003480,2024-01-31,36.0,Male,Hà Nội,1,1,1,3000000,Viễn thông,Campaign,Android
ZLP003481,2023-12-18,26.0,Female,Hồ Chí Minh,1,1,1,2000000,Chăm sóc sức khỏe,Referral,Android
ZLP003482,2024-06-29,18.0,Male,Hồ Chí Minh,1,1,1,2000000,Điện tử,Organic,Android
ZLP003483,2023-07-05,25.0,Female,Hải Phòng,2,1,1,1000000,Thực phẩm & Ăn uống,Unknown,iOS
ZLP003484,2024-01-31,27.0,Female,Đà Nẵng,2,0,1,3000000,Điện & Nước,Organic,iOS
ZLP003485,2024-01-31,21.0,Male,Cần Thơ,2,1,1,2000000,Điện & Nước,Social,Android
ZLP003486,2023-12-18,24.0,Male,Hồ Chí Minh,1,1,1,5000000,Điện & Nước,Campaign,Android
ZLP003487,2023-12-18,37.0,Female,Đồng Nai,3,1,0,500000,Thực phẩm & Ăn uống,Unknown,Android
ZLP003488,2024-06-29,31.0,Male,Hải Phòng,2,1,1,2000000,Điện & Nước,Unknown,Android
ZLP003489,2023-12-02,22.0,Female,Đà Nẵng,2,1,1,1000000,Chăm sóc sức khỏe,Organic,Android
ZLP003490,2024-07-29,18.0,Other,An Giang,3,1,0,2000000,Du lịch & Vận chuyển,Unknown,Android
ZLP003491,2024-08-28,26.0,Male,Hải Phòng,2,1,1,1000000,Chăm sóc sức khỏe,Organic,Android
ZLP003492,2024-03-31,26.0,Male,Hồ Chí Minh,3,1,1,3000000,Thời trang,Referral,Android
ZLP003493,2024-05-30,30.0,Male,Bình Dương,3,1,1,3000000,Thời trang,Social,Android
ZLP003494,2024-03-01,24.0,Female,Hồ Chí Minh,1,1,1,1000000,Du lịch & Vận chuyển,Campaign,Android
ZLP003495,2024-01-15,31.0,Female,Hồ Chí Minh,1,1,1,1000000,Thực phẩm & Ăn uống,Campaign,iOS
ZLP003496,2024-11-26,27.0,Female,Hồ Chí Minh,1,1,0,3000000,Điện & Nước,Organic,iOS
ZLP003497,2023-12-02,32.0,Female,Hồ Chí Minh,1,0,1,1000000,Thực phẩm & Ăn uống,Campaign,Android
ZLP003498,2023-10-03,27.0,Male,Hồ Chí Minh,1,1,1,2000000,Thời trang,Campaign,Android
ZLP003499,2023-12-02,26.0,Female,Hải Phòng,2,1,1,1000000,Thời trang,Organic,Android
ZLP003500,2024-03-01,25.0,Female,Hồ Chí Minh,1,1,1,2000000,Điện & Nước,Unknown,Android
ZLP003501,2023-10-03,35.0,Female,Thanh Hóa,3,1,1,1000000,Chăm sóc sức khỏe,Unknown,Android
ZLP003502,2024-08-28,24.0,Female,Đà Nẵng,2,1,1,2000000,Điện tử,Campaign,iOS
ZLP003503,2023-12-18,28.0,Female,Hồ Chí Minh,1,1,1,2000000,Viễn thông,Organic,iOS
ZLP003504,2024-07-29,28.0,Female,Hà Nội,1,0,1,3000000,Thời trang,Campaign,Android
ZLP003505,2023-11-02,24.0,Female,Hồ Chí Minh,1,1,1,1000000,Chăm sóc sức khỏe,Unknown,iOS
ZLP003506,2023-12-02,19.0,Female,Thanh Hóa,3,1,1,2000000,Điện & Nước,Social,Android
ZLP003507,2023-04-06,29.0,Female,Hải Phòng,2,1,1,1000000,Viễn thông,Unknown,Android
ZLP003508,2023-11-02,27.0,Female,Hồ Chí Minh,1,1,1,5000000,Thực phẩm & Ăn uống,Referral,iOS
ZLP003509,2024-01-15,31.0,Female,Nghệ An,3,1,1,2000000,Chăm sóc sức khỏe,Social,iOS
ZLP003510,2024-09-27,24.0,Female,Bình Dương,3,1,1,1000000,Chăm sóc sức khỏe,Unknown,Android
ZLP003511,2023-12-18,27.0,Male,Hồ Chí Minh,1,1,1,1000000,Điện & Nước,Social,iOS
ZLP003512,2024-03-31,22.0,Male,Cần Thơ,2,0,1,500000,Thực phẩm & Ăn uống,Organic,Android
ZLP003513,2023-12-18,38.0,Male,Cần Thơ,2,1,1,500000,Viễn thông,Campaign,Android
ZLP003514,2023-04-06,18.0,Female,Hồ Chí Minh,1,1,1,2000000,Thực phẩm & Ăn uống,Referral,iOS
ZLP003515,2024-01-15,30.0,Female,Bình Dương,3,1,1,1000000,Thời trang,Unknown,iOS
ZLP003516,2023-04-06,30.0,Female,Hồ Chí Minh,1,1,1,5000000,Thực phẩm & Ăn uống,Organic,Android
ZLP003517,2024-08-28,23.0,Male,Hà Nội,1,1,1,1000000,Điện & Nước,Campaign,Android
ZLP003518,2024-05-30,30.0,Male,Hồ Chí Minh,1,1,1,3000000,Điện & Nước,Campaign,Android
ZLP003519,2023-12-18,35.0,Male,Nghệ An,3,1,0,1000000,Điện & Nước,Campaign,Android
ZLP003520,2024-03-31,18.0,Male,Bình Dương,3,1,1,1000000,Chăm sóc sức khỏe,Campaign,Android
ZLP003521,2023-07-05,31.0,Female,Hồ Chí Minh,1,1,1,5000000,Điện & Nước,Campaign,iOS
ZLP003522,2024-04-30,18.0,Male,Hà Nội,1,1,1,3000000,Viễn thông,Unknown,iOS
ZLP003523,2024-06-29,22.0,Female,Hồ Chí Minh,1,1,1,2000000,Giải trí,Social,iOS
ZLP003524,2024-06-29,37.0,Female,Đồng Nai,3,1,1,2000000,Điện & Nước,Referral,Android
ZLP003525,2023-12-02,24.0,Female,Hồ Chí Minh,1,1,1,5000000,Điện & Nước,Campaign,iOS
ZLP003526,2023-11-02,20.0,Female,Hải Phòng,2,1,1,2000000,Thực phẩm & Ăn uống,Social,Unknown
ZLP003527,2024-01-15,26.0,Male,Nghệ An,3,0,1,1000000,Điện & Nước,Organic,iOS
ZLP003528,2024-11-26,40.0,Male,Cần Thơ,2,1,1,500000,Thời trang,Organic,Android
ZLP003529,2024-09-27,18.0,Female,Hồ Chí Minh,1,1,1,2000000,Thực phẩm & Ăn uống,Unknown,Android
ZLP003530,2023-12-18,21.0,Female,Hà Nội,1,1,1,2000000,Viễn thông,Unknown,iOS
ZLP003531,2024-05-30,27.0,Male,Hà Nội,1,1,1,3000000,Giải trí,Organic,Android
ZLP003532,2024-09-27,39.0,Male,Cần Thơ,2,1,1,1000000,Thực phẩm & Ăn uống,Unknown,Android
ZLP003533,2023-11-02,27.0,Male,Cần Thơ,2,1,1,5000000,Thời trang,Unknown,iOS
ZLP003534,2024-06-29,20.0,Male,Đà Nẵng,2,1,1,2000000,Du lịch & Vận chuyển,Social,Android
ZLP003535,2023-11-02,40.0,Female,Hà Nội,1,0,1,2000000,Du lịch & Vận chuyển,Organic,iOS
ZLP003536,2023-12-02,37.0,Female,An Giang,3,1,1,500000,Thực phẩm & Ăn uống,Organic,Android
ZLP003537,2023-11-02,32.0,Male,Hồ Chí Minh,1,1,1,5000000,Giải trí,Campaign,Android
ZLP003538,2024-01-15,23.0,Female,Hà Nội,1,0,1,2000000,Điện tử,Campaign,iOS
ZLP003539,2024-07-29,27.0,Female,Đồng Nai,3,1,1,2000000,Thời trang,Unknown,Android
ZLP003540,2024-01-15,27.0,Male,Hồ Chí Minh,1,1,1,5000000,Điện tử,Unknown,iOS
ZLP003541,2023-10-03,29.0,Female,Bình Dương,3,1,0,5000000,Thực phẩm & Ăn uống,Unknown,Android
ZLP003542,2023-11-02,36.0,Female,Đồng Nai,3,1,1,1000000,Thực phẩm & Ăn uống,Organic,Android
ZLP003543,2024-01-31,33.0,Female,Cần Thơ,2,1,1,5000000,Thời trang,Referral,Android
ZLP003544,2024-03-01,21.0,Female,Hồ Chí Minh,1,1,1,3000000,Viễn thông,Social,iOS
ZLP003545,2024-01-31,36.0,Female,Hồ Chí Minh,1,1,1,500000,Điện tử,Campaign,Android
ZLP003546,2023-07-05,29.0,Male,Hà Nội,1,0,1,1000000,Viễn thông,Organic,Android
ZLP003547,2024-05-30,32.0,Female,Hồ Chí Minh,1,1,1,2000000,Chăm sóc sức khỏe,Referral,Android
ZLP003548,2024-08-28,36.0,Other,Nghệ An,3,1,1,2000000,Điện & Nước,Organic,Unknown
ZLP003549,2024-01-15,21.0,Male,Cần Thơ,2,1,1,3000000,Viễn thông,Unknown,Android
ZLP003550,2024-04-30,27.0,Female,Hà Nội,1,1,1,1000000,Điện tử,Organic,iOS
ZLP003551,2024-08-28,24.0,Female,An Giang,3,1,1,3000000,Viễn thông,Campaign,Android
ZLP003552,2024-03-31,18.0,Male,Bình Dương,3,1,0,3000000,Chăm sóc sức khỏe,Unknown,Android
ZLP003553,2024-03-31,30.0,Female,Hà Nội,1,1,1,2000000,Chăm sóc sức khỏe,Unknown,Android
ZLP003554,2024-04-30,43.0,Male,Hà Nội,1,0,1,5000000,Viễn thông,Social,iOS
ZLP003555,2023-11-02,18.0,Female,Hồ Chí Minh,1,1,1,3000000,Điện & Nước,Social,iOS
ZLP003556,2024-03-01,27.0,Male,Thanh Hóa,3,1,1,1000000,Điện & Nước,Unknown,iOS
ZLP003557,2024-07-29,31.0,Female,Đà Nẵng,2,0,1,3000000,Điện tử,Unknown,Android
ZLP003558,2023-12-02,28.0,Male,An Giang,3,1,1,5000000,Chăm sóc sức khỏe,Referral,iOS
ZLP003559,2024-08-28,27.0,Male,Hà Nội,1,1,1,1000000,Thực phẩm & Ăn uống,Referral,Android
ZLP003560,2024-03-01,20.0,Male,Hải Phòng,2,0,1,5000000,Điện & Nước,Referral,iOS
ZLP003561,2023-12-18,29.0,Female,Hồ Chí Minh,1,1,1,500000,Điện & Nước,Campaign,Android
ZLP003562,2024-03-01,23.0,Female,Thanh Hóa,3,1,1,2000000,Viễn thông,Social,iOS
ZLP003563,2023-12-18,18.0,Female,An Giang,3,1,1,3000000,Giải trí,Referral,iOS
ZLP003564,2024-07-29,35.0,Female,Hà Nội,1,1,0,3000000,Điện & Nước,Unknown,Android
ZLP003565,2024-01-15,33.0,Female,Đồng Nai,3,1,1,3000000,Điện & Nước,Organic,Android
ZLP003566,2024-08-28,28.0,Male,Bình Dương,3,1,1,2000000,Chăm sóc sức khỏe,Campaign,iOS
ZLP003567,2024-01-15,29.0,Female,An Giang,3,1,1,2000000,Thời trang,Campaign,iOS
ZLP003568,2024-03-31,34.0,Male,Hà Nội,1,1,1,2000000,Thời trang,Campaign,iOS
ZLP003569,2024-11-26,29.0,Female,Hà Nội,1,0,1,2000000,Thực phẩm & Ăn uống,Referral,iOS
ZLP003570,2023-10-03,33.0,Female,Hải Phòng,2,1,1,2000000,Điện tử,Social,iOS
ZLP003571,2024-05-30,26.0,Male,Đồng Nai,3,1,1,3000000,Điện tử,Organic,iOS
ZLP003572,2023-10-03,35.0,Male,Hà Nội,1,0,1,1000000,Thực phẩm & Ăn uống,Organic,Android
ZLP003573,2024-07-29,29.0,Female,Hồ Chí Minh,2,1,1,2000000,Viễn thông,Unknown,Android
ZLP003574,2024-03-01,29.0,Male,Hồ Chí Minh,1,1,0,500000,Chăm sóc sức khỏe,Unknown,iOS
ZLP003575,2024-09-27,20.0,Male,Đồng Nai,3,1,1,2000000,Điện & Nước,Organic,Android
ZLP003576,2024-07-29,29.0,Male,Hồ Chí Minh,1,0,1,1000000,Thời trang,Campaign,iOS
ZLP003577,2023-07-05,23.0,Female,Hà Nội,1,1,1,2000000,Điện tử,Organic,iOS
ZLP003578,2023-10-03,27.0,Female,Hà Nội,1,0,1,1000000,Thời trang,Referral,Android
ZLP003579,2024-03-01,23.0,Male,Hà Nội,1,1,1,500000,Thời trang,Referral,Android
ZLP003580,2024-01-15,21.0,Male,Đà Nẵng,2,1,1,2000000,Điện tử,Campaign,Android
ZLP003581,2023-10-03,40.0,Male,Đà Nẵng,2,1,1,2000000,Du lịch & Vận chuyển,Referral,Android
ZLP003582,2023-10-03,35.0,Female,Hà Nội,1,0,1,2000000,Thực phẩm & Ăn uống,Campaign,Android
ZLP003583,2024-01-31,39.0,Male,Hồ Chí Minh,1,1,1,1000000,Thời trang,Organic,iOS
ZLP003584,2023-04-06,27.0,Male,Đồng Nai,3,1,1,5000000,Điện tử,Referral,iOS
ZLP003585,2024-07-29,28.0,Female,Hà Nội,1,1,1,500000,Thời trang,Social,iOS
ZLP003586,2024-06-29,20.0,Female,Đà Nẵng,2,1,1,3000000,Du lịch & Vận chuyển,Social,Android
ZLP003587,2024-05-30,23.0,Other,Cần Thơ,2,1,1,3000000,Điện tử,Unknown,Android
ZLP003588,2023-01-01,22.0,Female,An Giang,3,1,1,1000000,Thực phẩm & Ăn uống,Referral,iOS
ZLP003589,2023-04-06,35.0,Male,Bình Dương,3,1,1,2000000,Chăm sóc sức khỏe,Organic,Android
ZLP003590,2024-01-31,25.0,Male,Hồ Chí Minh,1,1,1,5000000,Thực phẩm & Ăn uống,Organic,iOS
ZLP003591,2024-11-26,34.0,Male,Hải Phòng,2,1,1,2000000,Thời trang,Referral,iOS
ZLP003592,2023-12-02,31.0,Male,Thanh Hóa,3,1,1,1000000,Thời trang,Unknown,Android
ZLP003593,2023-12-02,41.0,Female,Hà Nội,1,1,1,2000000,Viễn thông,Campaign,Android
ZLP003594,2023-10-03,19.0,Female,Nghệ An,3,1,1,2000000,Điện tử,Organic,Android
ZLP003595,2024-03-31,35.0,Female,Đà Nẵng,2,0,1,3000000,Điện & Nước,Unknown,Android
ZLP003596,2024-03-31,34.0,Female,Hà Nội,1,1,1,5000000,Chăm sóc sức khỏe,Campaign,Android
ZLP003597,2023-07-05,22.0,Female,Hà Nội,1,1,1,500000,Điện tử,Organic,Android
ZLP003598,2024-01-01,34.0,Female,Cần Thơ,2,1,1,1000000,Thực phẩm & Ăn uống,Unknown,Android
ZLP003599,2024-03-31,30.0,Female,Hồ Chí Minh,1,1,0,1000000,Viễn thông,Referral,Android
ZLP003600,2024-01-15,26.0,Female,Hồ Chí Minh,1,1,1,5000000,Thực phẩm & Ăn uống,Organic,Android
ZLP003601,2024-03-31,23.0,Male,Hồ Chí Minh,1,0,1,2000000,Chăm sóc sức khỏe,Social,iOS
ZLP003602,2024-06-29,23.0,Male,Hà Nội,1,1,1,3000000,Điện & Nước,Organic,Unknown
ZLP003603,2024-04-30,40.0,Female,Hà Nội,1,1,1,2000000,Thực phẩm & Ăn uống,Social,Android
ZLP003604,2024-03-01,28.0,Female,Đà Nẵng,2,0,1,3000000,Viễn thông,Referral,Android
ZLP003605,2024-07-29,32.0,Male,Hà Nội,1,1,1,1000000,Du lịch & Vận chuyển,Organic,Android
ZLP003606,2024-08-28,23.0,Male,Thanh Hóa,3,1,1,5000000,Thực phẩm & Ăn uống,Referral,Android
ZLP003607,2023-12-18,23.0,Other,Hà Nội,1,1,1,2000000,Điện tử,Campaign,Android
ZLP003608,2023-10-03,34.0,Female,Hà Nội,1,1,1,3000000,Thực phẩm & Ăn uống,Referral,Android
ZLP003609,2024-06-29,19.0,Female,Hồ Chí Minh,1,1,1,1000000,Viễn thông,Social,iOS
ZLP003610,2023-11-02,25.0,Male,Hồ Chí Minh,1,1,1,2000000,Viễn thông,Organic,iOS
ZLP003611,2024-09-27,28.0,Male,Hồ Chí Minh,1,1,1,2000000,Điện tử,Campaign,Android
ZLP003612,2023-01-01,28.0,Male,Đà Nẵng,2,1,1,500000,Giải trí,Unknown,Android
ZLP003613,2024-09-27,26.0,Male,Bình Dương,3,1,1,2000000,Viễn thông,Campaign,Android
ZLP003614,2024-03-01,30.0,Male,Hồ Chí Minh,1,1,1,2000000,Thời trang,Campaign,iOS
ZLP003615,2024-05-30,32.0,Male,Hà Nội,1,1,1,1000000,Viễn thông,Unknown,Android
ZLP003616,2023-12-18,32.0,Female,Hồ Chí Minh,1,1,1,1000000,Thời trang,Campaign,Android
ZLP003617,2024-11-26,22.0,Male,Hải Phòng,2,1,1,2000000,Thời trang,Campaign,Android
ZLP003618,2023-11-02,26.0,Female,Đồng Nai,3,1,1,1000000,Thực phẩm & Ăn uống,Unknown,Android
ZLP003619,2023-11-02,35.0,Male,Hồ Chí Minh,1,1,1,2000000,Thực phẩm & Ăn uống,Organic,Android
ZLP003620,2023-04-06,33.0,Male,Hà Nội,1,1,1,2000000,Du lịch & Vận chuyển,Referral,Android
ZLP003621,2024-09-27,19.0,Male,Nghệ An,3,0,0,1000000,Điện & Nước,Organic,iOS
ZLP003622,2024-01-01,30.0,Female,Hà Nội,1,1,1,1000000,Chăm sóc sức khỏe,Campaign,Android
ZLP003623,2024-03-31,18.0,Male,Đà Nẵng,2,1,1,3000000,Thực phẩm & Ăn uống,Referral,Unknown
ZLP003624,2024-04-30,28.0,Female,Hà Nội,1,1,1,1000000,Thực phẩm & Ăn uống,Organic,iOS
ZLP003625,2024-07-29,39.0,Female,Đà Nẵng,2,1,1,2000000,Điện & Nước,Referral,iOS
ZLP003626,2024-03-31,22.0,Female,Thanh Hóa,3,1,1,2000000,Chăm sóc sức khỏe,Campaign,iOS
ZLP003627,2024-01-31,22.0,Male,Hồ Chí Minh,3,0,1,5000000,Thời trang,Unknown,iOS
ZLP003628,2024-04-30,32.0,Female,Đồng Nai,3,1,1,500000,Điện tử,Unknown,Android
ZLP003629,2024-05-30,18.0,Female,Hà Nội,1,1,1,3000000,Viễn thông,Social,Android
ZLP003630,2023-10-03,24.0,Female,Hà Nội,1,1,1,2000000,Thực phẩm & Ăn uống,Campaign,Android
ZLP003631,2023-07-05,31.0,Female,Hà Nội,1,1,1,500000,Du lịch & Vận chuyển,Unknown,Android
ZLP003632,2023-07-05,24.0,Female,Thanh Hóa,3,1,1,1000000,Giải trí,Unknown,Android
ZLP003633,2023-12-18,26.0,Female,Bình Dương,3,1,1,2000000,Điện tử,Campaign,Android
ZLP003634,2024-01-15,32.0,Female,Hà Nội,1,1,1,1000000,Điện tử,Referral,iOS
ZLP003635,2024-03-01,30.0,Female,Hồ Chí Minh,1,1,1,1000000,Điện tử,Organic,iOS
ZLP003636,2024-09-27,29.0,Female,Đà Nẵng,2,1,1,5000000,Thời trang,Organic,Unknown
ZLP003637,2023-12-02,25.0,Male,Thanh Hóa,3,1,1,1000000,Thời trang,Campaign,Android
ZLP003638,2024-05-30,30.0,Female,Đà Nẵng,2,1,1,2000000,Giải trí,Referral,Android
ZLP003639,2024-01-31,27.0,Female,Hồ Chí Minh,1,1,1,3000000,Điện tử,Campaign,Android
ZLP003640,2023-11-02,30.0,Female,Hồ Chí Minh,1,1,1,3000000,Điện tử,Organic,Android
ZLP003641,2024-03-01,25.0,Other,Hà Nội,1,1,1,500000,Viễn thông,Social,Android
ZLP003642,2024-11-26,26.0,Male,An Giang,3,1,0,3000000,Giải trí,Campaign,Unknown
ZLP003643,2023-10-03,22.0,Male,Thanh Hóa,3,1,0,2000000,Thực phẩm & Ăn uống,Referral,Android
ZLP003644,2024-01-15,27.0,Female,Nghệ An,3,1,1,1000000,Giải trí,Referral,Android
ZLP003645,2023-04-06,23.0,Male,Bình Dương,3,1,1,1000000,Điện tử,Campaign,Android
ZLP003646,2023-12-02,21.0,Male,Đà Nẵng,2,1,1,500000,Điện & Nước,Organic,iOS
ZLP003647,2024-03-01,29.0,Female,Đà Nẵng,2,1,1,1000000,Thời trang,Referral,iOS
ZLP003648,2024-07-29,29.0,Male,Đà Nẵng,2,1,1,1000000,Du lịch & Vận chuyển,Campaign,iOS
ZLP003649,2024-04-30,32.0,Female,Bình Dương,3,1,1,2000000,Điện & Nước,Social,Android
ZLP003650,2024-01-01,25.0,Female,Hà Nội,1,1,1,2000000,Chăm sóc sức khỏe,Organic,iOS
ZLP003651,2024-08-28,30.0,Male,Cần Thơ,2,1,1,3000000,Thời trang,Organic,iOS
ZLP003652,2023-12-02,31.0,Male,Hồ Chí Minh,1,0,1,2000000,Điện & Nước,Campaign,Android
ZLP003653,2024-05-30,30.0,Female,Hồ Chí Minh,1,1,1,2000000,Thực phẩm & Ăn uống,Referral,iOS
ZLP003654,2024-01-01,23.0,Female,Hải Phòng,2,1,1,3000000,Điện & Nước,Referral,iOS
ZLP003655,2024-08-28,28.0,Female,An Giang,3,1,1,3000000,Điện & Nước,Campaign,Android
ZLP003656,2024-06-29,30.0,Female,Đà Nẵng,2,1,1,3000000,Du lịch & Vận chuyển,Campaign,Android
ZLP003657,2024-08-28,28.0,Female,Hồ Chí Minh,1,1,1,1000000,Điện tử,Organic,Android
ZLP003658,2023-11-02,18.0,Female,An Giang,3,1,1,1000000,Viễn thông,Social,Android
ZLP003659,2024-03-31,28.0,Female,Bình Dương,3,1,1,2000000,Điện & Nước,Organic,Android
ZLP003660,2024-05-30,41.0,Female,Hà Nội,1,1,0,1000000,Điện & Nước,Social,Android
ZLP003661,2024-05-30,25.0,Female,Đà Nẵng,2,1,1,1000000,Du lịch & Vận chuyển,Unknown,Android
ZLP003662,2024-01-15,23.0,Male,Hà Nội,1,1,1,1000000,Thời trang,Unknown,Android
ZLP003663,2023-01-01,30.0,Female,Hà Nội,1,1,1,5000000,Điện & Nước,Social,Android
ZLP003664,2023-11-02,29.0,Female,Hải Phòng,2,1,1,1000000,Điện tử,Organic,iOS
ZLP003665,2023-12-02,35.0,Female,Hồ Chí Minh,1,0,1,2000000,Giải trí,Campaign,iOS
ZLP003666,2024-07-29,20.0,Male,Hồ Chí Minh,1,1,1,500000,Chăm sóc sức khỏe,Organic,Android
ZLP003667,2024-07-29,32.0,Male,Hồ Chí Minh,1,1,1,3000000,Thực phẩm & Ăn uống,Organic,Android
ZLP003668,2023-07-05,31.0,Male,Hà Nội,1,1,1,2000000,Chăm sóc sức khỏe,Organic,iOS
ZLP003669,2024-09-27,27.0,Male,Hồ Chí Minh,1,1,1,1000000,Điện tử,Referral,Android
ZLP003670,2023-10-03,30.0,Male,Hồ Chí Minh,1,1,0,5000000,Điện & Nước,Campaign,Android
ZLP003671,2023-12-18,34.0,Female,Hồ Chí Minh,1,1,1,3000000,Du lịch & Vận chuyển,Unknown,Android
ZLP003672,2023-11-02,33.0,Male,Hồ Chí Minh,1,1,0,3000000,Du lịch & Vận chuyển,Campaign,iOS
ZLP003673,2024-07-29,21.0,Male,Hà Nội,1,1,1,5000000,Thời trang,Referral,Android
ZLP003674,2024-05-30,32.0,Male,Hồ Chí Minh,1,0,1,2000000,Thực phẩm & Ăn uống,Campaign,Android
ZLP003675,2023-12-02,27.0,Female,Cần Thơ,2,0,0,3000000,Viễn thông,Social,iOS
ZLP003676,2024-03-31,28.0,Male,Đà Nẵng,2,0,1,1000000,Chăm sóc sức khỏe,Unknown,Android
ZLP003677,2023-10-03,27.0,Male,Hồ Chí Minh,1,1,1,2000000,Thực phẩm & Ăn uống,Campaign,Android
ZLP003678,2023-12-18,27.0,Female,Đà Nẵng,2,0,1,500000,Thời trang,Organic,iOS
ZLP003679,2023-12-18,35.0,Female,Thanh Hóa,3,1,1,1000000,Điện & Nước,Organic,Android
ZLP003680,2023-11-02,27.0,Male,Nghệ An,3,0,1,2000000,Viễn thông,Referral,Android
ZLP003681,2024-07-29,21.0,Male,Hồ Chí Minh,1,0,1,500000,Giải trí,Campaign,iOS
ZLP003682,2024-03-31,25.0,Male,Đồng Nai,3,0,1,2000000,Thực phẩm & Ăn uống,Social,iOS
ZLP003683,2023-12-02,29.0,Female,Hà Nội,1,1,1,2000000,Chăm sóc sức khỏe,Referral,iOS
ZLP003684,2023-11-02,27.0,Male,Hồ Chí Minh,1,1,1,2000000,Chăm sóc sức khỏe,Referral,iOS
ZLP003685,2023-01-01,31.0,Female,Hà Nội,1,1,1,1000000,Giải trí,Social,iOS
ZLP003686,2023-12-02,22.0,Male,Hà Nội,1,1,1,1000000,Giải trí,Referral,Android
ZLP003687,2024-01-15,42.0,Female,Đà Nẵng,2,1,1,2000000,Thực phẩm & Ăn uống,Referral,iOS
ZLP003688,2023-12-02,29.0,Male,Cần Thơ,2,1,1,2000000,Giải trí,Organic,iOS
ZLP003689,2024-04-30,35.0,Male,Bình Dương,3,1,1,500000,Thực phẩm & Ăn uống,Campaign,Android
ZLP003690,2023-12-18,27.0,Male,Hồ Chí Minh,1,1,1,2000000,Thời trang,Referral,Android
ZLP003691,2023-12-02,31.0,Male,Hà Nội,1,1,1,3000000,Chăm sóc sức khỏe,Unknown,iOS
ZLP003692,2024-09-27,33.0,Male,Hồ Chí Minh,1,1,1,500000,Du lịch & Vận chuyển,Referral,Unknown
ZLP003693,2023-11-02,35.0,Female,Hà Nội,1,1,1,2000000,Thực phẩm & Ăn uống,Campaign,iOS
ZLP003694,2023-12-18,34.0,Other,Thanh Hóa,3,0,1,1000000,Thực phẩm & Ăn uống,Campaign,iOS
ZLP003695,2023-12-18,33.0,Male,Đồng Nai,3,1,1,5000000,Điện tử,Organic,Android
ZLP003696,2023-11-02,26.0,Female,Thanh Hóa,3,1,1,1000000,Thực phẩm & Ăn uống,Campaign,Android
ZLP003697,2023-11-02,24.0,Female,Bình Dương,3,1,0,1000000,Điện tử,Organic,Android
ZLP003698,2023-12-02,29.0,Female,Hà Nội,1,1,1,3000000,Chăm sóc sức khỏe,Organic,Android
ZLP003699,2024-07-29,33.0,Male,Hà Nội,1,1,1,1000000,Chăm sóc sức khỏe,Campaign,iOS
ZLP003700,2024-05-30,26.0,Female,Hà Nội,1,1,1,2000000,Viễn thông,Referral,Android
ZLP003701,2024-03-31,34.0,Male,Hà Nội,1,1,1,500000,Thời trang,Social,Android
ZLP003702,2024-01-01,36.0,Female,Đồng Nai,3,1,1,5000000,Điện & Nước,Social,Android
ZLP003703,2024-01-15,22.0,Male,Hà Nội,1,0,1,3000000,Chăm sóc sức khỏe,Unknown,Android
ZLP003704,2023-11-02,22.0,Male,Hồ Chí Minh,1,1,1,2000000,Điện & Nước,Organic,Android
ZLP003705,2023-07-05,27.0,Male,Đồng Nai,3,1,1,500000,Du lịch & Vận chuyển,Campaign,Android
ZLP003706,2023-12-02,29.0,Male,Hải Phòng,2,1,1,500000,Thực phẩm & Ăn uống,Campaign,Android
ZLP003707,2024-01-15,24.0,Female,Hà Nội,1,1,1,2000000,Điện & Nước,Campaign,Android
ZLP003708,2023-04-06,36.0,Male,Cần Thơ,2,0,1,1000000,Chăm sóc sức khỏe,Campaign,Android
ZLP003709,2023-07-05,30.0,Female,Hồ Chí Minh,1,0,1,2000000,Viễn thông,Organic,Android
ZLP003710,2023-11-02,28.0,Male,Đà Nẵng,2,1,1,2000000,Thực phẩm & Ăn uống,Campaign,Android
ZLP003711,2023-12-18,19.0,Male,Hồ Chí Minh,1,1,1,3000000,Thời trang,Campaign,Android
ZLP003712,2023-12-18,20.0,Female,Hồ Chí Minh,1,1,1,1000000,Thực phẩm & Ăn uống,Campaign,Android
ZLP003713,2023-07-05,29.0,Other,Cần Thơ,2,1,1,2000000,Điện & Nước,Referral,iOS
ZLP003714,2023-11-02,18.0,Male,Hà Nội,1,1,1,3000000,Thực phẩm & Ăn uống,Organic,Android
ZLP003715,2023-11-02,34.0,Male,Bình Dương,3,1,1,2000000,Điện & Nước,Organic,Android
ZLP003716,2023-04-06,27.0,Female,An Giang,3,1,1,3000000,Điện tử,Campaign,iOS
ZLP003717,2023-12-02,47.0,Male,Hồ Chí Minh,1,1,0,1000000,Điện & Nước,Organic,iOS
ZLP003718,2023-07-05,41.0,Female,Bình Dương,3,1,1,3000000,Thực phẩm & Ăn uống,Organic,Android
ZLP003719,2024-04-30,26.0,Female,Đà Nẵng,2,1,0,5000000,Thời trang,Organic,Android
ZLP003720,2023-12-18,27.0,Male,Hồ Chí Minh,1,1,1,1000000,Giải trí,Campaign,Android
ZLP003721,2023-12-02,33.0,Male,Cần Thơ,2,1,1,1000000,Điện & Nước,Referral,iOS
ZLP003722,2023-10-03,38.0,Male,Cần Thơ,2,1,1,500000,Du lịch & Vận chuyển,Organic,Android
ZLP003723,2023-11-02,18.0,Male,Đà Nẵng,2,1,1,2000000,Viễn thông,Organic,iOS
ZLP003724,2023-11-02,18.0,Female,An Giang,3,1,1,2000000,Chăm sóc sức khỏe,Campaign,iOS
ZLP003725,2024-11-26,24.0,Female,Đà Nẵng,2,1,1,500000,Điện & Nước,Referral,iOS
ZLP003726,2024-06-29,31.0,Female,Thanh Hóa,3,0,1,3000000,Giải trí,Unknown,iOS
ZLP003727,2023-01-01,30.0,Female,Đà Nẵng,2,1,1,3000000,Chăm sóc sức khỏe,Organic,Android
ZLP003728,2024-03-01,34.0,Female,Hồ Chí Minh,1,1,0,5000000,Điện & Nước,Campaign,Android
ZLP003729,2023-11-02,20.0,Female,Hà Nội,1,1,1,2000000,Viễn thông,Organic,Android
ZLP003730,2023-07-05,18.0,Male,Hồ Chí Minh,1,1,1,2000000,Thời trang,Referral,Android
ZLP003731,2024-04-30,27.0,Female,Đà Nẵng,2,1,1,3000000,Thực phẩm & Ăn uống,Referral,iOS
ZLP003732,2023-10-03,23.0,Male,Bình Dương,3,1,1,2000000,Thời trang,Referral,Android
ZLP003733,2024-01-01,18.0,Female,Hà Nội,1,1,0,2000000,Thực phẩm & Ăn uống,Campaign,Android
ZLP003734,2024-03-01,28.0,Female,Hồ Chí Minh,1,1,1,2000000,Điện tử,Unknown,iOS
ZLP003735,2024-01-31,32.0,Male,Hồ Chí Minh,1,1,1,1000000,Thực phẩm & Ăn uống,Unknown,Android
ZLP003736,2024-11-26,27.0,Male,Hồ Chí Minh,1,1,1,500000,Điện & Nước,Organic,iOS
ZLP003737,2024-06-29,25.0,Female,Bình Dương,3,1,1,500000,Điện & Nước,Organic,iOS
ZLP003738,2024-05-30,27.0,Male,Đồng Nai,3,1,1,2000000,Viễn thông,Referral,Android
ZLP003739,2023-12-02,25.0,Female,Nghệ An,3,1,1,2000000,Thực phẩm & Ăn uống,Referral,Android
ZLP003740,2023-01-01,19.0,Female,Hồ Chí Minh,1,1,1,3000000,Điện tử,Campaign,Android
ZLP003741,2024-04-30,23.0,Female,Đà Nẵng,2,1,1,2000000,Chăm sóc sức khỏe,Unknown,Android
ZLP003742,2024-11-26,31.0,Male,Đà Nẵng,2,1,1,1000000,Viễn thông,Organic,iOS
ZLP003743,2023-12-18,29.0,Female,An Giang,3,1,1,2000000,Thực phẩm & Ăn uống,Campaign,Unknown
ZLP003744,2024-11-26,29.0,Male,Cần Thơ,2,1,1,1000000,Viễn thông,Organic,Android
ZLP003745,2023-10-03,22.0,Male,Hồ Chí Minh,1,1,1,500000,Giải trí,Organic,Android
ZLP003746,2023-12-02,26.0,Female,Hà Nội,1,1,1,1000000,Thời trang,Organic,Android
ZLP003747,2023-10-03,18.0,Female,Cần Thơ,2,1,1,1000000,Điện tử,Campaign,iOS
ZLP003748,2024-01-01,29.0,Male,Bình Dương,3,1,1,500000,Thời trang,Referral,iOS
ZLP003749,2024-06-29,36.0,Male,Hải Phòng,2,1,1,1000000,Viễn thông,Organic,Android
ZLP003750,2023-12-02,19.0,Female,Hồ Chí Minh,1,1,1,3000000,Viễn thông,Referral,iOS
ZLP003751,2024-08-28,24.0,Female,Nghệ An,3,1,1,1000000,Điện tử,Campaign,iOS
ZLP003752,2024-01-31,29.0,Female,Hồ Chí Minh,1,1,1,1000000,Du lịch & Vận chuyển,Unknown,Android
ZLP003753,2024-01-01,35.0,Male,Thanh Hóa,3,1,1,5000000,Viễn thông,Organic,Android
ZLP003754,2024-06-29,25.0,Female,Hải Phòng,2,1,1,2000000,Thời trang,Organic,Android
ZLP003755,2023-07-05,23.0,Female,Cần Thơ,2,1,1,500000,Thực phẩm & Ăn uống,Unknown,Android
ZLP003756,2024-05-30,18.0,Female,Bình Dương,3,1,1,500000,Thời trang,Referral,Android
ZLP003757,2023-11-02,28.0,Female,Hồ Chí Minh,1,1,1,2000000,Thời trang,Referral,Android
ZLP003758,2023-12-02,40.0,Male,Hồ Chí Minh,1,1,1,2000000,Viễn thông,Organic,iOS
ZLP003759,2024-03-01,29.0,Female,Hồ Chí Minh,1,0,1,500000,Điện tử,Unknown,Android
ZLP003760,2024-08-28,27.0,Male,Hồ Chí Minh,1,1,1,1000000,Viễn thông,Campaign,Android
ZLP003761,2024-01-31,29.0,Male,Đà Nẵng,2,1,1,5000000,Điện tử,Social,Android
ZLP003762,2024-03-31,27.0,Female,Hồ Chí Minh,1,1,1,2000000,Viễn thông,Organic,Android
ZLP003763,2024-05-30,23.0,Female,Hải Phòng,2,1,1,2000000,Điện & Nước,Campaign,iOS
ZLP003764,2023-11-02,32.0,Female,Hà Nội,1,1,1,1000000,Điện & Nước,Campaign,Android
ZLP003765,2024-06-29,29.0,Female,Bình Dương,3,1,1,1000000,Chăm sóc sức khỏe,Social,Unknown
ZLP003766,2023-12-18,28.0,Male,Cần Thơ,2,0,1,2000000,Điện & Nước,Referral,Android
ZLP003767,2023-10-03,22.0,Female,Hà Nội,1,1,1,5000000,Thực phẩm & Ăn uống,Unknown,Android
ZLP003768,2023-12-02,35.0,Male,Hồ Chí Minh,1,1,1,500000,Viễn thông,Unknown,iOS
ZLP003769,2023-11-02,31.0,Female,Hà Nội,1,1,1,5000000,Điện & Nước,Unknown,Unknown
ZLP003770,2023-11-02,24.0,Male,Đồng Nai,3,0,1,1000000,Thời trang,Organic,iOS
ZLP003771,2023-12-02,34.0,Female,Đà Nẵng,2,1,1,2000000,Chăm sóc sức khỏe,Organic,iOS
ZLP003772,2023-10-03,25.0,Male,Hồ Chí Minh,1,1,0,500000,Giải trí,Campaign,Unknown
ZLP003773,2024-03-31,23.0,Female,Đồng Nai,3,0,1,2000000,Du lịch & Vận chuyển,Campaign,iOS
ZLP003774,2024-01-31,23.0,Female,Hồ Chí Minh,1,1,1,2000000,Điện & Nước,Organic,Android
ZLP003775,2024-03-31,18.0,Female,Bình Dương,3,1,1,2000000,Viễn thông,Referral,iOS
ZLP003776,2023-12-02,30.0,Female,Hà Nội,1,1,1,2000000,Thực phẩm & Ăn uống,Referral,Android
ZLP003777,2024-05-30,18.0,Female,Bình Dương,3,1,1,2000000,Du lịch & Vận chuyển,Campaign,Android
ZLP003778,2023-10-03,20.0,Female,An Giang,3,1,1,3000000,Thực phẩm & Ăn uống,Unknown,Android
ZLP003779,2024-01-31,18.0,Female,Bình Dương,3,1,1,500000,Thời trang,Referral,iOS
ZLP003780,2023-11-02,27.0,Male,Hà Nội,1,1,0,2000000,Điện tử,Referral,iOS
ZLP003781,2024-01-15,27.0,Male,Hồ Chí Minh,1,1,1,1000000,Viễn thông,Campaign,iOS
ZLP003782,2023-12-02,26.0,Male,Đồng Nai,3,1,1,2000000,Thời trang,Unknown,Android
ZLP003783,2024-06-29,21.0,Male,Hà Nội,1,1,0,3000000,Điện & Nước,Organic,Android
ZLP003784,2024-08-28,20.0,Male,Hồ Chí Minh,1,1,1,1000000,Thực phẩm & Ăn uống,Social,Android
ZLP003785,2024-05-30,30.0,Female,Bình Dương,3,1,1,5000000,Thực phẩm & Ăn uống,Unknown,Android
ZLP003786,2023-10-03,24.0,Male,Hà Nội,1,1,1,3000000,Thực phẩm & Ăn uống,Organic,iOS
ZLP003787,2023-11-02,29.0,Male,Hồ Chí Minh,1,1,1,2000000,Viễn thông,Unknown,Android
ZLP003788,2024-09-27,22.0,Male,An Giang,3,1,1,500000,Chăm sóc sức khỏe,Campaign,Android
ZLP003789,2024-01-01,29.0,Female,Hà Nội,1,1,1,3000000,Du lịch & Vận chuyển,Organic,Android
ZLP003790,2024-09-27,35.0,Female,Hà Nội,1,1,1,3000000,Du lịch & Vận chuyển,Unknown,iOS
ZLP003791,2023-12-18,31.0,Male,Bình Dương,3,1,1,1000000,Thực phẩm & Ăn uống,Organic,Android
ZLP003792,2024-09-27,25.0,Female,Hải Phòng,2,1,1,5000000,Viễn thông,Organic,Android
ZLP003793,2024-09-27,29.0,Male,Hồ Chí Minh,1,1,1,5000000,Điện & Nước,Social,Android
ZLP003794,2024-03-31,26.0,Other,Bình Dương,3,1,1,2000000,Điện tử,Unknown,iOS
ZLP003795,2023-01-01,28.0,Female,Đồng Nai,3,1,1,3000000,Thực phẩm & Ăn uống,Referral,iOS
ZLP003796,2023-12-18,26.0,Male,Hồ Chí Minh,1,1,1,2000000,Viễn thông,Referral,iOS
ZLP003797,2024-08-28,27.0,Female,Hà Nội,1,0,1,2000000,Thực phẩm & Ăn uống,Organic,iOS
ZLP003798,2024-08-28,29.0,Female,Hồ Chí Minh,1,1,1,1000000,Thời trang,Organic,Android
ZLP003799,2023-10-03,22.0,Male,Bình Dương,3,1,0,1000000,Điện & Nước,Unknown,Android
ZLP003800,2023-12-18,21.0,Female,Hải Phòng,2,1,1,3000000,Giải trí,Organic,Android
ZLP003801,2024-06-29,19.0,Male,Hồ Chí Minh,1,1,1,500000,Điện tử,Campaign,iOS
ZLP003802,2024-01-31,18.0,Male,Đồng Nai,3,1,1,2000000,Điện & Nước,Organic,Android
ZLP003803,2024-07-29,20.0,Male,Đồng Nai,3,0,1,3000000,Viễn thông,Social,Android
ZLP003804,2024-06-29,28.0,Male,Hà Nội,1,1,1,1000000,Điện & Nước,Unknown,Android
ZLP003805,2024-08-28,27.0,Male,Bình Dương,3,0,0,1000000,Viễn thông,Organic,iOS
ZLP003806,2023-07-05,31.0,Female,Hồ Chí Minh,1,1,1,2000000,Viễn thông,Referral,iOS
ZLP003807,2023-10-03,28.0,Male,Nghệ An,3,1,1,1000000,Điện tử,Social,iOS
ZLP003808,2023-07-05,18.0,Male,Đà Nẵng,2,1,1,3000000,Điện tử,Social,iOS
ZLP003809,2024-09-27,31.0,Female,Cần Thơ,2,1,1,1000000,Điện & Nước,Campaign,Android
ZLP003810,2024-01-01,32.0,Female,Cần Thơ,2,1,1,2000000,Thời trang,Organic,iOS
ZLP003811,2023-04-06,22.0,Other,Đà Nẵng,2,1,1,1000000,Giải trí,Campaign,Android
ZLP003812,2023-12-02,30.0,Female,Hải Phòng,2,1,1,500000,Thời trang,Referral,iOS
ZLP003813,2023-12-02,22.0,Female,Cần Thơ,2,1,1,1000000,Giải trí,Unknown,Android
ZLP003814,2024-06-29,28.0,Female,An Giang,3,1,1,500000,Thực phẩm & Ăn uống,Campaign,Android
ZLP003815,2024-05-30,20.0,Female,Đà Nẵng,2,1,1,2000000,Thực phẩm & Ăn uống,Organic,Android
ZLP003816,2024-04-30,18.0,Female,Hồ Chí Minh,1,1,1,2000000,Thực phẩm & Ăn uống,Organic,Android
ZLP003817,2023-01-01,25.0,Male,An Giang,3,1,1,500000,Du lịch & Vận chuyển,Unknown,iOS
ZLP003818,2024-08-28,27.0,Male,Bình Dương,3,1,1,500000,Thực phẩm & Ăn uống,Campaign,Android
ZLP003819,2023-11-02,25.0,Female,Bình Dương,3,1,1,2000000,Giải trí,Referral,Android
ZLP003820,2024-03-01,20.0,Male,Thanh Hóa,3,1,1,3000000,Thời trang,Referral,Android
ZLP003821,2023-04-06,25.0,Male,Hồ Chí Minh,1,1,1,2000000,Viễn thông,Social,iOS
ZLP003822,2023-07-05,29.0,Female,Hà Nội,1,1,1,1000000,Điện & Nước,Organic,Android
ZLP003823,2023-01-01,27.0,Female,Hồ Chí Minh,1,0,1,3000000,Điện & Nước,Campaign,Android
ZLP003824,2024-01-31,29.0,Male,Cần Thơ,2,0,1,5000000,Điện & Nước,Unknown,Android
ZLP003825,2024-03-01,23.0,Female,Đồng Nai,3,1,1,1000000,Điện tử,Referral,Android
ZLP003826,2023-04-06,35.0,Female,Nghệ An,3,1,1,2000000,Thực phẩm & Ăn uống,Organic,Android
ZLP003827,2023-12-02,20.0,Female,Hà Nội,1,1,1,2000000,Điện tử,Organic,Android
ZLP003828,2024-07-29,27.0,Female,Đồng Nai,3,1,1,5000000,Chăm sóc sức khỏe,Unknown,Android
ZLP003829,2023-07-05,35.0,Female,An Giang,3,1,0,2000000,Du lịch & Vận chuyển,Unknown,Android
ZLP003830,2023-11-02,30.0,Female,Bình Dương,3,1,1,5000000,Điện & Nước,Organic,Android
ZLP003831,2023-12-18,26.0,Male,Hồ Chí Minh,1,0,1,1000000,Viễn thông,Social,Android
ZLP003832,2024-07-29,24.0,Female,Cần Thơ,2,1,0,1000000,Thời trang,Organic,Android
ZLP003833,2023-11-02,34.0,Female,Nghệ An,3,1,1,3000000,Điện & Nước,Organic,iOS
ZLP003834,2024-11-26,19.0,Female,Thanh Hóa,3,1,1,3000000,Điện & Nước,Social,iOS
ZLP003835,2023-12-02,22.0,Female,Cần Thơ,2,1,1,3000000,Điện tử,Social,Android
ZLP003836,2023-12-18,25.0,Male,Hải Phòng,2,1,1,3000000,Điện tử,Organic,Android
ZLP003837,2023-07-05,35.0,Female,Hồ Chí Minh,1,1,1,3000000,Chăm sóc sức khỏe,Organic,iOS
ZLP003838,2024-03-31,30.0,Male,Hồ Chí Minh,1,1,1,2000000,Du lịch & Vận chuyển,Campaign,Android
ZLP003839,2023-11-02,22.0,Male,Nghệ An,3,1,1,2000000,Thực phẩm & Ăn uống,Organic,iOS
ZLP003840,2024-03-01,26.0,Male,Hồ Chí Minh,1,1,1,2000000,Giải trí,Unknown,iOS
ZLP003841,2023-11-02,24.0,Male,Hồ Chí Minh,1,1,0,2000000,Điện & Nước,Campaign,Android
ZLP003842,2023-12-18,23.0,Female,Hà Nội,1,1,1,2000000,Du lịch & Vận chuyển,Campaign,iOS
ZLP003843,2024-07-29,33.0,Male,Đà Nẵng,2,1,1,2000000,Viễn thông,Organic,Android
ZLP003844,2024-05-30,19.0,Male,Cần Thơ,2,1,0,1000000,Du lịch & Vận chuyển,Organic,iOS
ZLP003845,2023-10-03,37.0,Female,Hà Nội,1,0,1,1000000,Viễn thông,Campaign,Android
ZLP003846,2024-03-01,32.0,Male,An Giang,3,1,0,5000000,Điện tử,Unknown,Android
ZLP003847,2024-03-01,34.0,Male,An Giang,3,1,1,500000,Thực phẩm & Ăn uống,Referral,Android
ZLP003848,2023-07-05,25.0,Male,Hà Nội,1,0,0,1000000,Thực phẩm & Ăn uống,Social,Android
ZLP003849,2024-01-01,27.0,Male,Hà Nội,1,1,1,2000000,Điện & Nước,Organic,Android
ZLP003850,2023-11-02,19.0,Male,Bình Dương,3,1,1,1000000,Điện tử,Referral,Android
ZLP003851,2024-01-01,24.0,Male,Cần Thơ,2,1,1,2000000,Điện & Nước,Social,iOS
ZLP003852,2024-05-30,30.0,Female,Hồ Chí Minh,1,0,1,1000000,Thực phẩm & Ăn uống,Campaign,Android
ZLP003853,2023-10-03,35.0,Male,Hà Nội,1,1,1,1000000,Điện & Nước,Unknown,iOS
ZLP003854,2023-10-03,21.0,Male,Hà Nội,1,1,1,3000000,Thời trang,Organic,iOS
ZLP003855,2023-11-02,25.0,Female,Hồ Chí Minh,1,1,1,3000000,Viễn thông,Campaign,Android
ZLP003856,2024-09-27,27.0,Male,Hà Nội,1,1,1,1000000,Thời trang,Organic,Android
ZLP003857,2024-05-30,19.0,Female,Bình Dương,3,1,1,2000000,Giải trí,Unknown,iOS
ZLP003858,2023-01-01,31.0,Female,Bình Dương,3,1,0,2000000,Du lịch & Vận chuyển,Organic,iOS
ZLP003859,2023-12-18,23.0,Male,Đồng Nai,3,1,1,3000000,Viễn thông,Unknown,Android
ZLP003860,2023-11-02,26.0,Female,Hà Nội,1,1,1,2000000,Điện & Nước,Unknown,Android
ZLP003861,2024-03-31,25.0,Male,Đồng Nai,3,1,1,1000000,Điện & Nước,Unknown,Android
ZLP003862,2024-01-01,23.0,Male,Hồ Chí Minh,1,1,1,2000000,Chăm sóc sức khỏe,Unknown,Android
ZLP003863,2024-11-26,27.0,Female,Hà Nội,1,1,1,1000000,Viễn thông,Campaign,Android
ZLP003864,2023-11-02,26.0,Female,Đồng Nai,3,1,1,1000000,Viễn thông,Referral,Android
ZLP003865,2024-03-01,25.0,Female,Cần Thơ,2,1,1,2000000,Viễn thông,Unknown,Android
ZLP003866,2024-04-30,23.0,Female,Hà Nội,1,1,1,3000000,Chăm sóc sức khỏe,Referral,iOS
ZLP003867,2024-06-29,29.0,Male,Cần Thơ,2,1,1,2000000,Giải trí,Campaign,iOS
ZLP003868,2023-12-18,37.0,Female,An Giang,3,1,1,1000000,Điện tử,Referral,iOS
ZLP003869,2024-04-30,28.0,Female,Đà Nẵng,2,1,1,3000000,Chăm sóc sức khỏe,Campaign,Android
ZLP003870,2023-12-02,33.0,Other,Đồng Nai,3,1,1,3000000,Thời trang,Unknown,iOS
ZLP003871,2024-01-01,19.0,Female,Thanh Hóa,3,0,1,2000000,Thực phẩm & Ăn uống,Organic,Android
ZLP003872,2024-08-28,28.0,Female,Bình Dương,3,1,0,1000000,Điện tử,Campaign,iOS
ZLP003873,2024-09-27,21.0,Male,Đà Nẵng,2,1,1,2000000,Điện & Nước,Unknown,Android
ZLP003874,2024-04-30,19.0,Female,Hồ Chí Minh,1,1,1,500000,Điện & Nước,Organic,Android
ZLP003875,2023-12-18,27.0,Male,Hồ Chí Minh,1,1,1,2000000,Điện tử,Organic,iOS
ZLP003876,2024-06-29,35.0,Male,Đà Nẵng,2,1,0,3000000,Thực phẩm & Ăn uống,Organic,Android
ZLP003877,2023-01-01,33.0,Female,Đồng Nai,3,1,1,2000000,Thực phẩm & Ăn uống,Unknown,Android
ZLP003878,2023-07-05,29.0,Male,Hồ Chí Minh,1,1,1,1000000,Chăm sóc sức khỏe,Unknown,Android
ZLP003879,2024-03-31,18.0,Female,Nghệ An,3,0,1,500000,Thời trang,Organic,iOS
ZLP003880,2023-12-02,26.0,Male,Hồ Chí Minh,1,1,0,2000000,Chăm sóc sức khỏe,Campaign,iOS
ZLP003881,2024-09-27,29.0,Female,Bình Dương,3,1,1,1000000,Thực phẩm & Ăn uống,Campaign,iOS
ZLP003882,2024-01-01,29.0,Male,Hà Nội,1,1,1,2000000,Viễn thông,Campaign,iOS
ZLP003883,2024-01-01,18.0,Male,Hà Nội,1,1,1,2000000,Viễn thông,Organic,Unknown
ZLP003884,2024-03-31,22.0,Male,Đồng Nai,3,1,1,1000000,Điện & Nước,Unknown,Android
ZLP003885,2024-05-30,27.0,Female,Hà Nội,1,1,1,2000000,Điện & Nước,Unknown,Android
ZLP003886,2024-01-01,31.0,Male,Hồ Chí Minh,1,1,1,2000000,Điện & Nước,Organic,Android
ZLP003887,2023-11-02,18.0,Female,Đà Nẵng,2,1,0,2000000,Viễn thông,Referral,Android
ZLP003888,2024-05-30,27.0,Male,Đà Nẵng,2,1,1,1000000,Viễn thông,Organic,Android
ZLP003889,2023-12-02,28.0,Male,Đồng Nai,3,1,1,1000000,Thực phẩm & Ăn uống,Referral,iOS
ZLP003890,2023-10-03,33.0,Male,Nghệ An,3,1,1,3000000,Thời trang,Social,Android
ZLP003891,2024-03-01,32.0,Male,Hồ Chí Minh,1,1,1,3000000,Điện tử,Unknown,Android
ZLP003892,2023-07-05,31.0,Female,Đà Nẵng,2,0,1,3000000,Viễn thông,Campaign,iOS
ZLP003893,2024-11-26,23.0,Female,Bình Dương,3,1,1,1000000,Điện tử,Unknown,Android
ZLP003894,2024-03-01,18.0,Male,Thanh Hóa,3,0,1,1000000,Điện & Nước,Referral,Android
ZLP003895,2024-11-26,25.0,Female,Nghệ An,3,0,1,2000000,Giải trí,Organic,Android
ZLP003896,2023-12-02,34.0,Female,Bình Dương,3,1,1,3000000,Viễn thông,Campaign,Android
ZLP003897,2024-11-26,27.0,Male,Đà Nẵng,2,1,1,3000000,Chăm sóc sức khỏe,Referral,Android
ZLP003898,2023-10-03,32.0,Female,Hồ Chí Minh,1,1,1,3000000,Viễn thông,Organic,iOS
ZLP003899,2023-04-06,30.0,Female,Hà Nội,1,1,1,500000,Giải trí,Organic,iOS
ZLP003900,2023-04-06,30.0,Male,Đà Nẵng,2,1,1,3000000,Chăm sóc sức khỏe,Social,iOS
ZLP003901,2024-01-01,24.0,Male,Bình Dương,3,1,1,3000000,Thực phẩm & Ăn uống,Organic,iOS
ZLP003902,2023-07-05,27.0,Male,Cần Thơ,2,1,1,500000,Thực phẩm & Ăn uống,Referral,iOS
ZLP003903,2024-01-15,38.0,Female,Bình Dương,3,1,0,2000000,Điện & Nước,Campaign,Android
ZLP003904,2023-12-02,22.0,Male,Hà Nội,1,1,1,2000000,Viễn thông,Social,iOS
ZLP003905,2023-12-02,37.0,Male,Bình Dương,3,0,1,1000000,Viễn thông,Social,Android
ZLP003906,2024-03-31,26.0,Male,Hồ Chí Minh,1,1,1,2000000,Thực phẩm & Ăn uống,Unknown,Android
ZLP003907,2023-10-03,35.0,Male,Hồ Chí Minh,1,0,1,3000000,Điện & Nước,Organic,iOS
ZLP003908,2024-05-30,19.0,Male,Hồ Chí Minh,1,1,1,3000000,Thực phẩm & Ăn uống,Campaign,Android
ZLP003909,2024-03-01,31.0,Female,An Giang,3,1,1,5000000,Điện tử,Campaign,Android
ZLP003910,2024-08-28,23.0,Male,Hồ Chí Minh,1,1,0,2000000,Thực phẩm & Ăn uống,Unknown,iOS
ZLP003911,2023-12-18,19.0,Female,Đồng Nai,3,1,1,2000000,Viễn thông,Organic,Android
ZLP003912,2024-11-26,29.0,Female,Hồ Chí Minh,1,0,1,2000000,Thời trang,Organic,Android
ZLP003913,2024-01-31,34.0,Female,Hà Nội,1,1,1,2000000,Điện & Nước,Organic,iOS
ZLP003914,2024-11-26,22.0,Female,An Giang,3,1,1,500000,Thực phẩm & Ăn uống,Campaign,Android
ZLP003915,2023-01-01,27.0,Male,Đà Nẵng,2,1,0,3000000,Thực phẩm & Ăn uống,Referral,iOS
ZLP003916,2024-04-30,27.0,Female,Hồ Chí Minh,1,1,1,1000000,Thực phẩm & Ăn uống,Unknown,Android
ZLP003917,2024-06-29,27.0,Female,Hà Nội,1,0,1,500000,Thực phẩm & Ăn uống,Unknown,iOS
ZLP003918,2023-04-06,31.0,Female,An Giang,3,1,1,500000,Chăm sóc sức khỏe,Social,Android
ZLP003919,2024-01-31,33.0,Male,Hà Nội,1,1,1,5000000,Du lịch & Vận chuyển,Referral,Android
ZLP003920,2024-06-29,27.0,Other,Đà Nẵng,2,1,1,1000000,Chăm sóc sức khỏe,Unknown,Android
ZLP003921,2024-01-31,39.0,Female,Hà Nội,1,1,1,2000000,Điện & Nước,Campaign,iOS
ZLP003922,2023-04-06,29.0,Female,Hà Nội,1,1,1,5000000,Viễn thông,Social,Android
ZLP003923,2024-04-30,25.0,Female,Hồ Chí Minh,1,1,1,2000000,Điện tử,Organic,iOS
ZLP003924,2023-04-06,18.0,Female,Bình Dương,3,1,1,500000,Giải trí,Unknown,Android
ZLP003925,2024-06-29,26.0,Female,Bình Dương,3,1,1,2000000,Viễn thông,Organic,iOS
ZLP003926,2023-04-06,25.0,Female,Hồ Chí Minh,1,1,1,500000,Du lịch & Vận chuyển,Unknown,Android
ZLP003927,2023-10-03,33.0,Female,Đồng Nai,3,1,1,500000,Điện tử,Referral,Android
ZLP003928,2023-11-02,30.0,Male,Hải Phòng,2,1,1,3000000,Giải trí,Referral,iOS
ZLP003929,2024-03-31,20.0,Female,An Giang,3,1,1,1000000,Điện & Nước,Organic,iOS
ZLP003930,2024-11-26,29.0,Male,Hồ Chí Minh,1,1,1,2000000,Thực phẩm & Ăn uống,Unknown,iOS
ZLP003931,2023-07-05,32.0,Female,Hà Nội,1,1,1,2000000,Thực phẩm & Ăn uống,Organic,Android
ZLP003932,2023-10-03,37.0,Male,Hải Phòng,2,1,1,1000000,Điện tử,Referral,Android
ZLP003933,2023-12-18,27.0,Male,Hồ Chí Minh,1,1,1,2000000,Điện tử,Social,Android
ZLP003934,2024-06-29,32.0,Female,Hồ Chí Minh,1,1,0,500000,Du lịch & Vận chuyển,Organic,iOS
ZLP003935,2024-01-01,28.0,Male,Hải Phòng,2,1,1,1000000,Chăm sóc sức khỏe,Unknown,Android
ZLP003936,2023-12-02,30.0,Female,Hà Nội,1,1,1,2000000,Điện & Nước,Referral,Android
ZLP003937,2024-01-31,35.0,Female,Hà Nội,1,1,1,1000000,Thực phẩm & Ăn uống,Referral,iOS
ZLP003938,2023-11-02,27.0,Male,Hà Nội,1,1,1,2000000,Thực phẩm & Ăn uống,Unknown,Android
ZLP003939,2023-12-18,25.0,Male,Hồ Chí Minh,2,1,0,500000,Giải trí,Campaign,Unknown
ZLP003940,2023-12-02,23.0,Female,Hà Nội,1,1,1,2000000,Thực phẩm & Ăn uống,Campaign,iOS
ZLP003941,2024-06-29,30.0,Male,An Giang,3,0,1,3000000,Điện tử,Referral,iOS
ZLP003942,2024-09-27,35.0,Female,Cần Thơ,2,0,0,2000000,Viễn thông,Campaign,Android
ZLP003943,2024-05-30,24.0,Female,Đà Nẵng,2,1,1,3000000,Thời trang,Organic,Android
ZLP003944,2024-01-01,18.0,Male,Hà Nội,1,1,1,2000000,Viễn thông,Organic,Android
ZLP003945,2024-01-15,25.0,Male,Hồ Chí Minh,1,1,1,5000000,Thời trang,Organic,iOS
ZLP003946,2023-10-03,33.0,Male,Cần Thơ,2,1,0,1000000,Chăm sóc sức khỏe,Organic,Android
ZLP003947,2024-05-30,27.0,Female,Hà Nội,1,1,1,5000000,Điện & Nước,Referral,Android
ZLP003948,2024-03-01,30.0,Male,An Giang,3,1,1,2000000,Thực phẩm & Ăn uống,Organic,Android
ZLP003949,2024-08-28,26.0,Male,Hà Nội,1,1,1,3000000,Giải trí,Unknown,iOS
ZLP003950,2023-11-02,20.0,Female,Đà Nẵng,2,1,0,5000000,Điện & Nước,Campaign,iOS
ZLP003951,2024-05-30,27.0,Female,Hà Nội,1,1,1,2000000,Viễn thông,Unknown,iOS
ZLP003952,2024-04-30,22.0,Male,Đồng Nai,3,1,1,3000000,Thực phẩm & Ăn uống,Campaign,Android
ZLP003953,2023-11-02,41.0,Male,Hà Nội,1,1,1,2000000,Du lịch & Vận chuyển,Social,Android
ZLP003954,2024-03-31,31.0,Female,Hồ Chí Minh,1,0,1,2000000,Thời trang,Unknown,Android
ZLP003955,2024-09-27,24.0,Female,Hải Phòng,2,1,0,2000000,Thực phẩm & Ăn uống,Organic,Android
ZLP003956,2024-09-27,24.0,Female,Đà Nẵng,2,1,1,1000000,Điện & Nước,Unknown,iOS
ZLP003957,2024-04-30,27.0,Female,Đà Nẵng,2,1,1,2000000,Giải trí,Campaign,Android
ZLP003958,2023-04-06,26.0,Female,Cần Thơ,2,0,1,5000000,Thực phẩm & Ăn uống,Organic,Android
ZLP003959,2024-07-29,34.0,Female,Bình Dương,3,1,1,3000000,Viễn thông,Campaign,iOS
ZLP003960,2024-03-31,29.0,Female,Hà Nội,1,1,1,3000000,Thực phẩm & Ăn uống,Campaign,iOS
ZLP003961,2023-12-02,23.0,Female,Hồ Chí Minh,1,1,1,2000000,Thực phẩm & Ăn uống,Referral,iOS
ZLP003962,2023-10-03,39.0,Female,Đồng Nai,3,1,1,1000000,Thực phẩm & Ăn uống,Organic,Android
ZLP003963,2023-07-05,28.0,Male,Hồ Chí Minh,1,0,1,1000000,Điện tử,Referral,Android
ZLP003964,2023-04-06,32.0,Male,Bình Dương,3,1,1,1000000,Chăm sóc sức khỏe,Organic,Android
ZLP003965,2024-05-30,24.0,Female,Hồ Chí Minh,1,1,1,500000,Điện & Nước,Referral,iOS
ZLP003966,2023-11-02,30.0,Male,Hà Nội,1,1,1,2000000,Thực phẩm & Ăn uống,Campaign,Android
ZLP003967,2023-01-01,29.0,Female,Hồ Chí Minh,1,1,1,3000000,Thực phẩm & Ăn uống,Referral,Android
ZLP003968,2023-12-18,18.0,Male,Đà Nẵng,2,1,1,1000000,Điện & Nước,Social,Android
ZLP003969,2024-01-15,40.0,Female,Cần Thơ,2,1,1,500000,Chăm sóc sức khỏe,Campaign,Android
ZLP003970,2023-10-03,35.0,Male,Hồ Chí Minh,1,1,1,1000000,Điện & Nước,Organic,Android
ZLP003971,2023-04-06,25.0,Female,Hà Nội,1,1,1,1000000,Điện & Nước,Social,Android
ZLP003972,2023-10-03,21.0,Female,Nghệ An,3,1,1,2000000,Điện & Nước,Campaign,Android
ZLP003973,2024-03-31,30.0,Male,Hà Nội,1,1,1,1000000,Viễn thông,Referral,Android
ZLP003974,2023-07-05,28.0,Female,Đồng Nai,3,1,0,1000000,Điện & Nước,Campaign,Android
ZLP003975,2024-01-31,30.0,Female,An Giang,3,1,1,5000000,Thực phẩm & Ăn uống,Organic,Android
ZLP003976,2023-10-03,29.0,Male,Thanh Hóa,3,1,1,1000000,Điện tử,Referral,iOS
ZLP003977,2023-11-02,31.0,Male,An Giang,3,1,1,3000000,Điện & Nước,Organic,iOS
ZLP003978,2023-12-18,36.0,Male,Hà Nội,1,0,1,2000000,Chăm sóc sức khỏe,Social,iOS
ZLP003979,2023-07-05,31.0,Other,Nghệ An,3,1,1,1000000,Viễn thông,Campaign,Android
ZLP003980,2023-10-03,21.0,Male,Đồng Nai,3,1,1,3000000,Thời trang,Organic,iOS
ZLP003981,2023-12-02,36.0,Female,Hải Phòng,2,1,1,2000000,Điện & Nước,Campaign,Android
ZLP003982,2023-12-02,37.0,Male,Hồ Chí Minh,1,1,1,500000,Thực phẩm & Ăn uống,Social,iOS
ZLP003983,2024-05-30,46.0,Female,Nghệ An,3,0,1,500000,Điện & Nước,Social,iOS
ZLP003984,2023-07-05,21.0,Male,Đồng Nai,3,0,0,3000000,Điện & Nước,Unknown,Android
ZLP003985,2024-07-29,29.0,Female,Đồng Nai,3,1,1,2000000,Thực phẩm & Ăn uống,Organic,Android
ZLP003986,2024-06-29,18.0,Female,Hồ Chí Minh,1,1,1,2000000,Thời trang,Campaign,iOS
ZLP003987,2024-05-30,31.0,Female,Hồ Chí Minh,1,1,1,1000000,Điện & Nước,Social,iOS
ZLP003988,2023-12-02,24.0,Male,Nghệ An,3,0,1,1000000,Điện tử,Campaign,Android
ZLP003989,2024-06-29,39.0,Female,Đà Nẵng,2,1,1,3000000,Viễn thông,Campaign,Android
ZLP003990,2023-10-03,23.0,Male,Hà Nội,1,1,1,3000000,Điện & Nước,Campaign,iOS
ZLP003991,2023-10-03,18.0,Male,Hải Phòng,2,1,1,2000000,Thực phẩm & Ăn uống,Social,Unknown
ZLP003992,2023-04-06,25.0,Male,Hồ Chí Minh,1,1,1,1000000,Thời trang,Referral,iOS
ZLP003993,2024-09-27,27.0,Male,Hà Nội,1,0,1,5000000,Giải trí,Organic,iOS
ZLP003994,2023-12-02,32.0,Male,Hà Nội,1,1,1,2000000,Thực phẩm & Ăn uống,Organic,iOS
ZLP003995,2024-08-28,27.0,Female,Hà Nội,1,1,1,3000000,Thực phẩm & Ăn uống,Organic,iOS
ZLP003996,2023-11-02,28.0,Male,Hà Nội,1,1,1,500000,Điện & Nước,Unknown,iOS
ZLP003997,2024-08-28,18.0,Male,Hồ Chí Minh,1,1,1,2000000,Điện tử,Social,Android
ZLP003998,2024-08-28,26.0,Male,Hồ Chí Minh,1,0,1,3000000,Viễn thông,Social,iOS
ZLP003999,2024-09-27,37.0,Female,Cần Thơ,2,1,1,1000000,Điện tử,Campaign,iOS
ZLP004000,2024-01-15,30.0,Female,An Giang,3,1,1,3000000,Du lịch & Vận chuyển,Unknown,Android
ZLP004001,2024-07-29,22.0,Male,Đà Nẵng,2,1,1,2000000,Điện tử,Organic,Android
ZLP004002,2024-09-27,27.0,Female,Hà Nội,1,1,1,1000000,Thời trang,Referral,iOS
ZLP004003,2023-12-02,28.0,Female,Hồ Chí Minh,1,1,1,3000000,Thời trang,Social,Android
ZLP004004,2023-12-18,30.0,Male,Hải Phòng,2,1,0,1000000,Thực phẩm & Ăn uống,Organic,Android
ZLP004005,2024-04-30,19.0,Female,Thanh Hóa,3,1,1,3000000,Điện & Nước,Organic,iOS
ZLP004006,2023-12-02,31.0,Female,Hà Nội,1,1,1,5000000,Chăm sóc sức khỏe,Organic,Android
ZLP004007,2024-05-30,18.0,Female,Hà Nội,1,1,1,5000000,Thực phẩm & Ăn uống,Organic,Android
ZLP004008,2023-07-05,24.0,Male,Cần Thơ,2,1,1,3000000,Thời trang,Social,iOS
ZLP004009,2024-01-15,25.0,Male,Đồng Nai,3,1,1,2000000,Thực phẩm & Ăn uống,Unknown,Android
ZLP004010,2023-07-05,31.0,Male,Hà Nội,1,1,1,2000000,Viễn thông,Unknown,Android
ZLP004011,2023-12-02,28.0,Female,Cần Thơ,2,1,1,3000000,Chăm sóc sức khỏe,Social,Android
ZLP004012,2023-11-02,19.0,Female,Bình Dương,3,0,1,500000,Thực phẩm & Ăn uống,Social,iOS
ZLP004013,2024-07-29,22.0,Male,Nghệ An,3,0,1,1000000,Chăm sóc sức khỏe,Social,Android
ZLP004014,2023-10-03,29.0,Male,Hồ Chí Minh,1,1,1,2000000,Giải trí,Referral,Android
ZLP004015,2024-06-29,27.0,Female,Thanh Hóa,3,0,1,500000,Chăm sóc sức khỏe,Organic,Android
ZLP004016,2024-06-29,24.0,Female,Hà Nội,1,1,1,5000000,Điện & Nước,Organic,Android
ZLP004017,2024-01-15,25.0,Female,Bình Dương,3,1,1,2000000,Chăm sóc sức khỏe,Campaign,Unknown
ZLP004018,2023-11-02,32.0,Female,Đà Nẵng,2,1,1,1000000,Thực phẩm & Ăn uống,Organic,iOS
ZLP004019,2023-11-02,24.0,Female,Hà Nội,1,1,1,2000000,Viễn thông,Unknown,Android
ZLP004020,2024-01-01,27.0,Male,Bình Dương,3,0,1,3000000,Điện & Nước,Campaign,iOS
ZLP004021,2023-01-01,41.0,Male,Hà Nội,1,1,1,5000000,Viễn thông,Social,Android
ZLP004022,2024-01-31,27.0,Male,Hồ Chí Minh,1,1,1,1000000,Điện & Nước,Unknown,Android
ZLP004023,2024-09-27,18.0,Female,Hà Nội,1,1,1,3000000,Điện & Nước,Social,Android
ZLP004024,2023-10-03,32.0,Male,Đà Nẵng,2,1,1,2000000,Giải trí,Social,iOS
ZLP004025,2024-01-31,23.0,Female,Hồ Chí Minh,1,1,1,2000000,Chăm sóc sức khỏe,Organic,Android
ZLP004026,2024-11-26,26.0,Female,Nghệ An,3,1,1,3000000,Điện tử,Referral,iOS
ZLP004027,2024-07-29,23.0,Male,Hồ Chí Minh,1,1,1,1000000,Viễn thông,Organic,Android
ZLP004028,2024-07-29,26.0,Female,Hà Nội,1,1,1,2000000,Điện & Nước,Unknown,Android
ZLP004029,2024-06-29,37.0,Male,Hồ Chí Minh,1,1,1,1000000,Thực phẩm & Ăn uống,Social,iOS
ZLP004030,2023-12-02,32.0,Male,Đà Nẵng,2,1,1,500000,Điện tử,Organic,Android
ZLP004031,2024-08-28,33.0,Female,Hà Nội,1,1,1,1000000,Giải trí,Unknown,iOS
ZLP004032,2024-09-27,19.0,Male,Hà Nội,1,1,1,1000000,Chăm sóc sức khỏe,Organic,iOS
ZLP004033,2024-01-15,21.0,Female,Hồ Chí Minh,1,1,1,2000000,Du lịch & Vận chuyển,Unknown,Android
ZLP004034,2023-12-02,18.0,Female,Hồ Chí Minh,1,1,1,1000000,Viễn thông,Referral,iOS
ZLP004035,2023-12-18,23.0,Female,Đồng Nai,3,1,1,2000000,Điện & Nước,Unknown,iOS
ZLP004036,2023-12-02,33.0,Female,Cần Thơ,2,0,1,2000000,Viễn thông,Unknown,Android
ZLP004037,2023-11-02,31.0,Male,Hà Nội,1,1,1,5000000,Điện & Nước,Campaign,Android
ZLP004038,2024-03-01,26.0,Female,Hồ Chí Minh,1,1,1,2000000,Chăm sóc sức khỏe,Campaign,iOS
ZLP004039,2024-01-31,27.0,Male,Hải Phòng,2,1,1,5000000,Du lịch & Vận chuyển,Organic,iOS
ZLP004040,2024-01-01,23.0,Male,Hồ Chí Minh,1,0,1,500000,Viễn thông,Campaign,iOS
ZLP004041,2023-07-05,29.0,Male,Nghệ An,3,1,1,3000000,Du lịch & Vận chuyển,Organic,Android
ZLP004042,2024-06-29,32.0,Male,Hà Nội,1,1,1,500000,Điện & Nước,Referral,iOS
ZLP004043,2023-10-03,18.0,Female,Hà Nội,1,1,1,3000000,Điện tử,Campaign,Unknown
ZLP004044,2023-07-05,29.0,Male,Bình Dương,3,1,1,2000000,Thực phẩm & Ăn uống,Social,Android
ZLP004045,2024-03-01,33.0,Female,Hải Phòng,2,1,1,2000000,Viễn thông,Organic,iOS
ZLP004046,2023-12-18,25.0,Male,Hà Nội,1,1,1,1000000,Điện tử,Campaign,iOS
ZLP004047,2023-04-06,32.0,Male,Hà Nội,1,0,1,1000000,Viễn thông,Organic,iOS
ZLP004048,2023-12-02,44.0,Female,Hà Nội,1,1,1,3000000,Thực phẩm & Ăn uống,Campaign,Android
ZLP004049,2024-05-30,27.0,Male,An Giang,3,1,1,5000000,Điện tử,Campaign,iOS
ZLP004050,2024-03-01,30.0,Female,Bình Dương,3,1,1,1000000,Thực phẩm & Ăn uống,Campaign,iOS
ZLP004051,2023-12-18,23.0,Female,Hồ Chí Minh,1,1,1,5000000,Chăm sóc sức khỏe,Campaign,iOS
ZLP004052,2023-10-03,29.0,Male,Hồ Chí Minh,1,1,1,1000000,Chăm sóc sức khỏe,Referral,Android
ZLP004053,2024-03-01,30.0,Female,Hồ Chí Minh,1,1,1,3000000,Viễn thông,Campaign,Android
ZLP004054,2024-08-28,29.0,Female,Hồ Chí Minh,1,1,1,5000000,Thực phẩm & Ăn uống,Organic,Android
ZLP004055,2024-03-31,21.0,Male,Hồ Chí Minh,1,1,1,1000000,Thực phẩm & Ăn uống,Campaign,iOS
ZLP004056,2024-06-29,29.0,Male,Cần Thơ,2,1,1,2000000,Thực phẩm & Ăn uống,Referral,Android
ZLP004057,2024-01-15,36.0,Male,Hồ Chí Minh,1,0,1,1000000,Thực phẩm & Ăn uống,Organic,Android
ZLP004058,2024-04-30,30.0,Female,Hà Nội,1,1,1,2000000,Điện & Nước,Organic,Android
ZLP004059,2024-08-28,33.0,Female,Cần Thơ,2,1,0,3000000,Du lịch & Vận chuyển,Organic,Android
ZLP004060,2024-05-30,26.0,Female,Hà Nội,1,1,1,2000000,Viễn thông,Organic,iOS
ZLP004061,2024-08-28,32.0,Male,Hồ Chí Minh,1,1,1,5000000,Điện & Nước,Organic,Android
ZLP004062,2024-01-01,29.0,Female,Hồ Chí Minh,1,1,1,1000000,Điện tử,Organic,Android
ZLP004063,2024-08-28,22.0,Female,Hồ Chí Minh,1,0,1,2000000,Điện tử,Organic,Android
ZLP004064,2024-03-01,29.0,Female,Hải Phòng,2,0,1,2000000,Giải trí,Unknown,iOS
ZLP004065,2024-07-29,27.0,Female,Cần Thơ,2,1,1,5000000,Điện tử,Campaign,Android
ZLP004066,2023-04-06,24.0,Female,Hồ Chí Minh,1,1,1,500000,Thực phẩm & Ăn uống,Campaign,iOS
ZLP004067,2024-03-31,29.0,Male,Hà Nội,1,0,1,5000000,Giải trí,Organic,Android
ZLP004068,2024-07-29,29.0,Female,Hồ Chí Minh,1,1,1,2000000,Thực phẩm & Ăn uống,Unknown,Android
ZLP004069,2023-10-03,20.0,Female,Đà Nẵng,2,1,1,2000000,Chăm sóc sức khỏe,Campaign,Android
ZLP004070,2024-03-31,34.0,Male,Đà Nẵng,2,1,1,1000000,Thực phẩm & Ăn uống,Unknown,Android
ZLP004071,2024-06-29,31.0,Male,Hà Nội,1,0,1,3000000,Điện & Nước,Referral,Android
ZLP004072,2023-12-02,23.0,Female,Hà Nội,1,1,1,2000000,Điện tử,Campaign,Android
ZLP004073,2023-12-18,18.0,Male,Hồ Chí Minh,1,1,1,2000000,Thực phẩm & Ăn uống,Unknown,Android
ZLP004074,2024-01-31,27.0,Female,Bình Dương,3,1,1,2000000,Thực phẩm & Ăn uống,Organic,Android
ZLP004075,2024-01-15,25.0,Male,Hải Phòng,2,1,1,1000000,Điện tử,Campaign,iOS
ZLP004076,2023-04-06,28.0,Male,Nghệ An,3,1,1,500000,Viễn thông,Organic,iOS
ZLP004077,2023-07-05,25.0,Male,Hồ Chí Minh,1,1,1,3000000,Điện & Nước,Social,Android
ZLP004078,2023-07-05,18.0,Male,Bình Dương,3,1,1,1000000,Thực phẩm & Ăn uống,Organic,Android
ZLP004079,2023-11-02,25.0,Male,Bình Dương,3,1,1,3000000,Chăm sóc sức khỏe,Campaign,iOS
ZLP004080,2023-11-02,26.0,Female,Nghệ An,3,1,1,2000000,Điện & Nước,Organic,Android
ZLP004081,2024-05-30,31.0,Female,Hồ Chí Minh,1,1,1,1000000,Thời trang,Campaign,iOS
ZLP004082,2024-01-31,23.0,Other,Bình Dương,3,1,0,2000000,Điện & Nước,Organic,iOS
ZLP004083,2024-05-30,38.0,Male,Hồ Chí Minh,1,1,1,2000000,Điện & Nước,Unknown,Android
ZLP004084,2023-04-06,18.0,Female,Cần Thơ,2,1,1,3000000,Thực phẩm & Ăn uống,Organic,Unknown
ZLP004085,2024-01-15,35.0,Female,Hà Nội,1,1,1,3000000,Điện tử,Referral,Android
ZLP004086,2023-12-02,26.0,Female,Đồng Nai,3,1,1,1000000,Viễn thông,Referral,Android
ZLP004087,2024-07-29,33.0,Female,Hải Phòng,2,1,1,5000000,Thực phẩm & Ăn uống,Social,Android
ZLP004088,2024-04-30,28.0,Male,Hà Nội,1,1,1,2000000,Thực phẩm & Ăn uống,Social,iOS
ZLP004089,2024-07-29,34.0,Male,Đà Nẵng,2,1,1,3000000,Chăm sóc sức khỏe,Unknown,Android
ZLP004090,2023-04-06,25.0,Male,Hồ Chí Minh,1,1,1,1000000,Chăm sóc sức khỏe,Organic,Android
ZLP004091,2024-04-30,21.0,Male,Hà Nội,1,0,1,500000,Điện & Nước,Organic,iOS
ZLP004092,2024-01-31,27.0,Female,Hà Nội,1,0,1,2000000,Thực phẩm & Ăn uống,Campaign,Android
ZLP004093,2024-06-29,27.0,Male,Hồ Chí Minh,1,0,0,1000000,Điện tử,Campaign,Android
ZLP004094,2024-01-15,29.0,Female,An Giang,3,1,1,5000000,Chăm sóc sức khỏe,Campaign,Android
ZLP004095,2024-01-31,35.0,Female,Hồ Chí Minh,1,0,1,1000000,Điện & Nước,Referral,iOS
ZLP004096,2023-04-06,21.0,Female,Cần Thơ,2,1,1,500000,Thời trang,Organic,iOS
ZLP004097,2024-03-31,31.0,Female,An Giang,3,1,0,500000,Chăm sóc sức khỏe,Organic,iOS
ZLP004098,2023-11-02,24.0,Male,An Giang,3,1,1,1000000,Viễn thông,Referral,Android
ZLP004099,2023-01-01,27.0,Female,Đồng Nai,3,1,1,2000000,Viễn thông,Social,Android
ZLP004100,2023-04-06,27.0,Male,Hồ Chí Minh,1,1,1,2000000,Thực phẩm & Ăn uống,Social,Android
ZLP004101,2024-09-27,18.0,Female,Đồng Nai,3,1,1,1000000,Giải trí,Organic,iOS
ZLP004102,2023-12-02,23.0,Female,Hồ Chí Minh,1,1,1,500000,Điện tử,Unknown,iOS
ZLP004103,2024-07-29,36.0,Female,An Giang,3,1,1,1000000,Thực phẩm & Ăn uống,Unknown,Android
ZLP004104,2024-11-26,33.0,Male,Bình Dương,3,1,1,1000000,Điện & Nước,Unknown,Android
ZLP004105,2024-09-27,27.0,Female,Đồng Nai,3,1,1,3000000,Thời trang,Organic,Android
ZLP004106,2024-08-28,29.0,Male,Hồ Chí Minh,1,1,1,3000000,Thực phẩm & Ăn uống,Unknown,iOS
ZLP004107,2024-08-28,26.0,Male,Đà Nẵng,2,1,1,3000000,Viễn thông,Campaign,iOS
ZLP004108,2023-12-02,36.0,Female,Đồng Nai,3,1,1,5000000,Thực phẩm & Ăn uống,Unknown,Android
ZLP004109,2023-10-03,26.0,Male,Hải Phòng,2,1,0,3000000,Thực phẩm & Ăn uống,Campaign,iOS
ZLP004110,2024-03-31,29.0,Other,Hồ Chí Minh,1,1,1,2000000,Điện & Nước,Referral,Android
ZLP004111,2024-01-15,34.0,Male,Nghệ An,3,1,0,2000000,Điện tử,Referral,Android
ZLP004112,2023-07-05,23.0,Female,Hồ Chí Minh,1,1,1,5000000,Điện tử,Organic,Android
ZLP004113,2024-03-31,37.0,Female,Cần Thơ,2,1,1,2000000,Thời trang,Campaign,Android
ZLP004114,2024-01-31,18.0,Female,Bình Dương,3,0,1,1000000,Chăm sóc sức khỏe,Campaign,Android
ZLP004115,2024-07-29,37.0,Female,Hồ Chí Minh,1,1,1,2000000,Viễn thông,Referral,Android
ZLP004116,2024-03-01,25.0,Female,Hồ Chí Minh,1,1,1,5000000,Viễn thông,Campaign,iOS
ZLP004117,2024-01-31,26.0,Male,Đồng Nai,3,1,1,3000000,Thực phẩm & Ăn uống,Social,Android
ZLP004118,2024-01-01,18.0,Female,Hà Nội,1,1,1,1000000,Điện & Nước,Unknown,Android
ZLP004119,2024-01-01,25.0,Male,Hồ Chí Minh,1,1,1,5000000,Du lịch & Vận chuyển,Organic,Android
ZLP004120,2024-09-27,21.0,Male,Đồng Nai,3,0,1,5000000,Thực phẩm & Ăn uống,Referral,Unknown
ZLP004121,2023-10-03,24.0,Male,Hải Phòng,2,1,1,1000000,Viễn thông,Unknown,Android
ZLP004122,2024-01-01,27.0,Female,Đà Nẵng,2,1,1,3000000,Thực phẩm & Ăn uống,Referral,Android
ZLP004123,2024-03-31,33.0,Female,Hồ Chí Minh,1,1,1,3000000,Viễn thông,Campaign,iOS
ZLP004124,2024-01-01,29.0,Female,Hồ Chí Minh,1,1,1,500000,Viễn thông,Referral,Android
ZLP004125,2023-12-02,29.0,Female,Bình Dương,3,1,1,2000000,Thực phẩm & Ăn uống,Organic,Android
ZLP004126,2023-12-02,21.0,Male,Đà Nẵng,2,1,1,1000000,Thực phẩm & Ăn uống,Referral,Android
ZLP004127,2023-11-02,22.0,Female,Cần Thơ,2,1,1,2000000,Thực phẩm & Ăn uống,Campaign,Android
ZLP004128,2023-12-02,38.0,Male,Đồng Nai,3,1,1,5000000,Thời trang,Organic,Android
ZLP004129,2024-07-29,23.0,Female,Hà Nội,1,1,1,2000000,Chăm sóc sức khỏe,Campaign,iOS
ZLP004130,2024-01-15,37.0,Male,Hồ Chí Minh,1,1,1,2000000,Điện & Nước,Organic,Android
ZLP004131,2023-11-02,26.0,Female,Nghệ An,3,0,1,5000000,Chăm sóc sức khỏe,Campaign,iOS
ZLP004132,2023-12-18,28.0,Male,Đà Nẵng,2,0,1,5000000,Viễn thông,Organic,Android
ZLP004133,2023-07-05,34.0,Male,Cần Thơ,2,1,1,500000,Viễn thông,Social,Android
ZLP004134,2024-08-28,35.0,Male,Nghệ An,3,1,1,5000000,Thời trang,Referral,Android
ZLP004135,2023-12-18,27.0,Male,Nghệ An,3,1,1,500000,Giải trí,Referral,Android
ZLP004136,2024-11-26,25.0,Male,Đà Nẵng,2,1,1,1000000,Điện & Nước,Campaign,Android
ZLP004137,2023-12-02,27.0,Male,Hà Nội,1,1,1,3000000,Điện tử,Organic,Unknown
ZLP004138,2024-06-29,30.0,Female,Thanh Hóa,3,1,1,3000000,Điện tử,Organic,Android
ZLP004139,2023-11-02,33.0,Female,Bình Dương,3,1,1,3000000,Thời trang,Referral,Android
ZLP004140,2023-07-05,28.0,Female,Hà Nội,1,1,1,500000,Điện & Nước,Referral,Android
ZLP004141,2023-04-06,31.0,Female,Đà Nẵng,2,1,1,1000000,Thời trang,Campaign,Android
ZLP004142,2024-03-01,37.0,Female,Hà Nội,1,1,1,5000000,Điện & Nước,Organic,iOS
ZLP004143,2023-12-02,30.0,Female,Hải Phòng,2,1,1,500000,Điện & Nước,Organic,Android
ZLP004144,2024-01-01,29.0,Female,Hà Nội,1,0,1,500000,Điện tử,Social,Android
ZLP004145,2024-06-29,18.0,Male,Đồng Nai,3,1,1,3000000,Điện tử,Organic,iOS
ZLP004146,2023-11-02,18.0,Female,Hải Phòng,2,1,1,2000000,Du lịch & Vận chuyển,Organic,Android
ZLP004147,2023-12-02,30.0,Male,Đồng Nai,3,0,1,1000000,Điện & Nước,Organic,Android
ZLP004148,2024-07-29,27.0,Female,Bình Dương,3,1,1,1000000,Thực phẩm & Ăn uống,Campaign,iOS
ZLP004149,2024-01-15,24.0,Female,Hải Phòng,2,1,1,3000000,Điện & Nước,Unknown,Android
ZLP004150,2024-06-29,29.0,Male,Hà Nội,1,1,1,5000000,Thực phẩm & Ăn uống,Organic,Android
ZLP004151,2023-12-18,27.0,Female,Hồ Chí Minh,1,1,1,500000,Thực phẩm & Ăn uống,Campaign,Android
ZLP004152,2023-12-18,34.0,Male,Hải Phòng,2,1,1,2000000,Thực phẩm & Ăn uống,Referral,iOS
ZLP004153,2023-10-03,28.0,Male,Hà Nội,1,1,1,1000000,Thực phẩm & Ăn uống,Social,Android
ZLP004154,2024-08-28,23.0,Male,Hồ Chí Minh,1,1,1,3000000,Điện tử,Referral,iOS
ZLP004155,2024-08-28,33.0,Female,Hồ Chí Minh,1,1,1,1000000,Thực phẩm & Ăn uống,Social,iOS
ZLP004156,2024-11-26,26.0,Female,Hồ Chí Minh,1,1,1,3000000,Thực phẩm & Ăn uống,Campaign,iOS
ZLP004157,2023-12-18,31.0,Female,Bình Dương,3,1,1,2000000,Chăm sóc sức khỏe,Campaign,iOS
ZLP004158,2024-06-29,25.0,Male,Bình Dương,3,1,1,2000000,Điện & Nước,Referral,iOS
ZLP004159,2023-12-18,24.0,Female,Hồ Chí Minh,1,0,1,3000000,Viễn thông,Unknown,Android
ZLP004160,2024-01-01,28.0,Female,Hải Phòng,2,1,1,2000000,Thực phẩm & Ăn uống,Campaign,iOS
ZLP004161,2024-06-29,28.0,Male,Hà Nội,1,1,1,3000000,Điện tử,Referral,iOS
ZLP004162,2023-10-03,30.0,Female,Đồng Nai,3,1,1,1000000,Thực phẩm & Ăn uống,Campaign,Android
ZLP004163,2023-11-02,26.0,Male,Hà Nội,1,1,1,1000000,Điện & Nước,Referral,iOS
ZLP004164,2023-12-02,18.0,Male,Bình Dương,3,0,1,2000000,Giải trí,Unknown,Android
ZLP004165,2024-06-29,25.0,Female,Hà Nội,1,1,1,2000000,Điện tử,Referral,iOS
ZLP004166,2023-12-18,32.0,Female,Hà Nội,1,1,1,2000000,Điện tử,Campaign,iOS
ZLP004167,2023-12-18,26.0,Male,Hải Phòng,2,1,1,3000000,Thực phẩm & Ăn uống,Organic,iOS
ZLP004168,2024-11-26,26.0,Male,Hồ Chí Minh,1,1,1,2000000,Thời trang,Referral,iOS
ZLP004169,2023-12-18,33.0,Male,Thanh Hóa,3,1,0,3000000,Giải trí,Organic,iOS
ZLP004170,2023-11-02,23.0,Male,Cần Thơ,2,1,1,2000000,Thời trang,Organic,Android
ZLP004171,2024-03-01,18.0,Male,Hà Nội,1,0,1,1000000,Viễn thông,Social,iOS
ZLP004172,2024-06-29,27.0,Male,Cần Thơ,2,1,1,1000000,Giải trí,Organic,iOS
ZLP004173,2023-04-06,25.0,Female,Hồ Chí Minh,1,1,1,3000000,Thời trang,Unknown,iOS
ZLP004174,2024-03-01,22.0,Male,Đà Nẵng,2,1,1,500000,Điện & Nước,Unknown,Android
ZLP004175,2023-04-06,26.0,Female,Thanh Hóa,3,1,1,1000000,Thời trang,Organic,iOS
ZLP004176,2024-01-15,30.0,Female,Hồ Chí Minh,1,1,1,500000,Điện & Nước,Organic,Android
ZLP004177,2023-11-02,27.0,Male,Bình Dương,3,1,1,2000000,Thực phẩm & Ăn uống,Social,Android
ZLP004178,2023-12-02,29.0,Male,Hà Nội,1,1,1,2000000,Chăm sóc sức khỏe,Organic,iOS
ZLP004179,2024-01-01,38.0,Female,Cần Thơ,2,1,1,500000,Thời trang,Social,iOS
ZLP004180,2024-09-27,25.0,Male,Hồ Chí Minh,1,1,1,2000000,Thực phẩm & Ăn uống,Organic,Android
ZLP004181,2024-04-30,29.0,Male,Hà Nội,1,1,1,2000000,Du lịch & Vận chuyển,Social,Android
ZLP004182,2024-09-27,24.0,Male,Thanh Hóa,3,1,1,3000000,Du lịch & Vận chuyển,Organic,iOS
ZLP004183,2024-03-31,22.0,Female,Hồ Chí Minh,1,1,1,3000000,Thực phẩm & Ăn uống,Unknown,iOS
ZLP004184,2023-01-01,24.0,Female,Cần Thơ,2,1,1,2000000,Thực phẩm & Ăn uống,Social,Android
ZLP004185,2023-11-02,25.0,Other,Đà Nẵng,2,1,1,2000000,Giải trí,Campaign,Android
ZLP004186,2024-08-28,30.0,Female,Đà Nẵng,2,1,1,1000000,Điện & Nước,Social,iOS
ZLP004187,2024-03-31,42.0,Male,Cần Thơ,2,1,1,3000000,Viễn thông,Organic,iOS
ZLP004188,2024-11-26,23.0,Male,Đà Nẵng,2,1,1,1000000,Thực phẩm & Ăn uống,Organic,iOS
ZLP004189,2023-10-03,25.0,Male,Hồ Chí Minh,1,1,1,1000000,Điện & Nước,Campaign,iOS
ZLP004190,2023-12-02,27.0,Male,An Giang,3,1,1,5000000,Viễn thông,Campaign,Android
ZLP004191,2023-12-18,30.0,Male,Đồng Nai,3,1,1,5000000,Thời trang,Social,Android
ZLP004192,2023-12-02,29.0,Male,Hồ Chí Minh,1,1,1,3000000,Viễn thông,Unknown,Android
ZLP004193,2023-11-02,35.0,Male,Hà Nội,1,1,1,5000000,Điện tử,Referral,Android
ZLP004194,2024-01-01,18.0,Male,Đồng Nai,3,1,1,3000000,Thực phẩm & Ăn uống,Referral,Android
ZLP004195,2024-03-31,18.0,Male,Thanh Hóa,3,0,1,3000000,Điện & Nước,Social,Android
ZLP004196,2023-12-02,25.0,Female,Nghệ An,3,1,1,1000000,Điện tử,Social,Android
ZLP004197,2023-07-05,34.0,Female,An Giang,3,0,1,5000000,Thời trang,Unknown,Unknown
ZLP004198,2024-04-30,18.0,Other,Hồ Chí Minh,1,0,0,3000000,Chăm sóc sức khỏe,Organic,Android
ZLP004199,2024-01-01,18.0,Male,An Giang,3,1,1,1000000,Thực phẩm & Ăn uống,Organic,Android
ZLP004200,2024-01-31,31.0,Male,Hải Phòng,2,1,1,2000000,Điện & Nước,Unknown,Android
ZLP004201,2024-01-01,29.0,Female,Hà Nội,1,1,1,500000,Điện & Nước,Social,Android
ZLP004202,2024-08-28,21.0,Female,Hà Nội,1,1,0,5000000,Chăm sóc sức khỏe,Organic,iOS
ZLP004203,2024-01-31,22.0,Male,Hà Nội,1,1,1,2000000,Thực phẩm & Ăn uống,Unknown,Android
ZLP004204,2024-09-27,22.0,Female,Cần Thơ,2,1,1,1000000,Giải trí,Unknown,iOS
ZLP004205,2024-01-15,28.0,Other,Hồ Chí Minh,1,1,1,1000000,Chăm sóc sức khỏe,Organic,iOS
ZLP004206,2023-12-02,24.0,Male,Hồ Chí Minh,1,1,1,5000000,Điện & Nước,Social,iOS
ZLP004207,2023-12-02,30.0,Male,Hồ Chí Minh,1,1,1,2000000,Chăm sóc sức khỏe,Social,Android
ZLP004208,2024-01-15,18.0,Male,Hà Nội,1,1,1,2000000,Viễn thông,Organic,iOS
ZLP004209,2024-01-15,22.0,Male,Hà Nội,1,0,1,2000000,Thực phẩm & Ăn uống,Referral,Android
ZLP004210,2024-04-30,21.0,Male,Đồng Nai,3,1,1,500000,Thực phẩm & Ăn uống,Unknown,iOS
ZLP004211,2023-11-02,26.0,Male,Hồ Chí Minh,1,1,1,500000,Điện & Nước,Referral,iOS
ZLP004212,2024-03-31,24.0,Male,An Giang,3,1,1,2000000,Điện & Nước,Social,iOS
ZLP004213,2024-05-30,32.0,Male,An Giang,3,1,1,2000000,Thực phẩm & Ăn uống,Organic,Android
ZLP004214,2024-03-31,18.0,Male,An Giang,3,0,1,1000000,Thời trang,Referral,Android
ZLP004215,2024-01-15,28.0,Male,Bình Dương,3,1,1,2000000,Viễn thông,Organic,Android
ZLP004216,2024-11-26,31.0,Male,Hồ Chí Minh,1,1,1,500000,Thực phẩm & Ăn uống,Organic,Android
ZLP004217,2023-12-18,39.0,Other,Hà Nội,1,1,1,5000000,Thực phẩm & Ăn uống,Campaign,iOS
ZLP004218,2023-07-05,25.0,Male,Hồ Chí Minh,1,1,1,1000000,Thời trang,Referral,Android
ZLP004219,2024-06-29,29.0,Female,Thanh Hóa,3,1,1,500000,Thực phẩm & Ăn uống,Campaign,iOS
ZLP004220,2023-11-02,18.0,Female,Hà Nội,1,0,1,1000000,Chăm sóc sức khỏe,Unknown,Android
ZLP004221,2024-04-30,18.0,Female,Đà Nẵng,2,1,1,500000,Giải trí,Referral,iOS
ZLP004222,2023-10-03,33.0,Female,Đồng Nai,3,1,1,1000000,Du lịch & Vận chuyển,Organic,Android
ZLP004223,2023-01-01,27.0,Female,An Giang,3,1,1,2000000,Điện & Nước,Unknown,iOS
ZLP004224,2023-10-03,35.0,Female,Bình Dương,3,0,1,3000000,Thực phẩm & Ăn uống,Organic,iOS
ZLP004225,2023-12-18,19.0,Male,Cần Thơ,2,1,1,1000000,Thực phẩm & Ăn uống,Referral,Android
ZLP004226,2023-07-05,31.0,Male,Hà Nội,1,1,1,2000000,Chăm sóc sức khỏe,Organic,Android
ZLP004227,2023-11-02,39.0,Other,Cần Thơ,2,1,0,5000000,Thực phẩm & Ăn uống,Unknown,iOS
ZLP004228,2024-05-30,30.0,Female,Hồ Chí Minh,1,0,0,1000000,Thời trang,Campaign,iOS
ZLP004229,2024-05-30,29.0,Female,Hải Phòng,2,1,1,3000000,Thời trang,Campaign,iOS
ZLP004230,2024-06-29,28.0,Female,Hồ Chí Minh,2,1,1,1000000,Điện & Nước,Campaign,iOS
ZLP004231,2024-07-29,18.0,Female,Hồ Chí Minh,1,1,1,1000000,Thời trang,Organic,Android
ZLP004232,2023-12-18,36.0,Female,An Giang,3,1,1,2000000,Viễn thông,Campaign,Android
ZLP004233,2024-07-29,24.0,Female,Hà Nội,1,1,1,1000000,Viễn thông,Unknown,Unknown
ZLP004234,2024-01-15,31.0,Female,Hải Phòng,2,1,1,5000000,Viễn thông,Social,iOS
ZLP004235,2024-01-01,18.0,Female,Hải Phòng,2,1,1,500000,Điện & Nước,Unknown,Android
ZLP004236,2024-04-30,27.0,Female,Đồng Nai,3,0,1,2000000,Điện & Nước,Social,Android
ZLP004237,2023-11-02,36.0,Female,Hồ Chí Minh,1,0,1,2000000,Thời trang,Campaign,iOS
ZLP004238,2024-06-29,25.0,Female,Hồ Chí Minh,1,1,1,500000,Giải trí,Unknown,iOS
ZLP004239,2024-01-01,36.0,Male,Hải Phòng,2,0,1,3000000,Điện tử,Organic,iOS
ZLP004240,2023-10-03,27.0,Male,An Giang,3,1,1,2000000,Viễn thông,Campaign,Android
ZLP004241,2023-07-05,18.0,Female,Hà Nội,1,1,1,3000000,Thực phẩm & Ăn uống,Referral,Android
ZLP004242,2023-10-03,33.0,Female,Hà Nội,1,1,1,3000000,Thời trang,Social,Android
ZLP004243,2024-08-28,24.0,Male,Hồ Chí Minh,1,1,1,1000000,Chăm sóc sức khỏe,Referral,iOS
ZLP004244,2024-11-26,32.0,Male,Nghệ An,3,0,1,2000000,Viễn thông,Unknown,Unknown
ZLP004245,2023-12-02,28.0,Female,Hồ Chí Minh,1,0,1,1000000,Thực phẩm & Ăn uống,Campaign,Android
ZLP004246,2023-12-02,18.0,Female,Hồ Chí Minh,1,1,1,1000000,Thực phẩm & Ăn uống,Referral,Android
ZLP004247,2023-11-02,28.0,Female,Cần Thơ,2,1,0,500000,Du lịch & Vận chuyển,Organic,Android
ZLP004248,2024-06-29,41.0,Female,Hồ Chí Minh,1,1,1,5000000,Thời trang,Campaign,iOS
ZLP004249,2023-11-02,30.0,Male,Nghệ An,3,0,1,2000000,Chăm sóc sức khỏe,Referral,Android
ZLP004250,2024-09-27,27.0,Male,Hồ Chí Minh,1,1,1,500000,Điện & Nước,Unknown,iOS
ZLP004251,2024-03-31,34.0,Male,Hồ Chí Minh,1,1,1,500000,Viễn thông,Campaign,Android
ZLP004252,2024-08-28,29.0,Female,Đà Nẵng,2,1,1,1000000,Thời trang,Organic,Android
ZLP004253,2024-01-31,29.0,Male,Hà Nội,1,0,1,500000,Điện tử,Campaign,Android
ZLP004254,2024-04-30,21.0,Female,Hồ Chí Minh,1,1,1,1000000,Du lịch & Vận chuyển,Organic,Android
ZLP004255,2024-03-01,29.0,Female,Hà Nội,1,1,1,500000,Thời trang,Referral,Android
ZLP004256,2024-06-29,34.0,Female,Hà Nội,1,1,1,500000,Viễn thông,Campaign,iOS
ZLP004257,2024-06-29,27.0,Female,An Giang,3,1,1,2000000,Thời trang,Campaign,Android
ZLP004258,2024-03-01,36.0,Male,Hồ Chí Minh,1,1,1,5000000,Điện tử,Campaign,iOS
ZLP004259,2024-03-01,27.0,Female,Thanh Hóa,3,1,1,2000000,Chăm sóc sức khỏe,Unknown,Android
ZLP004260,2024-09-27,22.0,Male,Cần Thơ,2,1,1,3000000,Giải trí,Referral,Android
ZLP004261,2024-09-27,33.0,Male,Hồ Chí Minh,1,1,1,500000,Viễn thông,Campaign,Android
ZLP004262,2024-03-31,26.0,Male,Hồ Chí Minh,1,1,0,3000000,Điện tử,Campaign,Android
ZLP004263,2023-01-01,32.0,Male,Đà Nẵng,2,1,1,500000,Viễn thông,Social,Android
ZLP004264,2023-07-05,26.0,Female,Hồ Chí Minh,1,1,1,3000000,Viễn thông,Campaign,iOS
ZLP004265,2024-07-29,27.0,Female,Hà Nội,1,1,1,3000000,Điện & Nước,Campaign,Android
ZLP004266,2023-07-05,30.0,Male,Hồ Chí Minh,1,1,1,3000000,Chăm sóc sức khỏe,Unknown,Android
ZLP004267,2023-11-02,29.0,Male,Cần Thơ,2,1,1,3000000,Du lịch & Vận chuyển,Organic,Android
ZLP004268,2023-11-02,18.0,Female,Đà Nẵng,2,1,1,2000000,Điện & Nước,Referral,iOS
ZLP004269,2024-03-01,21.0,Female,Hồ Chí Minh,1,1,1,1000000,Chăm sóc sức khỏe,Campaign,iOS
ZLP004270,2024-01-31,33.0,Male,Đà Nẵng,2,1,1,2000000,Viễn thông,Social,iOS
ZLP004271,2023-12-02,27.0,Female,Đồng Nai,3,1,1,2000000,Thực phẩm & Ăn uống,Campaign,Android
ZLP004272,2023-11-02,24.0,Female,Hồ Chí Minh,1,1,1,500000,Điện tử,Campaign,Android
ZLP004273,2024-05-30,19.0,Female,Hải Phòng,2,1,0,2000000,Thực phẩm & Ăn uống,Organic,Android
ZLP004274,2024-09-27,21.0,Male,Đà Nẵng,2,1,1,2000000,Viễn thông,Social,Android
ZLP004275,2023-04-06,18.0,Female,Nghệ An,3,0,1,500000,Du lịch & Vận chuyển,Referral,iOS
ZLP004276,2023-10-03,27.0,Female,Hồ Chí Minh,1,1,1,2000000,Thời trang,Organic,Android
ZLP004277,2024-03-31,24.0,Female,Thanh Hóa,3,1,1,2000000,Du lịch & Vận chuyển,Referral,Android
ZLP004278,2024-06-29,22.0,Female,Cần Thơ,2,1,1,1000000,Chăm sóc sức khỏe,Organic,Android
ZLP004279,2024-06-29,27.0,Female,Đà Nẵng,2,1,1,2000000,Du lịch & Vận chuyển,Organic,Android
ZLP004280,2024-04-30,30.0,Male,Đà Nẵng,2,0,0,5000000,Thực phẩm & Ăn uống,Referral,iOS
ZLP004281,2024-08-28,40.0,Female,Hồ Chí Minh,1,1,1,3000000,Giải trí,Campaign,iOS
ZLP004282,2023-11-02,18.0,Female,Nghệ An,3,1,1,2000000,Chăm sóc sức khỏe,Social,Android
ZLP004283,2023-07-05,34.0,Female,Cần Thơ,2,1,1,1000000,Thực phẩm & Ăn uống,Referral,iOS
ZLP004284,2024-03-01,33.0,Male,Hồ Chí Minh,1,0,1,1000000,Du lịch & Vận chuyển,Unknown,Android
ZLP004285,2024-06-29,23.0,Male,Hồ Chí Minh,1,1,1,500000,Điện tử,Social,iOS
ZLP004286,2024-03-01,29.0,Female,Hồ Chí Minh,1,1,1,1000000,Điện tử,Campaign,Android
ZLP004287,2024-11-26,25.0,Female,Cần Thơ,2,1,1,5000000,Điện & Nước,Social,Android
ZLP004288,2024-06-29,29.0,Female,Cần Thơ,2,1,1,5000000,Điện & Nước,Social,Android
ZLP004289,2024-04-30,37.0,Female,Hà Nội,1,1,1,3000000,Điện tử,Unknown,iOS
ZLP004290,2023-04-06,31.0,Male,Hà Nội,1,1,1,1000000,Viễn thông,Organic,Android
ZLP004291,2023-07-05,31.0,Other,Đà Nẵng,2,1,1,1000000,Điện & Nước,Social,Android
ZLP004292,2024-05-30,25.0,Female,Đà Nẵng,2,1,1,2000000,Viễn thông,Organic,Android
ZLP004293,2023-11-02,19.0,Male,Hồ Chí Minh,1,1,1,2000000,Chăm sóc sức khỏe,Campaign,iOS
ZLP004294,2023-01-01,26.0,Female,Hà Nội,1,1,1,2000000,Thực phẩm & Ăn uống,Campaign,Android
ZLP004295,2024-08-28,35.0,Female,Hồ Chí Minh,1,0,1,2000000,Thời trang,Unknown,iOS
ZLP004296,2024-08-28,18.0,Male,An Giang,3,1,1,3000000,Chăm sóc sức khỏe,Campaign,Android
ZLP004297,2023-11-02,21.0,Female,Bình Dương,3,1,1,3000000,Viễn thông,Referral,iOS
ZLP004298,2024-05-30,28.0,Male,Thanh Hóa,3,0,1,2000000,Điện & Nước,Referral,Android
ZLP004299,2023-04-06,22.0,Female,Hà Nội,1,1,1,3000000,Viễn thông,Organic,Android
ZLP004300,2023-12-02,23.0,Male,Hải Phòng,2,1,1,500000,Giải trí,Referral,Android
ZLP004301,2024-03-01,25.0,Male,Cần Thơ,2,1,1,2000000,Thực phẩm & Ăn uống,Campaign,iOS
ZLP004302,2024-05-30,19.0,Male,Hà Nội,1,0,1,1000000,Thời trang,Referral,Android
ZLP004303,2023-01-01,22.0,Male,Hồ Chí Minh,1,1,0,1000000,Điện tử,Organic,Unknown
ZLP004304,2023-12-02,32.0,Female,Bình Dương,3,1,1,500000,Điện & Nước,Organic,Android
ZLP004305,2023-11-02,20.0,Male,An Giang,3,1,1,1000000,Điện tử,Unknown,Android
ZLP004306,2024-11-26,18.0,Male,Hồ Chí Minh,1,1,1,5000000,Viễn thông,Unknown,Android
ZLP004307,2024-03-31,24.0,Female,Hồ Chí Minh,1,1,1,2000000,Thực phẩm & Ăn uống,Campaign,Android
ZLP004308,2023-12-18,27.0,Female,Bình Dương,3,1,1,5000000,Viễn thông,Campaign,Android
ZLP004309,2023-07-05,26.0,Female,Thanh Hóa,3,1,1,1000000,Điện & Nước,Unknown,Android
ZLP004310,2024-03-01,25.0,Female,Bình Dương,3,1,1,1000000,Thực phẩm & Ăn uống,Referral,Android
ZLP004311,2024-03-31,28.0,Female,Hà Nội,1,1,1,2000000,Điện & Nước,Organic,Android
ZLP004312,2024-06-29,18.0,Male,Hà Nội,1,1,0,1000000,Chăm sóc sức khỏe,Organic,Android
ZLP004313,2023-12-02,30.0,Female,Hà Nội,1,1,1,2000000,Viễn thông,Campaign,iOS
ZLP004314,2024-11-26,30.0,Female,Hải Phòng,2,0,0,2000000,Điện tử,Referral,Android
ZLP004315,2024-01-01,25.0,Male,Đồng Nai,3,1,1,3000000,Viễn thông,Unknown,Android
ZLP004316,2023-12-02,34.0,Male,Đà Nẵng,2,1,1,2000000,Viễn thông,Organic,Android
ZLP004317,2023-12-02,21.0,Male,Hồ Chí Minh,1,1,1,2000000,Điện tử,Social,iOS
ZLP004318,2024-01-15,34.0,Male,Nghệ An,3,1,1,1000000,Thời trang,Organic,Android
ZLP004319,2024-09-27,28.0,Female,Cần Thơ,2,0,1,3000000,Viễn thông,Campaign,Unknown
ZLP004320,2024-05-30,25.0,Female,Thanh Hóa,3,1,1,2000000,Thời trang,Organic,iOS
ZLP004321,2024-01-31,27.0,Female,Đà Nẵng,2,1,1,2000000,Điện & Nước,Unknown,Android
ZLP004322,2023-10-03,27.0,Female,Đồng Nai,3,1,1,1000000,Điện & Nước,Referral,iOS
ZLP004323,2023-10-03,35.0,Male,Đồng Nai,3,1,1,2000000,Điện tử,Campaign,iOS
ZLP004324,2024-01-15,21.0,Male,Hà Nội,1,0,1,5000000,Thực phẩm & Ăn uống,Campaign,iOS
ZLP004325,2024-04-30,23.0,Other,Nghệ An,3,1,1,1000000,Viễn thông,Referral,Android
ZLP004326,2024-05-30,34.0,Male,Hồ Chí Minh,1,1,1,3000000,Thực phẩm & Ăn uống,Organic,iOS
ZLP004327,2023-11-02,24.0,Male,Đồng Nai,3,1,1,2000000,Thực phẩm & Ăn uống,Organic,Android
ZLP004328,2023-07-05,33.0,Female,Nghệ An,3,1,1,2000000,Thời trang,Social,Android
ZLP004329,2023-12-18,38.0,Female,Hà Nội,1,1,0,5000000,Điện & Nước,Organic,Android
ZLP004330,2024-08-28,25.0,Male,Cần Thơ,2,1,1,2000000,Chăm sóc sức khỏe,Referral,Android
ZLP004331,2024-01-31,32.0,Female,Đà Nẵng,2,1,1,3000000,Điện & Nước,Organic,Android
ZLP004332,2023-12-02,21.0,Other,Hồ Chí Minh,3,1,1,2000000,Thực phẩm & Ăn uống,Organic,iOS
ZLP004333,2023-12-02,32.0,Male,Hải Phòng,2,1,1,1000000,Điện tử,Unknown,Android
ZLP004334,2023-10-03,29.0,Female,Cần Thơ,2,0,1,2000000,Thực phẩm & Ăn uống,Unknown,Android
ZLP004335,2024-01-01,30.0,Male,Đồng Nai,3,1,1,5000000,Du lịch & Vận chuyển,Referral,Android
ZLP004336,2024-06-29,24.0,Female,Hà Nội,1,1,1,3000000,Điện tử,Campaign,Android
ZLP004337,2024-11-26,18.0,Female,Hồ Chí Minh,1,1,1,1000000,Thực phẩm & Ăn uống,Campaign,Android
ZLP004338,2024-01-15,31.0,Female,Hà Nội,1,0,1,1000000,Viễn thông,Campaign,iOS
ZLP004339,2023-10-03,18.0,Male,Cần Thơ,2,0,1,2000000,Điện & Nước,Referral,Android
ZLP004340,2024-03-31,26.0,Male,Hồ Chí Minh,1,1,1,2000000,Chăm sóc sức khỏe,Referral,iOS
ZLP004341,2024-05-30,33.0,Male,Bình Dương,3,1,1,1000000,Viễn thông,Social,iOS
ZLP004342,2023-07-05,29.0,Female,Hà Nội,1,1,1,1000000,Viễn thông,Campaign,Android
ZLP004343,2024-07-29,39.0,Male,Đồng Nai,3,1,1,3000000,Điện & Nước,Social,Android
ZLP004344,2024-06-29,34.0,Male,Hồ Chí Minh,1,1,1,3000000,Điện & Nước,Organic,Android
ZLP004345,2024-01-01,24.0,Male,Cần Thơ,2,1,1,3000000,Viễn thông,Unknown,Android
ZLP004346,2024-01-31,28.0,Male,Cần Thơ,2,0,1,5000000,Du lịch & Vận chuyển,Referral,Android
ZLP004347,2024-04-30,27.0,Male,Nghệ An,3,1,1,1000000,Chăm sóc sức khỏe,Organic,Android
ZLP004348,2024-03-31,18.0,Female,Bình Dương,3,1,1,3000000,Điện tử,Campaign,iOS
ZLP004349,2023-01-01,22.0,Male,Đồng Nai,3,1,1,2000000,Chăm sóc sức khỏe,Referral,Android
ZLP004350,2023-07-05,24.0,Male,An Giang,3,1,1,5000000,Viễn thông,Campaign,iOS
ZLP004351,2023-10-03,27.0,Female,Cần Thơ,2,1,1,1000000,Giải trí,Unknown,Android
ZLP004352,2024-05-30,28.0,Female,Hà Nội,1,1,1,1000000,Viễn thông,Social,iOS
ZLP004353,2024-01-01,26.0,Male,Hải Phòng,2,1,1,3000000,Điện & Nước,Organic,iOS
ZLP004354,2024-01-31,18.0,Male,Bình Dương,3,1,1,5000000,Viễn thông,Unknown,Android
ZLP004355,2024-05-30,30.0,Female,Hà Nội,1,1,1,3000000,Thời trang,Organic,iOS
ZLP004356,2023-12-02,32.0,Male,Bình Dương,3,0,1,3000000,Điện & Nước,Referral,Android
ZLP004357,2024-05-30,29.0,Female,Hải Phòng,2,1,1,2000000,Điện tử,Unknown,iOS
ZLP004358,2024-01-01,26.0,Male,Thanh Hóa,3,1,1,3000000,Thực phẩm & Ăn uống,Unknown,Android
ZLP004359,2023-12-18,31.0,Male,Nghệ An,3,1,1,3000000,Thời trang,Social,iOS
ZLP004360,2023-12-02,32.0,Male,Hà Nội,1,1,1,3000000,Điện tử,Social,iOS
ZLP004361,2024-11-26,29.0,Female,Hà Nội,1,1,1,2000000,Du lịch & Vận chuyển,Campaign,iOS
ZLP004362,2024-05-30,23.0,Female,Hồ Chí Minh,1,1,1,500000,Chăm sóc sức khỏe,Campaign,Android
ZLP004363,2023-01-01,29.0,Male,Hồ Chí Minh,1,1,1,2000000,Thời trang,Referral,Android
ZLP004364,2024-09-27,35.0,Female,Hải Phòng,2,1,1,2000000,Giải trí,Social,Android
ZLP004365,2024-05-30,24.0,Male,Hà Nội,1,1,1,5000000,Thực phẩm & Ăn uống,Social,iOS
ZLP004366,2023-10-03,40.0,Male,Cần Thơ,2,1,1,2000000,Thời trang,Social,iOS
ZLP004367,2023-07-05,24.0,Female,Cần Thơ,2,1,1,2000000,Điện & Nước,Referral,Android
ZLP004368,2023-12-02,28.0,Male,Đồng Nai,3,1,1,5000000,Điện & Nước,Referral,Android
ZLP004369,2024-03-01,23.0,Female,Hồ Chí Minh,1,0,1,500000,Điện & Nước,Unknown,Android
ZLP004370,2024-03-01,29.0,Female,Hà Nội,1,1,1,1000000,Thời trang,Organic,iOS
ZLP004371,2023-12-02,18.0,Female,Hà Nội,1,1,1,2000000,Thực phẩm & Ăn uống,Organic,Android
ZLP004372,2024-01-01,24.0,Female,Hà Nội,1,1,1,1000000,Thực phẩm & Ăn uống,Unknown,Android
ZLP004373,2023-11-02,21.0,Male,Thanh Hóa,3,1,1,1000000,Điện & Nước,Campaign,Android
ZLP004374,2023-04-06,28.0,Male,Hồ Chí Minh,2,1,1,3000000,Thực phẩm & Ăn uống,Campaign,Android
ZLP004375,2024-01-15,33.0,Male,Hà Nội,1,1,1,2000000,Thực phẩm & Ăn uống,Social,iOS
ZLP004376,2023-12-02,31.0,Female,Hải Phòng,2,1,1,1000000,Thời trang,Social,iOS
ZLP004377,2024-01-31,18.0,Female,Hà Nội,1,1,1,1000000,Thực phẩm & Ăn uống,Organic,iOS
ZLP004378,2024-09-27,40.0,Female,Đồng Nai,3,0,1,500000,Thực phẩm & Ăn uống,Organic,iOS
ZLP004379,2023-10-03,29.0,Female,Hồ Chí Minh,1,1,1,2000000,Viễn thông,Social,Android
ZLP004380,2023-01-01,23.0,Male,Đồng Nai,3,1,1,1000000,Điện & Nước,Social,Android
ZLP004381,2023-07-05,28.0,Female,Hà Nội,1,1,1,3000000,Viễn thông,Organic,Android
ZLP004382,2024-01-01,29.0,Female,Hồ Chí Minh,1,1,0,2000000,Điện & Nước,Social,Android
ZLP004383,2024-04-30,23.0,Female,Hồ Chí Minh,1,1,1,500000,Viễn thông,Campaign,iOS
ZLP004384,2024-01-31,29.0,Male,Hà Nội,1,0,1,1000000,Viễn thông,Campaign,iOS
ZLP004385,2024-01-15,24.0,Female,Bình Dương,3,1,1,2000000,Điện & Nước,Unknown,iOS
ZLP004386,2023-12-02,25.0,Female,Hồ Chí Minh,1,1,0,1000000,Điện tử,Campaign,Android
ZLP004387,2023-12-02,23.0,Male,Cần Thơ,2,1,1,2000000,Viễn thông,Organic,Android
ZLP004388,2023-12-18,19.0,Male,Bình Dương,3,0,1,5000000,Thời trang,Organic,Android
ZLP004389,2024-03-01,28.0,Female,Cần Thơ,2,1,1,1000000,Thời trang,Campaign,Android
ZLP004390,2023-10-03,31.0,Male,Đồng Nai,3,1,1,1000000,Thực phẩm & Ăn uống,Unknown,Android
ZLP004391,2024-05-30,31.0,Female,Hồ Chí Minh,1,1,1,3000000,Thực phẩm & Ăn uống,Organic,Android
ZLP004392,2024-01-31,32.0,Female,Đà Nẵng,2,1,1,1000000,Thời trang,Unknown,Android
ZLP004393,2023-11-02,29.0,Male,Nghệ An,3,1,1,500000,Viễn thông,Referral,iOS
ZLP004394,2024-01-15,24.0,Female,Cần Thơ,2,1,1,1000000,Điện & Nước,Organic,Unknown
ZLP004395,2024-11-26,33.0,Female,Cần Thơ,2,1,1,5000000,Thời trang,Referral,iOS
ZLP004396,2023-01-01,19.0,Male,Bình Dương,3,0,1,5000000,Thời trang,Organic,Android
ZLP004397,2023-11-02,22.0,Female,Hà Nội,1,1,1,1000000,Thực phẩm & Ăn uống,Unknown,iOS
ZLP004398,2024-01-01,22.0,Male,Bình Dương,3,1,1,2000000,Du lịch & Vận chuyển,Unknown,Android
ZLP004399,2024-03-31,34.0,Female,An Giang,3,1,1,1000000,Thực phẩm & Ăn uống,Campaign,iOS
ZLP004400,2023-11-02,33.0,Male,Hồ Chí Minh,1,1,1,2000000,Viễn thông,Referral,Android
ZLP004401,2024-09-27,30.0,Male,Hải Phòng,2,1,1,1000000,Điện tử,Social,Android
ZLP004402,2024-03-31,34.0,Female,Hồ Chí Minh,1,1,0,500000,Giải trí,Campaign,Android
ZLP004403,2024-07-29,22.0,Male,Hà Nội,1,1,0,3000000,Điện tử,Campaign,iOS
ZLP004404,2023-12-02,30.0,Male,Hải Phòng,2,0,1,1000000,Du lịch & Vận chuyển,Social,iOS
ZLP004405,2024-06-29,27.0,Male,Đồng Nai,3,0,1,1000000,Điện & Nước,Referral,Android
ZLP004406,2023-12-18,33.0,Male,An Giang,3,1,1,3000000,Điện & Nước,Campaign,Android
ZLP004407,2023-11-02,27.0,Female,Nghệ An,3,1,1,3000000,Điện & Nước,Referral,Android
ZLP004408,2024-08-28,25.0,Female,Hà Nội,1,0,1,2000000,Điện tử,Social,Android
ZLP004409,2023-07-05,31.0,Female,Cần Thơ,2,1,0,5000000,Thực phẩm & Ăn uống,Organic,Android
ZLP004410,2024-09-27,33.0,Female,Hà Nội,1,1,1,2000000,Thực phẩm & Ăn uống,Organic,Android
ZLP004411,2024-01-01,23.0,Male,Hà Nội,1,1,1,1000000,Viễn thông,Organic,iOS
ZLP004412,2024-11-26,27.0,Male,Hà Nội,1,0,1,500000,Điện tử,Referral,Android
ZLP004413,2024-01-31,21.0,Female,Bình Dương,3,1,1,1000000,Chăm sóc sức khỏe,Unknown,Android
ZLP004414,2024-05-30,18.0,Female,Đà Nẵng,2,1,1,500000,Điện & Nước,Social,iOS
ZLP004415,2023-01-01,29.0,Male,Đồng Nai,3,1,1,2000000,Viễn thông,Organic,Android
ZLP004416,2024-01-15,31.0,Male,Bình Dương,3,1,1,500000,Thực phẩm & Ăn uống,Social,iOS
ZLP004417,2024-05-30,29.0,Female,Hồ Chí Minh,1,1,1,2000000,Viễn thông,Social,Android
ZLP004418,2024-05-30,18.0,Female,Cần Thơ,2,1,1,1000000,Thời trang,Referral,iOS
ZLP004419,2023-10-03,25.0,Female,Hà Nội,1,0,1,1000000,Điện tử,Referral,Android
ZLP004420,2023-12-18,18.0,Male,Hồ Chí Minh,1,0,1,2000000,Chăm sóc sức khỏe,Social,Android
ZLP004421,2023-12-18,36.0,Female,Đồng Nai,3,0,1,1000000,Viễn thông,Social,Android
ZLP004422,2023-07-05,21.0,Male,Đà Nẵng,2,1,1,1000000,Điện & Nước,Social,Android
ZLP004423,2024-01-01,35.0,Male,Hải Phòng,2,1,1,5000000,Thực phẩm & Ăn uống,Unknown,Android
ZLP004424,2024-06-29,33.0,Female,Bình Dương,3,1,1,3000000,Điện & Nước,Referral,iOS
ZLP004425,2023-12-02,22.0,Male,Đà Nẵng,2,0,1,2000000,Điện & Nước,Social,Android
ZLP004426,2024-01-01,21.0,Male,Bình Dương,3,1,1,2000000,Viễn thông,Organic,Android
ZLP004427,2024-11-26,30.0,Other,Hồ Chí Minh,1,1,1,2000000,Thực phẩm & Ăn uống,Organic,iOS
ZLP004428,2023-04-06,22.0,Female,Hồ Chí Minh,1,1,1,500000,Thời trang,Social,iOS
ZLP004429,2024-03-01,28.0,Female,Hồ Chí Minh,1,1,1,500000,Điện tử,Campaign,Android
ZLP004430,2024-05-30,25.0,Male,Hà Nội,1,1,1,2000000,Viễn thông,Campaign,Android
ZLP004431,2024-05-30,18.0,Male,Hồ Chí Minh,1,1,1,1000000,Chăm sóc sức khỏe,Unknown,iOS
ZLP004432,2024-04-30,18.0,Female,Thanh Hóa,3,1,1,500000,Điện & Nước,Organic,iOS
ZLP004433,2024-04-30,29.0,Female,Hồ Chí Minh,2,1,1,1000000,Thực phẩm & Ăn uống,Unknown,Android
ZLP004434,2023-04-06,24.0,Female,Cần Thơ,2,1,1,1000000,Thời trang,Social,Android
ZLP004435,2024-01-31,24.0,Male,Hồ Chí Minh,1,1,1,5000000,Viễn thông,Unknown,iOS
ZLP004436,2024-05-30,32.0,Male,Hà Nội,1,1,1,1000000,Điện tử,Organic,Android
ZLP004437,2023-07-05,35.0,Other,Hà Nội,1,0,1,1000000,Chăm sóc sức khỏe,Campaign,Android
ZLP004438,2023-01-01,26.0,Female,Bình Dương,3,1,1,2000000,Điện & Nước,Campaign,iOS
ZLP004439,2024-06-29,25.0,Male,Hà Nội,1,1,1,2000000,Thực phẩm & Ăn uống,Organic,Android
ZLP004440,2024-04-30,31.0,Female,Đà Nẵng,2,1,1,2000000,Điện & Nước,Social,iOS
ZLP004441,2023-12-18,19.0,Female,Đà Nẵng,2,1,1,2000000,Viễn thông,Social,Android
ZLP004442,2024-09-27,29.0,Male,Đồng Nai,3,1,1,2000000,Điện & Nước,Social,Android
ZLP004443,2024-05-30,31.0,Male,Hồ Chí Minh,1,0,1,3000000,Thời trang,Social,Android
ZLP004444,2024-11-26,32.0,Male,Đồng Nai,3,1,1,1000000,Viễn thông,Referral,Android
ZLP004445,2024-09-27,18.0,Female,Đà Nẵng,2,1,1,2000000,Viễn thông,Referral,Android
ZLP004446,2024-01-15,23.0,Male,Cần Thơ,2,1,1,5000000,Viễn thông,Unknown,iOS
ZLP004447,2024-05-30,27.0,Other,Hà Nội,1,0,1,1000000,Viễn thông,Referral,Android
ZLP004448,2024-03-31,28.0,Male,Hà Nội,1,1,1,1000000,Viễn thông,Referral,iOS
ZLP004449,2024-06-29,30.0,Female,Hồ Chí Minh,1,1,1,1000000,Điện tử,Social,Android
ZLP004450,2024-06-29,36.0,Male,Thanh Hóa,3,0,1,500000,Giải trí,Organic,Android
ZLP004451,2023-10-03,25.0,Female,Hà Nội,1,1,1,1000000,Thực phẩm & Ăn uống,Unknown,iOS
ZLP004452,2023-11-02,25.0,Other,Thanh Hóa,3,1,1,500000,Thời trang,Organic,Android
ZLP004453,2023-11-02,34.0,Female,Hà Nội,1,1,1,1000000,Chăm sóc sức khỏe,Referral,Android
ZLP004454,2024-06-29,29.0,Female,Hồ Chí Minh,1,1,0,1000000,Thực phẩm & Ăn uống,Organic,Android
ZLP004455,2024-06-29,35.0,Female,Đà Nẵng,2,1,0,500000,Viễn thông,Social,Android
ZLP004456,2024-01-15,29.0,Female,Hồ Chí Minh,1,1,1,3000000,Giải trí,Unknown,iOS
ZLP004457,2024-01-31,27.0,Female,An Giang,3,1,1,3000000,Du lịch & Vận chuyển,Unknown,Android
ZLP004458,2024-06-29,20.0,Other,Đồng Nai,3,1,0,2000000,Viễn thông,Social,Android
ZLP004459,2023-12-02,18.0,Male,Bình Dương,3,1,1,5000000,Điện tử,Campaign,Android
ZLP004460,2023-04-06,31.0,Other,Cần Thơ,2,1,1,2000000,Thời trang,Organic,Android
ZLP004461,2024-01-15,35.0,Male,Đà Nẵng,2,0,1,3000000,Thời trang,Organic,Unknown
ZLP004462,2024-08-28,27.0,Male,Thanh Hóa,3,1,1,1000000,Chăm sóc sức khỏe,Campaign,Android
ZLP004463,2024-06-29,33.0,Male,Hồ Chí Minh,1,1,1,3000000,Điện tử,Referral,Android
ZLP004464,2023-12-18,34.0,Male,Đồng Nai,3,1,0,5000000,Thực phẩm & Ăn uống,Social,Android
ZLP004465,2023-04-06,27.0,Female,Đà Nẵng,2,1,1,1000000,Chăm sóc sức khỏe,Organic,iOS
ZLP004466,2024-03-31,21.0,Female,Thanh Hóa,3,0,1,2000000,Viễn thông,Organic,iOS
ZLP004467,2024-06-29,33.0,Female,Đồng Nai,3,1,1,3000000,Điện tử,Organic,iOS
ZLP004468,2024-03-31,30.0,Female,Thanh Hóa,3,1,1,1000000,Điện tử,Organic,Android
ZLP004469,2023-12-18,28.0,Female,Đà Nẵng,2,1,1,2000000,Du lịch & Vận chuyển,Organic,Android
ZLP004470,2023-10-03,30.0,Female,Hồ Chí Minh,1,1,1,500000,Giải trí,Organic,Android
ZLP004471,2024-08-28,29.0,Male,Đà Nẵng,2,1,1,1000000,Thời trang,Campaign,iOS
ZLP004472,2023-12-02,35.0,Female,Bình Dương,3,1,1,500000,Thực phẩm & Ăn uống,Social,Android
ZLP004473,2023-11-02,35.0,Female,Đồng Nai,3,1,1,2000000,Thời trang,Organic,Android
ZLP004474,2024-06-29,31.0,Female,Hồ Chí Minh,1,1,0,2000000,Điện tử,Social,Android
ZLP004475,2024-11-26,33.0,Female,Đà Nẵng,2,1,1,5000000,Điện tử,Campaign,Android
ZLP004476,2024-03-31,31.0,Female,Hồ Chí Minh,1,1,1,2000000,Viễn thông,Referral,Android
ZLP004477,2024-03-01,25.0,Male,Hải Phòng,2,1,1,1000000,Thực phẩm & Ăn uống,Social,iOS
ZLP004478,2023-12-02,32.0,Male,Hồ Chí Minh,1,1,1,500000,Thực phẩm & Ăn uống,Campaign,iOS
ZLP004479,2023-01-01,19.0,Female,Cần Thơ,2,1,1,3000000,Điện & Nước,Unknown,Unknown
ZLP004480,2023-10-03,34.0,Female,Hồ Chí Minh,1,1,1,2000000,Thời trang,Organic,Android
ZLP004481,2024-03-01,20.0,Female,Hà Nội,1,1,1,3000000,Du lịch & Vận chuyển,Campaign,Android
ZLP004482,2023-10-03,29.0,Male,Hồ Chí Minh,3,1,1,500000,Du lịch & Vận chuyển,Organic,Android
ZLP004483,2024-08-28,22.0,Male,Hồ Chí Minh,1,0,1,2000000,Thực phẩm & Ăn uống,Campaign,Android
ZLP004484,2023-10-03,31.0,Female,Hồ Chí Minh,1,1,1,1000000,Điện tử,Campaign,Android
ZLP004485,2024-01-15,27.0,Male,Hồ Chí Minh,1,1,1,500000,Điện tử,Unknown,Android
ZLP004486,2024-01-15,18.0,Female,Đà Nẵng,2,1,1,3000000,Viễn thông,Campaign,Android
ZLP004487,2024-03-01,30.0,Male,Cần Thơ,2,1,1,2000000,Điện & Nước,Referral,Android
ZLP004488,2023-12-02,24.0,Male,Hà Nội,1,0,0,1000000,Điện tử,Unknown,Android
ZLP004489,2024-07-29,33.0,Female,Bình Dương,3,1,1,3000000,Viễn thông,Campaign,Android
ZLP004490,2024-01-01,28.0,Male,Hồ Chí Minh,1,1,1,2000000,Thời trang,Unknown,Android
ZLP004491,2024-04-30,30.0,Female,Hải Phòng,2,1,1,500000,Thực phẩm & Ăn uống,Unknown,Android
ZLP004492,2024-03-31,22.0,Female,Đồng Nai,3,1,1,5000000,Chăm sóc sức khỏe,Social,Android
ZLP004493,2023-07-05,24.0,Male,Thanh Hóa,3,1,1,1000000,Thời trang,Unknown,iOS
ZLP004494,2024-03-01,25.0,Female,Nghệ An,3,1,1,3000000,Chăm sóc sức khỏe,Unknown,Android
ZLP004495,2024-01-31,33.0,Female,Hà Nội,1,0,1,3000000,Điện tử,Referral,iOS
ZLP004496,2024-08-28,38.0,Male,Hà Nội,1,1,1,1000000,Giải trí,Organic,Android
ZLP004497,2024-08-28,23.0,Male,Bình Dương,3,1,1,2000000,Chăm sóc sức khỏe,Unknown,Android
ZLP004498,2023-10-03,34.0,Male,Hồ Chí Minh,1,1,1,500000,Viễn thông,Unknown,iOS
ZLP004499,2023-07-05,18.0,Female,Hà Nội,1,1,1,1000000,Giải trí,Organic,Android
ZLP004500,2023-12-02,20.0,Female,Hồ Chí Minh,1,1,1,3000000,Thực phẩm & Ăn uống,Organic,Android
ZLP004501,2024-11-26,22.0,Female,Hà Nội,1,1,1,1000000,Thời trang,Unknown,Android
ZLP004502,2023-01-01,19.0,Female,Đà Nẵng,2,1,1,1000000,Giải trí,Referral,iOS
ZLP004503,2024-03-31,18.0,Female,Hồ Chí Minh,1,1,1,2000000,Viễn thông,Organic,Android
ZLP004504,2024-03-01,30.0,Female,Hồ Chí Minh,1,1,1,2000000,Chăm sóc sức khỏe,Referral,Android
ZLP004505,2024-03-31,26.0,Female,Bình Dương,3,0,1,2000000,Giải trí,Campaign,Android
ZLP004506,2023-11-02,30.0,Male,Hồ Chí Minh,1,1,1,3000000,Chăm sóc sức khỏe,Unknown,Android
ZLP004507,2023-11-02,32.0,Female,Thanh Hóa,3,1,1,2000000,Chăm sóc sức khỏe,Campaign,Android
ZLP004508,2024-01-01,29.0,Female,Hồ Chí Minh,1,1,1,3000000,Viễn thông,Campaign,Android
ZLP004509,2023-07-05,31.0,Female,Cần Thơ,2,1,1,1000000,Thực phẩm & Ăn uống,Campaign,iOS
ZLP004510,2023-07-05,27.0,Female,Hà Nội,1,1,1,2000000,Điện tử,Organic,iOS
ZLP004511,2023-07-05,20.0,Male,Hồ Chí Minh,1,1,0,1000000,Điện & Nước,Campaign,iOS
ZLP004512,2024-01-31,34.0,Female,Hà Nội,1,1,1,5000000,Du lịch & Vận chuyển,Social,iOS
ZLP004513,2023-12-18,24.0,Male,Đà Nẵng,2,1,1,2000000,Viễn thông,Unknown,iOS
ZLP004514,2023-12-02,22.0,Female,Hải Phòng,2,1,1,5000000,Thời trang,Organic,iOS
ZLP004515,2023-12-02,27.0,Female,Bình Dương,3,1,1,3000000,Điện & Nước,Unknown,Android
ZLP004516,2023-11-02,22.0,Female,Hồ Chí Minh,1,1,1,3000000,Viễn thông,Unknown,Android
ZLP004517,2023-12-18,25.0,Female,Hồ Chí Minh,1,1,1,2000000,Thời trang,Unknown,Android
ZLP004518,2023-11-02,30.0,Female,Hà Nội,1,1,0,2000000,Thời trang,Campaign,Android
ZLP004519,2024-04-30,30.0,Male,Hồ Chí Minh,1,1,1,2000000,Viễn thông,Organic,Android
ZLP004520,2023-10-03,22.0,Other,Hà Nội,1,1,1,1000000,Điện & Nước,Referral,Android
ZLP004521,2024-09-27,25.0,Female,Thanh Hóa,3,1,1,5000000,Thời trang,Social,Android
ZLP004522,2023-07-05,34.0,Female,Đà Nẵng,2,1,1,3000000,Chăm sóc sức khỏe,Organic,Android
ZLP004523,2024-09-27,30.0,Male,Bình Dương,3,1,1,3000000,Viễn thông,Organic,Android
ZLP004524,2024-06-29,40.0,Female,Bình Dương,3,1,1,2000000,Điện tử,Social,Android
ZLP004525,2024-03-31,35.0,Male,Hải Phòng,2,1,0,500000,Thực phẩm & Ăn uống,Referral,Unknown
ZLP004526,2024-08-28,27.0,Female,Hồ Chí Minh,1,1,1,2000000,Giải trí,Social,iOS
ZLP004527,2023-10-03,19.0,Male,Bình Dương,3,1,1,1000000,Điện & Nước,Unknown,Android
ZLP004528,2023-10-03,32.0,Female,Hải Phòng,2,1,1,3000000,Điện & Nước,Social,Android
ZLP004529,2023-11-02,27.0,Female,Hồ Chí Minh,1,0,1,3000000,Điện & Nước,Campaign,Android
ZLP004530,2023-11-02,24.0,Male,Hà Nội,1,0,1,1000000,Chăm sóc sức khỏe,Social,Android
ZLP004531,2023-12-02,29.0,Female,Thanh Hóa,3,1,1,2000000,Du lịch & Vận chuyển,Organic,iOS
ZLP004532,2024-01-31,33.0,Female,Đồng Nai,3,1,1,2000000,Chăm sóc sức khỏe,Social,iOS
ZLP004533,2023-01-01,31.0,Male,Hà Nội,1,1,1,2000000,Điện tử,Referral,Android
ZLP004534,2023-12-18,22.0,Female,Đà Nẵng,2,1,1,2000000,Điện & Nước,Unknown,Android
ZLP004535,2023-11-02,32.0,Male,Hà Nội,1,1,1,1000000,Viễn thông,Organic,Android
ZLP004536,2024-03-01,24.0,Male,Hà Nội,1,1,1,1000000,Du lịch & Vận chuyển,Referral,Android
ZLP004537,2024-11-26,29.0,Male,Hà Nội,1,1,1,3000000,Thời trang,Referral,iOS
ZLP004538,2024-01-15,26.0,Female,Hồ Chí Minh,1,1,1,500000,Thực phẩm & Ăn uống,Referral,iOS
ZLP004539,2023-12-18,26.0,Male,Cần Thơ,2,1,1,3000000,Điện tử,Referral,iOS
ZLP004540,2023-12-18,32.0,Female,Đồng Nai,3,1,1,2000000,Điện & Nước,Campaign,Android
ZLP004541,2024-05-30,21.0,Female,Hải Phòng,2,1,1,5000000,Du lịch & Vận chuyển,Organic,iOS
ZLP004542,2023-07-05,39.0,Male,Hồ Chí Minh,1,1,1,5000000,Điện tử,Unknown,Android
ZLP004543,2024-11-26,18.0,Female,Đồng Nai,3,1,1,2000000,Thực phẩm & Ăn uống,Unknown,iOS
ZLP004544,2023-12-18,24.0,Male,Hồ Chí Minh,1,1,0,2000000,Thực phẩm & Ăn uống,Organic,Android
ZLP004545,2023-12-02,30.0,Female,Hà Nội,1,1,1,2000000,Chăm sóc sức khỏe,Referral,Android
ZLP004546,2024-11-26,31.0,Male,An Giang,3,1,1,1000000,Viễn thông,Organic,Android
ZLP004547,2024-09-27,27.0,Male,Hà Nội,1,0,1,500000,Điện & Nước,Social,Android
ZLP004548,2024-03-31,27.0,Female,Hồ Chí Minh,1,1,1,2000000,Viễn thông,Organic,iOS
ZLP004549,2023-01-01,30.0,Female,Hồ Chí Minh,1,1,1,3000000,Điện & Nước,Unknown,iOS
ZLP004550,2024-05-30,26.0,Male,Hà Nội,1,1,1,1000000,Thực phẩm & Ăn uống,Referral,iOS
ZLP004551,2023-12-02,36.0,Female,Đồng Nai,3,1,1,2000000,Điện tử,Organic,Android
ZLP004552,2023-12-18,33.0,Male,Thanh Hóa,3,0,1,2000000,Du lịch & Vận chuyển,Social,iOS
ZLP004553,2023-10-03,33.0,Female,Đồng Nai,3,1,1,5000000,Điện tử,Referral,Android
ZLP004554,2024-01-15,22.0,Female,Hải Phòng,2,1,1,1000000,Thời trang,Referral,Android
ZLP004555,2024-05-30,27.0,Male,Bình Dương,3,1,1,1000000,Chăm sóc sức khỏe,Organic,Android
ZLP004556,2023-11-02,26.0,Male,An Giang,3,1,1,5000000,Du lịch & Vận chuyển,Campaign,iOS
ZLP004557,2024-09-27,27.0,Male,Hồ Chí Minh,1,0,1,500000,Điện tử,Unknown,Android
ZLP004558,2023-11-02,30.0,Male,An Giang,3,1,1,2000000,Điện & Nước,Referral,iOS
ZLP004559,2023-04-06,24.0,Male,Hà Nội,1,1,1,2000000,Viễn thông,Organic,iOS
ZLP004560,2024-03-31,31.0,Female,An Giang,3,1,1,2000000,Thực phẩm & Ăn uống,Campaign,Android
ZLP004561,2024-07-29,21.0,Other,Hồ Chí Minh,1,1,1,2000000,Giải trí,Referral,Unknown
ZLP004562,2024-09-27,38.0,Male,Bình Dương,3,1,1,3000000,Thực phẩm & Ăn uống,Organic,Unknown
ZLP004563,2024-05-30,22.0,Female,Bình Dương,3,1,1,1000000,Điện tử,Organic,iOS
ZLP004564,2023-11-02,29.0,Female,Thanh Hóa,3,1,0,1000000,Chăm sóc sức khỏe,Unknown,Android
ZLP004565,2024-11-26,27.0,Female,Đồng Nai,3,1,1,2000000,Điện tử,Referral,Android
ZLP004566,2024-09-27,24.0,Female,Hồ Chí Minh,1,1,1,2000000,Điện & Nước,Campaign,Android
ZLP004567,2023-10-03,33.0,Female,Đà Nẵng,2,1,1,2000000,Điện & Nước,Campaign,Android
ZLP004568,2024-01-31,20.0,Female,Hà Nội,1,1,1,5000000,Chăm sóc sức khỏe,Organic,iOS
ZLP004569,2024-01-31,36.0,Male,Hồ Chí Minh,1,1,0,5000000,Điện tử,Referral,Android
ZLP004570,2024-01-01,28.0,Male,Hồ Chí Minh,1,1,1,1000000,Thời trang,Social,Android
ZLP004571,2024-11-26,24.0,Male,Hồ Chí Minh,1,0,1,1000000,Viễn thông,Social,Android
ZLP004572,2023-04-06,26.0,Male,Đà Nẵng,2,1,1,1000000,Điện & Nước,Referral,Android
ZLP004573,2024-03-01,32.0,Female,An Giang,3,0,1,5000000,Điện & Nước,Social,Unknown
ZLP004574,2023-11-02,24.0,Male,An Giang,3,0,1,2000000,Thời trang,Campaign,iOS
ZLP004575,2024-01-15,23.0,Female,Hồ Chí Minh,1,0,1,2000000,Thời trang,Campaign,iOS
ZLP004576,2024-05-30,26.0,Male,Hồ Chí Minh,1,1,1,3000000,Giải trí,Organic,Android
ZLP004577,2023-11-02,20.0,Female,Hồ Chí Minh,1,1,1,2000000,Giải trí,Organic,iOS
ZLP004578,2023-12-18,38.0,Female,Hồ Chí Minh,1,0,1,1000000,Thời trang,Organic,iOS
ZLP004579,2024-09-27,24.0,Male,Hồ Chí Minh,1,1,0,2000000,Chăm sóc sức khỏe,Referral,Android
ZLP004580,2024-05-30,32.0,Male,Hà Nội,1,1,1,2000000,Chăm sóc sức khỏe,Unknown,iOS
ZLP004581,2024-01-31,29.0,Female,Đà Nẵng,2,1,1,3000000,Điện tử,Organic,iOS
ZLP004582,2023-11-02,22.0,Male,Đà Nẵng,2,1,1,2000000,Thực phẩm & Ăn uống,Referral,Android
ZLP004583,2023-12-18,27.0,Male,Đà Nẵng,2,0,1,1000000,Thực phẩm & Ăn uống,Campaign,Android
ZLP004584,2024-05-30,32.0,Male,Hà Nội,1,1,1,1000000,Viễn thông,Referral,iOS
ZLP004585,2024-06-29,26.0,Female,Bình Dương,3,1,1,3000000,Du lịch & Vận chuyển,Organic,iOS
ZLP004586,2023-11-02,35.0,Female,Hồ Chí Minh,3,1,1,3000000,Chăm sóc sức khỏe,Organic,iOS
ZLP004587,2024-03-31,34.0,Female,Hà Nội,1,1,1,500000,Điện & Nước,Organic,Android
ZLP004588,2023-07-05,33.0,Female,Hồ Chí Minh,1,1,1,500000,Viễn thông,Social,Android
ZLP004589,2023-01-01,25.0,Female,Hà Nội,1,0,1,2000000,Thời trang,Organic,iOS
ZLP004590,2024-01-31,21.0,Female,Hồ Chí Minh,1,0,1,2000000,Thực phẩm & Ăn uống,Campaign,Android
ZLP004591,2023-11-02,24.0,Female,Hà Nội,1,1,1,1000000,Viễn thông,Unknown,Unknown
ZLP004592,2023-07-05,29.0,Male,Hồ Chí Minh,1,1,1,2000000,Chăm sóc sức khỏe,Referral,iOS
ZLP004593,2024-04-30,31.0,Male,Hà Nội,1,1,1,5000000,Điện & Nước,Campaign,Android
ZLP004594,2024-01-15,18.0,Female,Hồ Chí Minh,1,1,1,2000000,Thực phẩm & Ăn uống,Unknown,Android
ZLP004595,2024-06-29,27.0,Female,Bình Dương,3,1,1,2000000,Du lịch & Vận chuyển,Referral,Android
ZLP004596,2024-03-31,28.0,Male,Hồ Chí Minh,1,1,1,3000000,Điện tử,Campaign,Android
ZLP004597,2024-04-30,26.0,Male,Đà Nẵng,2,1,1,1000000,Thực phẩm & Ăn uống,Referral,Android
ZLP004598,2023-12-02,35.0,Female,Hồ Chí Minh,1,1,1,2000000,Du lịch & Vận chuyển,Referral,Android
ZLP004599,2023-11-02,30.0,Female,Hồ Chí Minh,1,1,1,2000000,Du lịch & Vận chuyển,Campaign,iOS
ZLP004600,2024-03-01,35.0,Male,Hải Phòng,2,1,1,2000000,Điện & Nước,Unknown,Android
ZLP004601,2023-11-02,26.0,Female,Cần Thơ,2,1,1,5000000,Điện & Nước,Social,Android
ZLP004602,2024-06-29,33.0,Female,Hồ Chí Minh,1,1,1,1000000,Thực phẩm & Ăn uống,Referral,Android
ZLP004603,2024-01-15,37.0,Female,Cần Thơ,2,1,1,500000,Du lịch & Vận chuyển,Unknown,iOS
ZLP004604,2023-11-02,35.0,Male,Cần Thơ,2,1,1,5000000,Chăm sóc sức khỏe,Referral,Android
ZLP004605,2024-03-01,21.0,Male,Hà Nội,1,0,1,1000000,Điện & Nước,Social,Android
ZLP004606,2024-09-27,26.0,Male,Hà Nội,1,1,1,1000000,Thực phẩm & Ăn uống,Organic,iOS
ZLP004607,2023-07-05,25.0,Male,Hải Phòng,2,0,1,2000000,Điện tử,Referral,Android
ZLP004608,2023-07-05,30.0,Female,Hồ Chí Minh,1,1,1,5000000,Viễn thông,Organic,Android
ZLP004609,2024-07-29,32.0,Male,Hà Nội,1,1,1,2000000,Điện tử,Campaign,iOS
ZLP004610,2023-07-05,22.0,Other,Hà Nội,1,1,1,2000000,Thực phẩm & Ăn uống,Unknown,Android
ZLP004611,2023-04-06,28.0,Male,Đồng Nai,3,0,1,2000000,Viễn thông,Campaign,Android
ZLP004612,2023-12-02,18.0,Male,An Giang,3,1,1,5000000,Thực phẩm & Ăn uống,Organic,Android
ZLP004613,2024-01-01,36.0,Female,Hải Phòng,2,1,0,3000000,Giải trí,Organic,Android
ZLP004614,2024-01-31,24.0,Female,Đồng Nai,3,0,1,1000000,Du lịch & Vận chuyển,Campaign,Android
ZLP004615,2024-01-15,28.0,Male,Thanh Hóa,3,1,1,3000000,Du lịch & Vận chuyển,Organic,Android
ZLP004616,2024-08-28,26.0,Female,Bình Dương,3,1,1,3000000,Du lịch & Vận chuyển,Unknown,Android
ZLP004617,2024-05-30,34.0,Female,Bình Dương,3,0,1,2000000,Điện & Nước,Referral,Android
ZLP004618,2024-11-26,18.0,Female,Thanh Hóa,3,1,1,2000000,Du lịch & Vận chuyển,Unknown,Android
ZLP004619,2024-01-01,27.0,Female,Hồ Chí Minh,1,1,1,2000000,Viễn thông,Organic,Android
ZLP004620,2023-07-05,27.0,Male,Cần Thơ,2,1,1,2000000,Chăm sóc sức khỏe,Social,Android
ZLP004621,2024-09-27,25.0,Female,Bình Dương,3,1,1,3000000,Thời trang,Organic,Android
ZLP004622,2023-01-01,38.0,Female,An Giang,3,1,1,1000000,Viễn thông,Campaign,Android
ZLP004623,2024-05-30,22.0,Male,Hải Phòng,2,1,1,1000000,Thực phẩm & Ăn uống,Unknown,iOS
ZLP004624,2023-04-06,32.0,Male,Hải Phòng,2,1,1,1000000,Thực phẩm & Ăn uống,Organic,iOS
ZLP004625,2024-05-30,30.0,Female,Nghệ An,3,1,1,3000000,Điện tử,Organic,iOS
ZLP004626,2024-09-27,35.0,Male,Đà Nẵng,2,1,1,2000000,Thời trang,Campaign,Android
ZLP004627,2023-12-18,23.0,Male,Hồ Chí Minh,1,1,1,2000000,Chăm sóc sức khỏe,Unknown,Android
ZLP004628,2023-11-02,23.0,Other,Hồ Chí Minh,1,1,1,3000000,Thực phẩm & Ăn uống,Organic,Android
ZLP004629,2023-11-02,34.0,Male,Đà Nẵng,2,1,1,3000000,Điện tử,Organic,Android
ZLP004630,2024-01-15,30.0,Female,Hà Nội,1,1,1,5000000,Chăm sóc sức khỏe,Referral,Android
ZLP004631,2023-10-03,18.0,Female,Hà Nội,1,1,1,500000,Điện & Nước,Organic,Unknown
ZLP004632,2024-03-31,24.0,Female,Hà Nội,1,1,1,2000000,Thực phẩm & Ăn uống,Organic,iOS
ZLP004633,2023-12-18,30.0,Female,An Giang,3,1,1,3000000,Du lịch & Vận chuyển,Organic,Android
ZLP004634,2023-12-02,33.0,Female,Hà Nội,1,1,1,1000000,Điện tử,Campaign,Android
ZLP004635,2024-01-01,23.0,Female,Hải Phòng,2,1,1,1000000,Thực phẩm & Ăn uống,Campaign,Android
ZLP004636,2024-01-31,18.0,Female,An Giang,3,1,1,2000000,Viễn thông,Referral,Android
ZLP004637,2023-10-03,31.0,Male,Hà Nội,1,1,0,3000000,Điện & Nước,Organic,Android
ZLP004638,2024-04-30,20.0,Male,Hà Nội,1,1,1,2000000,Viễn thông,Campaign,Android
ZLP004639,2024-08-28,18.0,Female,Đồng Nai,3,0,1,2000000,Viễn thông,Referral,Android
ZLP004640,2023-12-02,18.0,Female,Bình Dương,3,1,1,2000000,Thực phẩm & Ăn uống,Organic,iOS
ZLP004641,2023-10-03,32.0,Female,Hà Nội,1,1,1,1000000,Điện & Nước,Campaign,Android
ZLP004642,2024-05-30,28.0,Female,Hồ Chí Minh,1,0,1,5000000,Điện & Nước,Referral,Android
ZLP004643,2023-10-03,26.0,Female,Hồ Chí Minh,1,1,1,1000000,Chăm sóc sức khỏe,Unknown,Android
ZLP004644,2023-04-06,36.0,Female,Hồ Chí Minh,1,1,1,2000000,Viễn thông,Referral,Android
ZLP004645,2024-03-01,27.0,Male,Hà Nội,1,1,1,1000000,Thời trang,Social,Android
ZLP004646,2023-11-02,37.0,Female,Hồ Chí Minh,1,1,1,2000000,Viễn thông,Social,Android
ZLP004647,2023-10-03,19.0,Female,Cần Thơ,2,1,1,5000000,Thực phẩm & Ăn uống,Unknown,iOS
ZLP004648,2024-11-26,27.0,Female,Nghệ An,3,1,1,5000000,Viễn thông,Referral,Android
ZLP004649,2023-12-02,18.0,Male,Bình Dương,3,1,1,1000000,Điện & Nước,Organic,Android
ZLP004650,2024-08-28,26.0,Female,An Giang,3,1,1,1000000,Giải trí,Organic,iOS
ZLP004651,2023-10-03,26.0,Female,Đồng Nai,3,1,1,1000000,Thực phẩm & Ăn uống,Social,Android
ZLP004652,2024-06-29,31.0,Male,Hồ Chí Minh,3,1,1,1000000,Thực phẩm & Ăn uống,Campaign,iOS
ZLP004653,2024-01-15,28.0,Female,Hà Nội,1,1,1,2000000,Viễn thông,Organic,Android
ZLP004654,2023-07-05,31.0,Female,Hà Nội,1,1,0,2000000,Thực phẩm & Ăn uống,Referral,Android
ZLP004655,2024-04-30,32.0,Male,Hải Phòng,2,0,1,3000000,Thời trang,Unknown,Android
ZLP004656,2024-08-28,40.0,Female,An Giang,3,1,0,3000000,Viễn thông,Campaign,Android
ZLP004657,2023-10-03,26.0,Male,Hà Nội,1,0,1,1000000,Thực phẩm & Ăn uống,Referral,iOS
ZLP004658,2024-04-30,22.0,Male,Hồ Chí Minh,1,1,1,3000000,Viễn thông,Referral,Android
ZLP004659,2024-01-01,29.0,Male,Đồng Nai,3,1,0,3000000,Thực phẩm & Ăn uống,Unknown,iOS
ZLP004660,2024-05-30,23.0,Female,Hà Nội,1,1,1,2000000,Chăm sóc sức khỏe,Organic,Android
ZLP004661,2024-04-30,36.0,Female,Hồ Chí Minh,1,1,1,5000000,Điện & Nước,Social,iOS
ZLP004662,2023-01-01,26.0,Female,Đồng Nai,3,1,1,3000000,Thực phẩm & Ăn uống,Unknown,iOS
ZLP004663,2023-10-03,24.0,Female,Đà Nẵng,2,0,1,2000000,Thực phẩm & Ăn uống,Unknown,Android
ZLP004664,2024-01-01,25.0,Male,Bình Dương,3,1,1,5000000,Điện & Nước,Campaign,Android
ZLP004665,2024-09-27,32.0,Male,An Giang,3,1,1,2000000,Giải trí,Organic,Android
ZLP004666,2023-12-02,27.0,Female,Đà Nẵng,2,1,1,2000000,Viễn thông,Unknown,Android
ZLP004667,2024-03-01,24.0,Male,Đà Nẵng,2,1,1,1000000,Thời trang,Social,iOS
ZLP004668,2023-01-01,37.0,Female,Hà Nội,1,1,1,3000000,Thực phẩm & Ăn uống,Social,Android
ZLP004669,2024-04-30,22.0,Female,Hà Nội,1,1,1,1000000,Viễn thông,Campaign,iOS
ZLP004670,2024-03-01,28.0,Female,Đồng Nai,3,1,1,2000000,Thực phẩm & Ăn uống,Referral,Android
ZLP004671,2024-04-30,31.0,Male,Hà Nội,1,1,1,2000000,Điện tử,Referral,Android
ZLP004672,2024-08-28,18.0,Female,Hồ Chí Minh,1,1,1,2000000,Chăm sóc sức khỏe,Campaign,Android
ZLP004673,2023-10-03,27.0,Female,Hồ Chí Minh,1,1,1,2000000,Thời trang,Referral,iOS
ZLP004674,2023-11-02,21.0,Male,Hà Nội,1,1,1,2000000,Thực phẩm & Ăn uống,Referral,Android
ZLP004675,2024-11-26,32.0,Female,Hà Nội,1,1,1,1000000,Chăm sóc sức khỏe,Social,Android
ZLP004676,2023-10-03,22.0,Male,Cần Thơ,2,1,1,3000000,Thực phẩm & Ăn uống,Organic,iOS
ZLP004677,2024-04-30,32.0,Female,Hà Nội,1,1,1,2000000,Giải trí,Campaign,Android
ZLP004678,2024-04-30,34.0,Female,Hồ Chí Minh,1,1,1,3000000,Thực phẩm & Ăn uống,Social,Android
ZLP004679,2024-03-31,33.0,Male,Đà Nẵng,2,1,1,1000000,Viễn thông,Organic,Android
ZLP004680,2023-11-02,29.0,Female,An Giang,3,1,1,2000000,Thực phẩm & Ăn uống,Unknown,iOS
ZLP004681,2023-11-02,26.0,Male,Hồ Chí Minh,1,0,1,3000000,Thực phẩm & Ăn uống,Social,Android
ZLP004682,2024-03-31,24.0,Male,Bình Dương,3,1,1,2000000,Viễn thông,Social,Android
ZLP004683,2023-10-03,36.0,Male,Đà Nẵng,2,1,1,3000000,Điện & Nước,Organic,Android
ZLP004684,2024-03-31,23.0,Male,Bình Dương,3,1,1,500000,Thực phẩm & Ăn uống,Organic,Android
ZLP004685,2024-01-15,21.0,Male,Hồ Chí Minh,1,1,1,2000000,Du lịch & Vận chuyển,Organic,iOS
ZLP004686,2023-12-18,31.0,Male,Nghệ An,3,1,1,2000000,Viễn thông,Campaign,Android
ZLP004687,2023-12-02,23.0,Female,Cần Thơ,2,1,1,2000000,Thực phẩm & Ăn uống,Campaign,Android
ZLP004688,2024-09-27,22.0,Female,Hải Phòng,2,0,1,2000000,Điện tử,Organic,iOS
ZLP004689,2024-01-15,19.0,Female,Hồ Chí Minh,1,1,0,1000000,Điện & Nước,Organic,Android
ZLP004690,2024-01-31,25.0,Female,Bình Dương,3,1,1,2000000,Chăm sóc sức khỏe,Campaign,iOS
ZLP004691,2024-09-27,27.0,Male,Đồng Nai,3,1,1,1000000,Điện tử,Campaign,iOS
ZLP004692,2024-03-31,29.0,Female,Hà Nội,1,1,1,2000000,Thời trang,Campaign,Android
ZLP004693,2024-09-27,33.0,Female,Hà Nội,1,1,1,1000000,Viễn thông,Organic,Android
ZLP004694,2023-07-05,31.0,Female,Cần Thơ,2,1,1,2000000,Điện & Nước,Unknown,Android
ZLP004695,2024-07-29,26.0,Female,Hồ Chí Minh,1,1,1,2000000,Viễn thông,Campaign,iOS
ZLP004696,2023-12-02,26.0,Male,Bình Dương,3,1,1,3000000,Điện tử,Organic,Android
ZLP004697,2024-06-29,31.0,Male,Hồ Chí Minh,1,1,1,2000000,Du lịch & Vận chuyển,Unknown,iOS
ZLP004698,2024-07-29,35.0,Female,Hồ Chí Minh,1,1,1,1000000,Điện tử,Organic,Android
ZLP004699,2023-11-02,28.0,Female,Cần Thơ,2,1,1,2000000,Thực phẩm & Ăn uống,Organic,Android
ZLP004700,2023-12-18,25.0,Male,Hồ Chí Minh,1,1,1,2000000,Giải trí,Referral,iOS
ZLP004701,2024-04-30,22.0,Male,Thanh Hóa,3,1,1,1000000,Chăm sóc sức khỏe,Unknown,Android
ZLP004702,2023-07-05,19.0,Male,Hải Phòng,2,1,1,2000000,Điện tử,Organic,Android
ZLP004703,2024-05-30,31.0,Male,Cần Thơ,2,1,1,2000000,Điện & Nước,Social,Android
ZLP004704,2023-07-05,31.0,Female,Đồng Nai,3,0,1,1000000,Viễn thông,Unknown,Android
ZLP004705,2024-08-28,31.0,Female,Hải Phòng,2,1,1,1000000,Viễn thông,Campaign,Android
ZLP004706,2023-12-02,27.0,Female,Hồ Chí Minh,1,1,1,1000000,Thực phẩm & Ăn uống,Organic,iOS
ZLP004707,2024-01-31,36.0,Male,Hải Phòng,2,1,1,1000000,Thực phẩm & Ăn uống,Campaign,iOS
ZLP004708,2023-07-05,25.0,Other,Hồ Chí Minh,1,0,1,500000,Du lịch & Vận chuyển,Social,iOS
ZLP004709,2023-11-02,33.0,Female,Hà Nội,1,1,1,2000000,Điện tử,Organic,Android
ZLP004710,2023-12-18,27.0,Male,Đà Nẵng,2,1,0,1000000,Điện tử,Campaign,Android
ZLP004711,2024-01-15,24.0,Female,Bình Dương,3,1,1,1000000,Thực phẩm & Ăn uống,Referral,iOS
ZLP004712,2023-01-01,31.0,Female,Hồ Chí Minh,1,1,1,1000000,Thực phẩm & Ăn uống,Referral,iOS
ZLP004713,2024-08-28,30.0,Female,Hà Nội,1,1,1,2000000,Điện & Nước,Campaign,iOS
ZLP004714,2023-01-01,30.0,Male,Cần Thơ,2,1,1,3000000,Thực phẩm & Ăn uống,Campaign,Android
ZLP004715,2024-05-30,28.0,Male,Hà Nội,1,1,1,2000000,Viễn thông,Referral,Android
ZLP004716,2024-01-01,27.0,Female,Đồng Nai,3,1,0,2000000,Thực phẩm & Ăn uống,Referral,Android
ZLP004717,2024-01-15,42.0,Female,Cần Thơ,2,1,1,2000000,Điện & Nước,Unknown,Android
ZLP004718,2023-11-02,35.0,Female,Hồ Chí Minh,1,1,1,500000,Thực phẩm & Ăn uống,Campaign,iOS
ZLP004719,2024-03-01,32.0,Female,Hồ Chí Minh,1,1,1,1000000,Điện & Nước,Organic,Android
ZLP004720,2024-01-31,28.0,Female,Cần Thơ,2,0,1,500000,Điện & Nước,Unknown,iOS
ZLP004721,2023-10-03,34.0,Male,Hà Nội,1,1,1,500000,Chăm sóc sức khỏe,Organic,iOS
ZLP004722,2023-11-02,31.0,Female,Hồ Chí Minh,1,1,1,1000000,Thời trang,Organic,Android
ZLP004723,2023-04-06,28.0,Male,Hà Nội,1,0,1,2000000,Thời trang,Organic,Android
ZLP004724,2023-04-06,26.0,Female,Hà Nội,1,1,1,1000000,Thực phẩm & Ăn uống,Unknown,Android
ZLP004725,2023-01-01,27.0,Female,Hồ Chí Minh,1,0,1,5000000,Điện tử,Referral,Android
ZLP004726,2023-11-02,18.0,Male,Đà Nẵng,2,1,1,3000000,Điện tử,Campaign,Android
ZLP004727,2024-03-31,29.0,Female,Đồng Nai,3,1,0,5000000,Du lịch & Vận chuyển,Unknown,Android
ZLP004728,2023-12-02,25.0,Male,Đà Nẵng,2,1,1,500000,Viễn thông,Unknown,Android
ZLP004729,2023-12-02,37.0,Male,Đồng Nai,3,1,1,3000000,Chăm sóc sức khỏe,Campaign,iOS
ZLP004730,2023-10-03,28.0,Male,Hồ Chí Minh,1,1,1,3000000,Giải trí,Unknown,Android
ZLP004731,2024-01-31,20.0,Male,Hà Nội,1,1,1,5000000,Điện & Nước,Unknown,iOS
ZLP004732,2023-12-02,27.0,Male,Cần Thơ,2,1,0,2000000,Thực phẩm & Ăn uống,Campaign,iOS
ZLP004733,2024-03-31,21.0,Male,Cần Thơ,2,0,1,3000000,Thực phẩm & Ăn uống,Unknown,iOS
ZLP004734,2024-05-30,30.0,Female,Bình Dương,3,1,1,500000,Chăm sóc sức khỏe,Social,Android
ZLP004735,2024-03-01,27.0,Female,Bình Dương,3,1,1,500000,Điện & Nước,Referral,Android
ZLP004736,2023-12-02,33.0,Female,Cần Thơ,2,1,1,1000000,Thời trang,Organic,Android
ZLP004737,2024-01-15,23.0,Male,Hồ Chí Minh,1,1,1,5000000,Du lịch & Vận chuyển,Organic,iOS
ZLP004738,2023-11-02,28.0,Female,Bình Dương,3,1,1,500000,Điện & Nước,Social,Android
ZLP004739,2024-08-28,19.0,Female,Bình Dương,3,1,1,1000000,Điện & Nước,Organic,Android
ZLP004740,2024-05-30,32.0,Male,Thanh Hóa,3,1,1,5000000,Giải trí,Unknown,Unknown
ZLP004741,2024-01-15,31.0,Female,Bình Dương,3,0,1,1000000,Chăm sóc sức khỏe,Organic,Android
ZLP004742,2024-11-26,30.0,Male,Bình Dương,3,1,1,3000000,Điện tử,Referral,iOS
ZLP004743,2024-01-31,28.0,Female,Đà Nẵng,2,1,1,3000000,Thực phẩm & Ăn uống,Campaign,Android
ZLP004744,2023-12-02,30.0,Male,Hải Phòng,2,1,1,500000,Chăm sóc sức khỏe,Campaign,Android
ZLP004745,2023-07-05,37.0,Male,Thanh Hóa,3,1,1,500000,Du lịch & Vận chuyển,Unknown,Android
ZLP004746,2024-01-31,26.0,Female,Đồng Nai,3,1,1,2000000,Điện tử,Organic,iOS
ZLP004747,2024-07-29,28.0,Male,Cần Thơ,2,0,1,5000000,Thực phẩm & Ăn uống,Referral,iOS
ZLP004748,2024-07-29,21.0,Male,Hồ Chí Minh,1,1,1,3000000,Thời trang,Campaign,Android
ZLP004749,2024-03-01,22.0,Female,Bình Dương,3,1,1,1000000,Điện & Nước,Campaign,iOS
ZLP004750,2023-12-18,28.0,Female,Bình Dương,3,0,1,2000000,Điện & Nước,Organic,Android
ZLP004751,2024-03-31,34.0,Female,Đồng Nai,3,1,1,2000000,Chăm sóc sức khỏe,Campaign,Android
ZLP004752,2024-05-30,26.0,Male,Hồ Chí Minh,1,1,1,3000000,Điện & Nước,Unknown,iOS
ZLP004753,2023-12-18,26.0,Male,Cần Thơ,2,1,1,1000000,Điện & Nước,Organic,iOS
ZLP004754,2024-01-01,25.0,Female,Hà Nội,1,1,1,1000000,Thực phẩm & Ăn uống,Organic,iOS
ZLP004755,2024-03-31,24.0,Male,Đồng Nai,3,1,1,3000000,Điện & Nước,Campaign,Android
ZLP004756,2024-07-29,29.0,Male,Hồ Chí Minh,1,1,1,2000000,Viễn thông,Campaign,iOS
ZLP004757,2024-06-29,19.0,Female,Bình Dương,3,0,1,500000,Thực phẩm & Ăn uống,Organic,Android
ZLP004758,2023-01-01,35.0,Male,Hà Nội,1,1,1,3000000,Thực phẩm & Ăn uống,Campaign,Android
ZLP004759,2023-10-03,24.0,Male,Hồ Chí Minh,1,0,1,2000000,Viễn thông,Social,Android
ZLP004760,2024-07-29,32.0,Male,Cần Thơ,2,1,1,2000000,Thực phẩm & Ăn uống,Social,Android
ZLP004761,2024-06-29,20.0,Male,Hồ Chí Minh,1,1,1,2000000,Thực phẩm & Ăn uống,Campaign,Android
ZLP004762,2023-12-18,32.0,Male,Cần Thơ,2,0,1,2000000,Điện & Nước,Campaign,Android
ZLP004763,2024-03-01,32.0,Male,An Giang,3,0,0,2000000,Chăm sóc sức khỏe,Social,Android
ZLP004764,2024-08-28,30.0,Male,Nghệ An,3,1,1,3000000,Viễn thông,Unknown,iOS
ZLP004765,2024-08-28,27.0,Female,Hồ Chí Minh,1,1,0,2000000,Thời trang,Campaign,iOS
ZLP004766,2024-05-30,29.0,Female,Đồng Nai,3,1,1,2000000,Thời trang,Social,iOS
ZLP004767,2023-11-02,20.0,Male,Hồ Chí Minh,1,1,1,2000000,Viễn thông,Campaign,Android
ZLP004768,2024-04-30,26.0,Female,An Giang,3,0,1,2000000,Điện & Nước,Organic,Android
ZLP004769,2023-07-05,34.0,Female,Đồng Nai,3,1,1,1000000,Chăm sóc sức khỏe,Referral,Android
ZLP004770,2024-08-28,32.0,Male,Hồ Chí Minh,1,1,1,1000000,Thực phẩm & Ăn uống,Campaign,Android
ZLP004771,2023-10-03,28.0,Male,Hà Nội,1,1,1,2000000,Thực phẩm & Ăn uống,Unknown,Android
ZLP004772,2024-03-31,22.0,Female,Hồ Chí Minh,1,1,1,2000000,Điện tử,Organic,Android
ZLP004773,2024-03-01,31.0,Female,Đồng Nai,3,1,1,2000000,Điện & Nước,Social,iOS
ZLP004774,2024-05-30,28.0,Female,Hà Nội,1,1,1,3000000,Điện tử,Social,Android
ZLP004775,2024-01-31,18.0,Male,Bình Dương,3,0,1,500000,Thực phẩm & Ăn uống,Organic,iOS
ZLP004776,2023-04-06,32.0,Male,Cần Thơ,2,1,1,2000000,Thời trang,Referral,Unknown
ZLP004777,2024-04-30,27.0,Female,Thanh Hóa,3,1,1,2000000,Điện tử,Organic,iOS
ZLP004778,2023-12-18,35.0,Male,Nghệ An,3,1,1,1000000,Thời trang,Referral,iOS
ZLP004779,2023-12-02,21.0,Female,Hà Nội,1,1,1,1000000,Điện & Nước,Unknown,Android
ZLP004780,2024-11-26,18.0,Female,Bình Dương,3,1,1,1000000,Điện tử,Organic,Android
ZLP004781,2024-03-01,29.0,Female,Đồng Nai,3,1,1,1000000,Chăm sóc sức khỏe,Campaign,iOS
ZLP004782,2024-04-30,29.0,Female,An Giang,3,0,1,2000000,Thực phẩm & Ăn uống,Social,Android
ZLP004783,2024-01-15,18.0,Female,Hồ Chí Minh,1,1,1,2000000,Thực phẩm & Ăn uống,Referral,Android
ZLP004784,2024-05-30,22.0,Female,Hà Nội,1,1,1,2000000,Viễn thông,Campaign,Android
ZLP004785,2024-05-30,44.0,Female,Hà Nội,1,1,1,2000000,Thời trang,Social,Android
ZLP004786,2024-03-31,26.0,Male,Hà Nội,1,1,1,3000000,Du lịch & Vận chuyển,Unknown,iOS
ZLP004787,2024-11-26,32.0,Female,Hồ Chí Minh,1,1,1,2000000,Điện tử,Unknown,iOS
ZLP004788,2024-01-01,24.0,Male,Hà Nội,1,1,1,1000000,Chăm sóc sức khỏe,Organic,iOS
ZLP004789,2024-04-30,18.0,Male,Cần Thơ,2,1,1,1000000,Chăm sóc sức khỏe,Campaign,iOS
ZLP004790,2024-06-29,26.0,Male,Hà Nội,1,1,1,500000,Viễn thông,Referral,Android
ZLP004791,2023-12-18,26.0,Male,Cần Thơ,2,1,1,5000000,Thực phẩm & Ăn uống,Organic,iOS
ZLP004792,2024-01-01,25.0,Female,Hồ Chí Minh,1,1,1,3000000,Thực phẩm & Ăn uống,Unknown,Android
ZLP004793,2024-11-26,27.0,Female,Hải Phòng,2,1,1,500000,Thời trang,Organic,iOS
ZLP004794,2023-04-06,29.0,Male,Nghệ An,3,1,1,2000000,Điện & Nước,Organic,iOS
ZLP004795,2023-12-02,27.0,Male,Cần Thơ,2,1,1,5000000,Thời trang,Referral,Android
ZLP004796,2024-01-15,20.0,Female,Hải Phòng,2,1,1,3000000,Điện & Nước,Organic,iOS
ZLP004797,2023-01-01,30.0,Female,Hồ Chí Minh,1,1,1,2000000,Chăm sóc sức khỏe,Referral,iOS
ZLP004798,2024-08-28,18.0,Female,Đồng Nai,3,1,0,1000000,Giải trí,Unknown,iOS
ZLP004799,2023-12-02,18.0,Male,Hồ Chí Minh,1,1,1,1000000,Viễn thông,Unknown,Android
ZLP004800,2023-11-02,32.0,Female,Hà Nội,1,1,1,3000000,Thực phẩm & Ăn uống,Campaign,Android
ZLP004801,2024-06-29,31.0,Female,Hà Nội,1,1,1,3000000,Chăm sóc sức khỏe,Organic,iOS
ZLP004802,2023-12-02,27.0,Male,Đà Nẵng,2,1,1,2000000,Viễn thông,Social,Android
ZLP004803,2024-03-31,19.0,Male,Hà Nội,1,1,1,1000000,Điện & Nước,Campaign,iOS
ZLP004804,2024-06-29,23.0,Male,Cần Thơ,2,1,1,5000000,Điện tử,Referral,Android
ZLP004805,2024-06-29,26.0,Male,Hà Nội,1,1,1,3000000,Điện tử,Unknown,iOS
ZLP004806,2024-05-30,18.0,Female,Hải Phòng,2,1,1,1000000,Thời trang,Campaign,Android
ZLP004807,2023-07-05,23.0,Female,Cần Thơ,2,1,1,500000,Giải trí,Social,Android
ZLP004808,2023-07-05,31.0,Male,Hồ Chí Minh,1,1,1,2000000,Giải trí,Campaign,Android
ZLP004809,2023-12-02,36.0,Male,Hà Nội,1,1,1,1000000,Chăm sóc sức khỏe,Referral,Android
ZLP004810,2023-04-06,25.0,Male,Hải Phòng,2,1,1,1000000,Viễn thông,Organic,iOS
ZLP004811,2024-01-15,32.0,Female,Hà Nội,1,1,0,500000,Viễn thông,Unknown,iOS
ZLP004812,2023-12-18,18.0,Male,Đà Nẵng,2,1,1,5000000,Chăm sóc sức khỏe,Organic,iOS
ZLP004813,2024-01-31,31.0,Female,Cần Thơ,2,1,1,3000000,Điện tử,Campaign,Android
ZLP004814,2023-12-02,23.0,Male,Hà Nội,1,1,1,1000000,Thực phẩm & Ăn uống,Unknown,Android
ZLP004815,2024-01-15,29.0,Female,Hà Nội,1,1,1,3000000,Thực phẩm & Ăn uống,Unknown,iOS
ZLP004816,2023-12-02,27.0,Female,Hà Nội,1,1,1,2000000,Chăm sóc sức khỏe,Organic,Android
ZLP004817,2023-11-02,35.0,Female,Hồ Chí Minh,1,1,0,1000000,Điện & Nước,Referral,Android
ZLP004818,2024-03-31,22.0,Female,Hà Nội,1,1,0,3000000,Giải trí,Unknown,Android
ZLP004819,2024-03-31,31.0,Female,Hồ Chí Minh,1,1,1,2000000,Thời trang,Referral,Android
ZLP004820,2024-06-29,27.0,Male,Hà Nội,1,1,1,3000000,Chăm sóc sức khỏe,Organic,iOS
ZLP004821,2024-07-29,27.0,Female,Hà Nội,1,1,1,2000000,Thực phẩm & Ăn uống,Referral,iOS
ZLP004822,2024-04-30,26.0,Female,Nghệ An,3,0,1,2000000,Thời trang,Campaign,Android
ZLP004823,2024-04-30,22.0,Female,Đà Nẵng,2,1,1,1000000,Điện tử,Unknown,Android
ZLP004824,2023-04-06,27.0,Male,Đồng Nai,3,1,1,2000000,Thực phẩm & Ăn uống,Referral,iOS
ZLP004825,2023-07-05,27.0,Female,Hồ Chí Minh,1,0,0,2000000,Thực phẩm & Ăn uống,Campaign,iOS
ZLP004826,2024-06-29,29.0,Female,Hồ Chí Minh,1,1,1,5000000,Thời trang,Unknown,Android
ZLP004827,2023-11-02,28.0,Male,Đồng Nai,3,1,1,2000000,Điện & Nước,Referral,Android
ZLP004828,2023-12-02,32.0,Male,Cần Thơ,2,1,0,1000000,Chăm sóc sức khỏe,Referral,Android
ZLP004829,2023-10-03,33.0,Male,Hồ Chí Minh,1,1,1,500000,Chăm sóc sức khỏe,Organic,iOS
ZLP004830,2023-11-02,21.0,Female,Hà Nội,1,1,1,3000000,Viễn thông,Organic,Android
ZLP004831,2024-05-30,33.0,Other,Đà Nẵng,2,1,1,1000000,Du lịch & Vận chuyển,Campaign,Android
ZLP004832,2023-11-02,20.0,Female,Hải Phòng,2,1,1,1000000,Điện tử,Campaign,iOS
ZLP004833,2024-01-01,31.0,Male,Hồ Chí Minh,1,1,1,3000000,Thực phẩm & Ăn uống,Campaign,Android
ZLP004834,2023-10-03,31.0,Male,Đà Nẵng,2,1,1,5000000,Thực phẩm & Ăn uống,Unknown,Android
ZLP004835,2024-03-31,18.0,Male,Bình Dương,3,1,1,3000000,Thực phẩm & Ăn uống,Unknown,Android
ZLP004836,2024-04-30,28.0,Female,Thanh Hóa,3,1,1,1000000,Thời trang,Organic,iOS
ZLP004837,2023-12-18,25.0,Female,Đồng Nai,3,1,0,2000000,Thực phẩm & Ăn uống,Unknown,Android
ZLP004838,2024-05-30,23.0,Male,Hồ Chí Minh,1,1,1,3000000,Thực phẩm & Ăn uống,Unknown,Android
ZLP004839,2023-11-02,36.0,Female,Bình Dương,3,1,1,5000000,Viễn thông,Referral,iOS
ZLP004840,2024-04-30,24.0,Female,Đồng Nai,3,1,1,5000000,Điện tử,Organic,Android
ZLP004841,2024-04-30,23.0,Male,Bình Dương,3,0,1,2000000,Thời trang,Organic,Android
ZLP004842,2024-11-26,28.0,Male,Đồng Nai,3,1,1,3000000,Giải trí,Unknown,Android
ZLP004843,2023-11-02,32.0,Other,An Giang,3,1,1,500000,Điện & Nước,Unknown,Android
ZLP004844,2023-07-05,27.0,Male,Hồ Chí Minh,1,0,1,1000000,Điện & Nước,Unknown,Android
ZLP004845,2023-11-02,34.0,Female,Hồ Chí Minh,1,0,1,1000000,Thực phẩm & Ăn uống,Unknown,Android
ZLP004846,2023-10-03,31.0,Male,Đồng Nai,3,1,1,5000000,Điện & Nước,Organic,iOS
ZLP004847,2023-10-03,18.0,Female,Hồ Chí Minh,1,1,1,500000,Thời trang,Campaign,Android
ZLP004848,2023-12-02,24.0,Female,Hồ Chí Minh,1,1,1,1000000,Viễn thông,Social,Android
ZLP004849,2023-12-18,24.0,Female,Hà Nội,1,1,1,5000000,Thực phẩm & Ăn uống,Campaign,Android
ZLP004850,2024-08-28,30.0,Female,Đồng Nai,3,1,1,1000000,Thời trang,Campaign,Android
ZLP004851,2023-11-02,18.0,Female,Hồ Chí Minh,1,1,1,1000000,Thực phẩm & Ăn uống,Organic,iOS
ZLP004852,2024-11-26,43.0,Female,Cần Thơ,2,1,0,3000000,Viễn thông,Organic,Android
ZLP004853,2024-06-29,31.0,Male,Hồ Chí Minh,1,1,1,3000000,Chăm sóc sức khỏe,Unknown,iOS
ZLP004854,2024-08-28,28.0,Male,Hồ Chí Minh,1,1,1,2000000,Chăm sóc sức khỏe,Organic,Android
ZLP004855,2024-09-27,35.0,Female,Hà Nội,1,0,1,5000000,Viễn thông,Campaign,Android
ZLP004856,2024-05-30,42.0,Female,Hồ Chí Minh,1,1,1,1000000,Chăm sóc sức khỏe,Unknown,Android
ZLP004857,2024-06-29,33.0,Male,Hải Phòng,2,1,1,5000000,Thực phẩm & Ăn uống,Campaign,Android
ZLP004858,2024-01-01,33.0,Male,Hải Phòng,2,1,1,3000000,Thực phẩm & Ăn uống,Social,iOS
ZLP004859,2024-01-15,28.0,Female,Bình Dương,3,1,1,1000000,Viễn thông,Social,iOS
ZLP004860,2024-09-27,27.0,Male,Hồ Chí Minh,1,1,1,3000000,Thời trang,Organic,Android
ZLP004861,2023-12-18,25.0,Female,Đà Nẵng,2,1,1,1000000,Điện & Nước,Organic,Android
ZLP004862,2023-04-06,23.0,Female,Hồ Chí Minh,1,1,1,1000000,Thời trang,Campaign,Android
ZLP004863,2024-05-30,23.0,Female,Hà Nội,1,1,1,5000000,Giải trí,Referral,Android
ZLP004864,2024-01-31,19.0,Male,Đà Nẵng,2,1,1,500000,Điện tử,Campaign,Android
ZLP004865,2024-06-29,27.0,Male,Bình Dương,3,1,1,500000,Du lịch & Vận chuyển,Campaign,Android
ZLP004866,2023-07-05,27.0,Male,Hồ Chí Minh,1,1,1,2000000,Thực phẩm & Ăn uống,Organic,iOS
ZLP004867,2024-03-01,29.0,Male,Hà Nội,1,1,1,1000000,Điện & Nước,Campaign,Android
ZLP004868,2023-11-02,27.0,Female,An Giang,3,1,1,3000000,Viễn thông,Unknown,Android
ZLP004869,2024-08-28,28.0,Female,Hồ Chí Minh,1,1,1,5000000,Điện & Nước,Campaign,iOS
ZLP004870,2023-07-05,24.0,Male,Nghệ An,3,1,1,2000000,Thực phẩm & Ăn uống,Referral,Android
ZLP004871,2024-07-29,46.0,Male,Hồ Chí Minh,3,1,1,2000000,Thời trang,Organic,Android
ZLP004872,2023-07-05,36.0,Male,Đà Nẵng,2,1,1,2000000,Thực phẩm & Ăn uống,Organic,Android
ZLP004873,2023-01-01,20.0,Other,Hà Nội,1,1,0,1000000,Thời trang,Campaign,Android
ZLP004874,2023-11-02,29.0,Male,Đồng Nai,3,1,1,1000000,Viễn thông,Referral,iOS
ZLP004875,2023-12-02,24.0,Female,Hồ Chí Minh,1,1,1,1000000,Điện & Nước,Campaign,iOS
ZLP004876,2024-03-01,21.0,Female,Hồ Chí Minh,1,0,1,2000000,Thực phẩm & Ăn uống,Organic,Android
ZLP004877,2023-10-03,19.0,Female,Đồng Nai,3,1,1,2000000,Thời trang,Referral,iOS
ZLP004878,2024-01-01,30.0,Female,Hà Nội,1,1,1,5000000,Giải trí,Organic,Unknown
ZLP004879,2023-11-02,23.0,Male,Hồ Chí Minh,1,1,1,3000000,Thực phẩm & Ăn uống,Referral,Android
ZLP004880,2024-07-29,33.0,Female,Cần Thơ,2,0,1,3000000,Điện tử,Unknown,iOS
ZLP004881,2023-04-06,33.0,Male,Bình Dương,3,1,1,1000000,Chăm sóc sức khỏe,Campaign,Android
ZLP004882,2023-12-02,36.0,Female,Hồ Chí Minh,1,1,1,3000000,Thực phẩm & Ăn uống,Organic,Android
ZLP004883,2024-03-01,22.0,Male,Hồ Chí Minh,1,1,1,5000000,Du lịch & Vận chuyển,Social,iOS
ZLP004884,2024-08-28,30.0,Female,Hồ Chí Minh,1,1,1,5000000,Thực phẩm & Ăn uống,Campaign,Android
ZLP004885,2024-07-29,31.0,Male,Hà Nội,1,1,1,500000,Giải trí,Unknown,iOS
ZLP004886,2024-08-28,25.0,Female,Đồng Nai,3,1,1,2000000,Điện & Nước,Referral,Android
ZLP004887,2023-04-06,23.0,Male,Bình Dương,3,1,1,2000000,Thời trang,Campaign,iOS
ZLP004888,2024-07-29,37.0,Female,Cần Thơ,2,1,1,1000000,Chăm sóc sức khỏe,Referral,Android
ZLP004889,2024-05-30,29.0,Female,Hồ Chí Minh,1,1,1,5000000,Viễn thông,Organic,Android
ZLP004890,2024-08-28,31.0,Male,Hồ Chí Minh,1,0,1,1000000,Điện & Nước,Campaign,Android
ZLP004891,2023-12-02,23.0,Female,Hồ Chí Minh,1,1,1,1000000,Điện & Nước,Referral,Android
ZLP004892,2024-08-28,20.0,Female,Hồ Chí Minh,1,1,1,2000000,Điện & Nước,Referral,iOS
ZLP004893,2023-12-18,24.0,Male,Hồ Chí Minh,1,1,0,1000000,Thời trang,Referral,iOS
ZLP004894,2024-03-31,27.0,Female,Hà Nội,1,1,1,5000000,Chăm sóc sức khỏe,Referral,Android
ZLP004895,2023-12-18,21.0,Female,Hồ Chí Minh,1,1,1,2000000,Điện & Nước,Organic,Android
ZLP004896,2023-12-18,27.0,Female,Bình Dương,3,1,1,2000000,Điện & Nước,Unknown,Android
ZLP004897,2024-01-31,18.0,Male,Đồng Nai,3,1,1,2000000,Điện & Nước,Organic,Android
ZLP004898,2023-12-02,21.0,Female,Đà Nẵng,2,1,1,500000,Viễn thông,Social,iOS
ZLP004899,2024-06-29,32.0,Female,Hồ Chí Minh,1,1,1,3000000,Du lịch & Vận chuyển,Organic,Android
ZLP004900,2024-03-31,31.0,Male,An Giang,3,1,1,3000000,Viễn thông,Organic,iOS
ZLP004901,2024-04-30,25.0,Female,Nghệ An,3,1,1,2000000,Thực phẩm & Ăn uống,Organic,Android
ZLP004902,2023-11-02,21.0,Male,Hồ Chí Minh,1,1,1,5000000,Điện & Nước,Referral,iOS
ZLP004903,2024-11-26,21.0,Female,Bình Dương,3,1,1,2000000,Điện & Nước,Campaign,Android
ZLP004904,2024-03-31,25.0,Female,Hải Phòng,2,1,1,2000000,Viễn thông,Organic,iOS
ZLP004905,2023-11-02,31.0,Female,Đà Nẵng,2,0,1,5000000,Viễn thông,Campaign,Android
ZLP004906,2024-05-30,33.0,Female,Hà Nội,1,1,0,2000000,Điện & Nước,Referral,iOS
ZLP004907,2023-10-03,25.0,Male,Hà Nội,1,1,1,2000000,Chăm sóc sức khỏe,Social,Android
ZLP004908,2023-04-06,21.0,Male,Đà Nẵng,2,1,1,500000,Thực phẩm & Ăn uống,Organic,iOS
ZLP004909,2024-01-15,29.0,Male,Hà Nội,1,0,1,3000000,Thời trang,Referral,iOS
ZLP004910,2024-01-31,23.0,Female,An Giang,3,1,1,5000000,Thực phẩm & Ăn uống,Organic,iOS
ZLP004911,2023-10-03,24.0,Female,Bình Dương,3,1,0,2000000,Viễn thông,Referral,Android
ZLP004912,2023-12-02,35.0,Female,Hồ Chí Minh,1,1,1,1000000,Điện & Nước,Referral,iOS
ZLP004913,2024-09-27,32.0,Male,Đà Nẵng,2,1,1,2000000,Điện & Nước,Campaign,Android
ZLP004914,2023-12-02,28.0,Female,Bình Dương,3,1,1,3000000,Viễn thông,Organic,Android
ZLP004915,2023-10-03,20.0,Female,Hồ Chí Minh,1,1,1,500000,Chăm sóc sức khỏe,Social,Android
ZLP004916,2024-11-26,29.0,Female,Hà Nội,1,1,1,3000000,Viễn thông,Organic,iOS
ZLP004917,2023-12-02,34.0,Male,An Giang,3,1,1,3000000,Thực phẩm & Ăn uống,Social,Android
ZLP004918,2024-03-31,25.0,Female,Đà Nẵng,2,1,1,2000000,Thời trang,Unknown,Android
ZLP004919,2023-11-02,36.0,Male,Hồ Chí Minh,1,1,1,1000000,Thực phẩm & Ăn uống,Unknown,iOS
ZLP004920,2024-01-31,35.0,Male,Hồ Chí Minh,1,1,1,2000000,Điện tử,Referral,iOS
ZLP004921,2023-12-18,37.0,Male,Đà Nẵng,2,1,1,1000000,Viễn thông,Organic,iOS
ZLP004922,2024-11-26,29.0,Male,Đà Nẵng,2,1,1,2000000,Thực phẩm & Ăn uống,Unknown,Android
ZLP004923,2024-01-01,31.0,Male,Hà Nội,1,1,1,500000,Điện tử,Social,iOS
ZLP004924,2024-03-01,36.0,Male,Cần Thơ,2,1,1,2000000,Thực phẩm & Ăn uống,Campaign,Android
ZLP004925,2024-09-27,30.0,Male,Hồ Chí Minh,1,1,1,1000000,Giải trí,Referral,Android
ZLP004926,2024-11-26,24.0,Female,Hồ Chí Minh,1,1,1,3000000,Thời trang,Referral,Android
ZLP004927,2023-07-05,25.0,Male,Đà Nẵng,2,1,1,3000000,Điện tử,Unknown,Android
ZLP004928,2024-06-29,29.0,Female,Hồ Chí Minh,1,1,1,5000000,Thực phẩm & Ăn uống,Organic,Android
ZLP004929,2023-12-18,20.0,Male,Hải Phòng,2,1,0,1000000,Chăm sóc sức khỏe,Campaign,Android
ZLP004930,2024-03-01,27.0,Female,Hồ Chí Minh,1,1,1,500000,Thực phẩm & Ăn uống,Social,iOS
ZLP004931,2023-12-18,34.0,Female,Cần Thơ,2,1,0,2000000,Giải trí,Social,iOS
ZLP004932,2023-12-18,27.0,Male,Hà Nội,1,1,1,500000,Viễn thông,Campaign,iOS
ZLP004933,2023-10-03,37.0,Female,Hà Nội,1,1,1,1000000,Chăm sóc sức khỏe,Campaign,iOS
ZLP004934,2024-01-31,34.0,Male,Đồng Nai,3,1,1,2000000,Thời trang,Unknown,iOS
ZLP004935,2024-01-31,25.0,Female,Hà Nội,1,1,1,2000000,Chăm sóc sức khỏe,Campaign,Android
ZLP004936,2023-10-03,31.0,Female,Bình Dương,3,0,1,500000,Điện & Nước,Social,Android
ZLP004937,2024-01-31,28.0,Male,Đà Nẵng,2,1,1,2000000,Viễn thông,Campaign,Android
ZLP004938,2024-11-26,35.0,Male,Đà Nẵng,2,0,0,2000000,Chăm sóc sức khỏe,Campaign,Android
ZLP004939,2024-04-30,33.0,Male,Đồng Nai,3,0,1,1000000,Viễn thông,Unknown,Android
ZLP004940,2024-01-15,19.0,Male,Cần Thơ,2,1,1,3000000,Điện tử,Social,iOS
ZLP004941,2024-08-28,31.0,Female,Cần Thơ,2,1,1,1000000,Giải trí,Unknown,iOS
ZLP004942,2024-01-31,26.0,Male,Đồng Nai,3,1,1,1000000,Điện & Nước,Organic,iOS
ZLP004943,2023-10-03,28.0,Male,Nghệ An,3,1,1,1000000,Thực phẩm & Ăn uống,Unknown,Android
ZLP004944,2024-01-31,23.0,Male,Hà Nội,1,0,1,1000000,Điện & Nước,Campaign,Android
ZLP004945,2023-10-03,38.0,Male,Đà Nẵng,2,1,1,3000000,Điện & Nước,Organic,iOS
ZLP004946,2024-05-30,34.0,Male,Hồ Chí Minh,1,1,1,1000000,Thời trang,Social,iOS
ZLP004947,2024-11-26,23.0,Female,Hà Nội,1,1,1,3000000,Viễn thông,Unknown,Android
ZLP004948,2023-12-18,19.0,Male,Hà Nội,1,1,1,2000000,Thực phẩm & Ăn uống,Social,Android
ZLP004949,2024-01-01,25.0,Female,Hải Phòng,2,1,1,2000000,Giải trí,Organic,iOS
ZLP004950,2023-12-18,30.0,Male,Đà Nẵng,2,1,1,5000000,Thực phẩm & Ăn uống,Referral,Android
ZLP004951,2023-12-02,29.0,Male,Bình Dương,3,1,1,3000000,Du lịch & Vận chuyển,Campaign,iOS
ZLP004952,2024-06-29,35.0,Female,Hồ Chí Minh,1,1,1,500000,Thực phẩm & Ăn uống,Organic,Android
ZLP004953,2024-03-01,32.0,Male,Hà Nội,1,1,1,3000000,Viễn thông,Organic,Android
ZLP004954,2023-04-06,33.0,Male,An Giang,3,1,1,2000000,Thực phẩm & Ăn uống,Campaign,Android
ZLP004955,2024-07-29,29.0,Female,Hồ Chí Minh,1,1,1,1000000,Điện & Nước,Campaign,Android
ZLP004956,2023-10-03,19.0,Female,Hồ Chí Minh,1,1,0,2000000,Điện tử,Organic,Android
ZLP004957,2024-11-26,26.0,Male,Hà Nội,1,1,1,5000000,Thực phẩm & Ăn uống,Unknown,iOS
ZLP004958,2023-12-18,34.0,Female,Bình Dương,3,1,1,500000,Thời trang,Campaign,Android
ZLP004959,2024-03-01,27.0,Female,Hà Nội,1,1,1,3000000,Viễn thông,Social,iOS
ZLP004960,2023-07-05,31.0,Male,Hà Nội,1,1,1,1000000,Điện tử,Unknown,Android
ZLP004961,2023-12-02,26.0,Male,Cần Thơ,2,0,1,2000000,Điện & Nước,Campaign,Android
ZLP004962,2024-06-29,21.0,Male,Hồ Chí Minh,1,1,1,3000000,Điện tử,Campaign,Android
ZLP004963,2024-01-01,27.0,Male,Bình Dương,3,1,1,2000000,Điện & Nước,Unknown,Android
ZLP004964,2024-08-28,29.0,Female,Hồ Chí Minh,1,1,1,500000,Thực phẩm & Ăn uống,Unknown,Android
ZLP004965,2024-01-31,24.0,Female,Hà Nội,1,1,1,2000000,Thời trang,Organic,Android
ZLP004966,2024-09-27,26.0,Female,Cần Thơ,2,1,1,3000000,Chăm sóc sức khỏe,Campaign,Android
ZLP004967,2024-11-26,22.0,Male,Đồng Nai,3,1,1,2000000,Chăm sóc sức khỏe,Social,Android
ZLP004968,2024-01-01,34.0,Male,Đồng Nai,3,1,1,1000000,Thực phẩm & Ăn uống,Social,Android
ZLP004969,2024-01-31,26.0,Female,Bình Dương,3,1,1,2000000,Du lịch & Vận chuyển,Referral,iOS
ZLP004970,2024-06-29,36.0,Female,Hà Nội,1,1,1,5000000,Thực phẩm & Ăn uống,Campaign,Android
ZLP004971,2023-11-02,37.0,Female,Hồ Chí Minh,1,1,1,2000000,Thực phẩm & Ăn uống,Unknown,iOS
ZLP004972,2024-07-29,27.0,Female,Hồ Chí Minh,1,1,1,3000000,Điện tử,Social,iOS
ZLP004973,2024-03-01,21.0,Female,Hải Phòng,2,1,1,3000000,Du lịch & Vận chuyển,Organic,iOS
ZLP004974,2024-04-30,18.0,Male,Hải Phòng,2,1,1,500000,Thời trang,Campaign,Android
ZLP004975,2023-07-05,19.0,Male,Nghệ An,3,1,1,2000000,Giải trí,Campaign,iOS
ZLP004976,2024-05-30,19.0,Female,Hồ Chí Minh,1,1,1,1000000,Viễn thông,Social,Android
ZLP004977,2023-12-02,36.0,Female,Đà Nẵng,2,1,1,1000000,Du lịch & Vận chuyển,Campaign,Android
ZLP004978,2024-06-29,28.0,Female,Cần Thơ,2,1,1,1000000,Viễn thông,Campaign,Android
ZLP004979,2024-01-15,30.0,Male,Bình Dương,3,1,1,3000000,Thực phẩm & Ăn uống,Organic,iOS
ZLP004980,2023-11-02,18.0,Female,Cần Thơ,2,1,1,1000000,Chăm sóc sức khỏe,Unknown,iOS
ZLP004981,2024-09-27,20.0,Female,Đồng Nai,3,1,1,1000000,Chăm sóc sức khỏe,Social,iOS
ZLP004982,2024-05-30,33.0,Male,Hà Nội,1,1,1,1000000,Viễn thông,Unknown,Android
ZLP004983,2024-11-26,29.0,Female,Hồ Chí Minh,1,1,1,500000,Giải trí,Organic,iOS
ZLP004984,2023-12-18,27.0,Female,Hồ Chí Minh,1,1,1,2000000,Điện & Nước,Campaign,iOS
ZLP004985,2024-03-31,31.0,Male,Hồ Chí Minh,1,1,1,3000000,Điện & Nước,Organic,iOS
ZLP004986,2024-03-01,37.0,Male,Hà Nội,1,1,1,500000,Chăm sóc sức khỏe,Referral,iOS
ZLP004987,2024-04-30,26.0,Female,Hồ Chí Minh,1,1,1,1000000,Chăm sóc sức khỏe,Campaign,iOS
ZLP004988,2023-04-06,28.0,Male,Hà Nội,1,0,1,3000000,Điện tử,Social,iOS
ZLP004989,2023-12-02,29.0,Female,Cần Thơ,2,1,1,2000000,Chăm sóc sức khỏe,Organic,iOS
ZLP004990,2024-08-28,42.0,Male,An Giang,3,0,1,3000000,Điện & Nước,Campaign,Android
ZLP004991,2023-12-18,18.0,Male,Hải Phòng,2,1,1,1000000,Điện & Nước,Organic,Android
ZLP004992,2024-11-26,27.0,Other,Hồ Chí Minh,1,1,1,3000000,Giải trí,Campaign,Android
ZLP004993,2023-11-02,27.0,Female,Hồ Chí Minh,1,1,0,2000000,Thời trang,Referral,iOS
ZLP004994,2024-11-26,31.0,Male,Hồ Chí Minh,1,1,1,2000000,Du lịch & Vận chuyển,Campaign,Android
ZLP004995,2024-04-30,24.0,Female,Thanh Hóa,3,1,1,500000,Du lịch & Vận chuyển,Organic,Android
ZLP004996,2024-05-30,27.0,Male,Đà Nẵng,2,0,0,1000000,Điện tử,Organic,Android
ZLP004997,2023-12-18,32.0,Male,Hồ Chí Minh,1,1,1,3000000,Thời trang,Referral,Android
ZLP004998,2024-08-28,46.0,Male,Hải Phòng,2,1,1,1000000,Thực phẩm & Ăn uống,Social,iOS
ZLP004999,2024-01-31,32.0,Male,Hà Nội,1,1,1,500000,Điện & Nước,Referral,Android
ZLP005000,2024-03-31,22.0,Female,An Giang,3,1,1,2000000,Điện tử,Social,iOS
ZLP005001,2023-07-05,25.0,Female,Hồ Chí Minh,1,1,1,2000000,Chăm sóc sức khỏe,Unknown,Android
ZLP005002,2024-03-01,25.0,Other,Hà Nội,1,1,1,2000000,Thời trang,Campaign,Android
ZLP005003,2024-08-28,18.0,Female,Đà Nẵng,2,1,1,2000000,Điện & Nước,Referral,Android
ZLP005004,2023-10-03,26.0,Male,An Giang,3,1,1,2000000,Điện & Nước,Campaign,Android
ZLP005005,2024-05-30,32.0,Female,Hải Phòng,2,1,0,2000000,Điện & Nước,Unknown,Android
ZLP005006,2023-01-01,20.0,Other,Đà Nẵng,2,1,1,5000000,Điện tử,Campaign,Android
ZLP005007,2024-09-27,34.0,Female,Hồ Chí Minh,1,1,0,2000000,Thời trang,Referral,Android
ZLP005008,2024-11-26,30.0,Female,Hà Nội,1,1,1,2000000,Thực phẩm & Ăn uống,Organic,Android
ZLP005009,2023-12-02,23.0,Female,Thanh Hóa,3,1,1,1000000,Thời trang,Campaign,Android
ZLP005010,2023-07-05,27.0,Male,Cần Thơ,2,1,1,3000000,Viễn thông,Referral,iOS
ZLP005011,2024-03-31,37.0,Female,Đồng Nai,3,0,1,500000,Chăm sóc sức khỏe,Organic,Android
ZLP005012,2023-01-01,32.0,Female,Hà Nội,1,1,1,2000000,Viễn thông,Organic,Android
ZLP005013,2024-01-15,28.0,Female,Đà Nẵng,2,1,1,2000000,Thời trang,Referral,Android
ZLP005014,2023-11-02,26.0,Male,Hà Nội,1,1,1,2000000,Thực phẩm & Ăn uống,Campaign,iOS
ZLP005015,2024-01-01,28.0,Female,Bình Dương,3,1,1,1000000,Điện & Nước,Campaign,Android
ZLP005016,2023-01-01,24.0,Female,Hải Phòng,2,1,1,3000000,Viễn thông,Campaign,iOS
ZLP005017,2023-04-06,18.0,Male,Đà Nẵng,2,1,1,500000,Giải trí,Organic,iOS
ZLP005018,2023-01-01,40.0,Female,Hà Nội,1,1,1,2000000,Viễn thông,Organic,Android
ZLP005019,2024-03-01,28.0,Male,Hà Nội,1,1,0,3000000,Điện & Nước,Unknown,Android
ZLP005020,2024-01-31,30.0,Male,Hồ Chí Minh,1,1,1,1000000,Viễn thông,Campaign,iOS
ZLP005021,2023-11-02,27.0,Male,Nghệ An,3,0,1,500000,Du lịch & Vận chuyển,Organic,Android
ZLP005022,2024-03-31,23.0,Female,Hà Nội,1,1,1,2000000,Viễn thông,Organic,iOS
ZLP005023,2024-08-28,26.0,Male,Đồng Nai,3,1,1,5000000,Thực phẩm & Ăn uống,Organic,Android
ZLP005024,2023-12-02,18.0,Female,Bình Dương,3,0,1,500000,Viễn thông,Campaign,iOS
ZLP005025,2024-06-29,41.0,Male,Đồng Nai,3,1,1,500000,Giải trí,Campaign,Android
ZLP005026,2024-03-31,20.0,Male,Nghệ An,3,1,1,2000000,Giải trí,Campaign,Android
ZLP005027,2023-04-06,21.0,Male,Cần Thơ,2,1,1,1000000,Thực phẩm & Ăn uống,Referral,Unknown
ZLP005028,2023-12-18,25.0,Male,An Giang,3,1,0,2000000,Chăm sóc sức khỏe,Referral,iOS
ZLP005029,2024-01-15,35.0,Female,Hồ Chí Minh,1,1,1,3000000,Viễn thông,Unknown,iOS
ZLP005030,2024-04-30,28.0,Female,Cần Thơ,2,1,1,1000000,Thực phẩm & Ăn uống,Social,iOS
ZLP005031,2023-12-02,27.0,Male,Đồng Nai,3,1,1,3000000,Điện tử,Social,Android
ZLP005032,2024-11-26,35.0,Male,Hồ Chí Minh,1,1,1,2000000,Viễn thông,Referral,Android
ZLP005033,2024-04-30,32.0,Female,Bình Dương,3,1,1,5000000,Viễn thông,Organic,iOS
ZLP005034,2023-12-18,31.0,Male,Đồng Nai,3,1,0,5000000,Du lịch & Vận chuyển,Campaign,Android
ZLP005035,2023-07-05,32.0,Female,Hải Phòng,2,1,1,2000000,Viễn thông,Unknown,Android
ZLP005036,2023-10-03,42.0,Female,Hà Nội,1,1,1,2000000,Điện & Nước,Organic,Android
ZLP005037,2024-01-15,41.0,Male,Bình Dương,3,1,0,3000000,Điện tử,Organic,iOS
ZLP005038,2024-01-15,23.0,Male,Hà Nội,1,1,1,1000000,Viễn thông,Unknown,Android
ZLP005039,2024-05-30,37.0,Female,Bình Dương,3,1,1,1000000,Thực phẩm & Ăn uống,Referral,iOS
ZLP005040,2024-04-30,30.0,Male,Hà Nội,1,1,1,5000000,Điện & Nước,Organic,Android
ZLP005041,2023-11-02,30.0,Male,Đà Nẵng,2,1,1,2000000,Điện & Nước,Campaign,iOS
ZLP005042,2024-03-01,18.0,Male,Hà Nội,1,1,1,500000,Thực phẩm & Ăn uống,Organic,Android
ZLP005043,2023-01-01,26.0,Female,Hồ Chí Minh,1,1,1,3000000,Thực phẩm & Ăn uống,Organic,iOS
ZLP005044,2023-12-18,23.0,Female,Hồ Chí Minh,1,1,1,2000000,Thực phẩm & Ăn uống,Campaign,Android
ZLP005045,2024-05-30,32.0,Male,Hồ Chí Minh,1,1,1,1000000,Giải trí,Referral,Android
ZLP005046,2023-12-18,34.0,Female,Cần Thơ,2,1,1,500000,Thực phẩm & Ăn uống,Unknown,Android
ZLP005047,2024-06-29,18.0,Male,Hồ Chí Minh,2,1,1,1000000,Thời trang,Social,iOS
ZLP005048,2024-11-26,27.0,Female,Hồ Chí Minh,1,0,1,5000000,Điện & Nước,Organic,iOS
ZLP005049,2024-03-01,34.0,Male,Hồ Chí Minh,1,0,1,5000000,Du lịch & Vận chuyển,Campaign,Android
ZLP005050,2023-10-03,26.0,Female,Hà Nội,1,1,0,1000000,Chăm sóc sức khỏe,Campaign,iOS
ZLP005051,2023-12-18,32.0,Female,Bình Dương,3,1,0,3000000,Thực phẩm & Ăn uống,Organic,iOS
ZLP005052,2023-01-01,30.0,Male,Hồ Chí Minh,1,1,1,2000000,Viễn thông,Social,Android
ZLP005053,2024-03-01,27.0,Male,Hồ Chí Minh,1,1,1,2000000,Thực phẩm & Ăn uống,Organic,iOS
ZLP005054,2024-06-29,26.0,Male,Hồ Chí Minh,1,1,1,1000000,Viễn thông,Organic,Android
ZLP005055,2024-03-01,20.0,Male,Hà Nội,1,1,1,2000000,Giải trí,Campaign,Android
ZLP005056,2024-06-29,21.0,Male,Hồ Chí Minh,1,1,1,1000000,Thực phẩm & Ăn uống,Organic,Android
ZLP005057,2024-06-29,32.0,Female,Hà Nội,1,1,1,500000,Thực phẩm & Ăn uống,Referral,Android
ZLP005058,2024-07-29,28.0,Female,Bình Dương,3,1,1,1000000,Điện & Nước,Unknown,Android
ZLP005059,2023-11-02,27.0,Male,Cần Thơ,2,1,1,1000000,Viễn thông,Referral,Android
ZLP005060,2024-07-29,25.0,Female,Hồ Chí Minh,1,1,1,5000000,Điện tử,Social,iOS
ZLP005061,2024-03-31,26.0,Female,Cần Thơ,2,1,1,5000000,Thời trang,Campaign,iOS
ZLP005062,2023-12-02,34.0,Female,Hà Nội,1,1,1,3000000,Thực phẩm & Ăn uống,Unknown,iOS
ZLP005063,2024-11-26,25.0,Male,Nghệ An,3,1,1,1000000,Viễn thông,Campaign,Android
ZLP005064,2024-09-27,19.0,Male,Hà Nội,1,0,1,2000000,Viễn thông,Referral,Android
ZLP005065,2024-01-31,32.0,Female,Bình Dương,3,1,1,2000000,Điện & Nước,Campaign,iOS
ZLP005066,2024-07-29,26.0,Male,Bình Dương,3,1,1,2000000,Giải trí,Unknown,Android
ZLP005067,2023-11-02,28.0,Female,Hồ Chí Minh,1,1,1,500000,Điện tử,Organic,Android
ZLP005068,2023-12-18,37.0,Female,An Giang,3,1,1,2000000,Du lịch & Vận chuyển,Referral,iOS
ZLP005069,2023-10-03,27.0,Male,Hà Nội,1,1,1,500000,Thực phẩm & Ăn uống,Unknown,iOS
ZLP005070,2024-01-15,29.0,Female,Cần Thơ,2,1,1,3000000,Chăm sóc sức khỏe,Organic,iOS
ZLP005071,2024-01-15,20.0,Female,Hồ Chí Minh,1,1,1,2000000,Viễn thông,Referral,Android
ZLP005072,2023-11-02,26.0,Female,Hồ Chí Minh,1,1,1,1000000,Thực phẩm & Ăn uống,Social,Android
ZLP005073,2024-03-31,31.0,Female,Đà Nẵng,2,1,1,2000000,Viễn thông,Organic,Android
ZLP005074,2023-07-05,27.0,Female,Hà Nội,1,1,0,1000000,Chăm sóc sức khỏe,Campaign,iOS
ZLP005075,2023-04-06,27.0,Female,Hà Nội,1,1,1,1000000,Thực phẩm & Ăn uống,Unknown,iOS
ZLP005076,2023-12-18,28.0,Female,Hà Nội,1,1,1,1000000,Thời trang,Campaign,Android
ZLP005077,2023-12-18,28.0,Female,Cần Thơ,2,1,1,3000000,Chăm sóc sức khỏe,Social,Android
ZLP005078,2023-12-02,34.0,Male,Hà Nội,1,0,1,1000000,Điện tử,Organic,iOS
ZLP005079,2023-11-02,30.0,Male,Hồ Chí Minh,1,1,1,2000000,Giải trí,Organic,Android
ZLP005080,2023-12-02,36.0,Male,Cần Thơ,2,1,1,1000000,Thực phẩm & Ăn uống,Organic,Android
ZLP005081,2023-10-03,22.0,Female,Hà Nội,1,1,1,1000000,Thực phẩm & Ăn uống,Unknown,Android
ZLP005082,2023-12-18,28.0,Female,Hà Nội,1,1,1,1000000,Thời trang,Organic,iOS
ZLP005083,2024-08-28,28.0,Other,Hồ Chí Minh,1,1,1,2000000,Thực phẩm & Ăn uống,Social,Android
ZLP005084,2023-11-02,21.0,Female,Hồ Chí Minh,1,1,1,2000000,Thực phẩm & Ăn uống,Campaign,Android
ZLP005085,2024-04-30,33.0,Male,Hồ Chí Minh,1,1,1,3000000,Thực phẩm & Ăn uống,Unknown,iOS
ZLP005086,2023-10-03,41.0,Male,Nghệ An,3,1,0,1000000,Chăm sóc sức khỏe,Organic,Android
ZLP005087,2023-12-02,27.0,Male,Hà Nội,1,1,1,500000,Thời trang,Campaign,Android
ZLP005088,2023-12-02,31.0,Male,Hồ Chí Minh,1,1,1,2000000,Thời trang,Organic,iOS
ZLP005089,2024-09-27,28.0,Female,Hồ Chí Minh,1,0,1,1000000,Viễn thông,Unknown,Unknown
ZLP005090,2023-12-18,23.0,Female,Hồ Chí Minh,1,1,1,1000000,Viễn thông,Social,Android
ZLP005091,2024-04-30,18.0,Male,Đà Nẵng,2,1,1,1000000,Thực phẩm & Ăn uống,Organic,Android
ZLP005092,2024-03-01,23.0,Female,Hồ Chí Minh,1,1,1,3000000,Thực phẩm & Ăn uống,Referral,Android
ZLP005093,2023-10-03,19.0,Female,Hà Nội,1,1,1,2000000,Điện & Nước,Campaign,Android
ZLP005094,2024-09-27,38.0,Male,Hà Nội,1,1,1,1000000,Du lịch & Vận chuyển,Unknown,Android
ZLP005095,2023-12-02,27.0,Male,Đồng Nai,3,1,1,2000000,Du lịch & Vận chuyển,Organic,Android
ZLP005096,2023-04-06,25.0,Male,Hà Nội,1,1,1,3000000,Điện tử,Campaign,Android
ZLP005097,2023-12-02,33.0,Male,Hà Nội,1,0,1,2000000,Viễn thông,Organic,iOS
ZLP005098,2023-12-02,21.0,Female,Bình Dương,3,1,0,1000000,Thực phẩm & Ăn uống,Referral,Android
ZLP005099,2023-07-05,23.0,Male,Hồ Chí Minh,1,1,1,2000000,Điện tử,Organic,iOS
ZLP005100,2024-03-01,28.0,Male,Đồng Nai,3,0,1,2000000,Viễn thông,Referral,Android
ZLP005101,2023-12-02,34.0,Other,Cần Thơ,2,1,1,500000,Thời trang,Unknown,iOS
ZLP005102,2024-03-01,31.0,Female,Hà Nội,1,1,1,2000000,Du lịch & Vận chuyển,Campaign,Android
ZLP005103,2023-01-01,29.0,Female,Đà Nẵng,2,1,1,2000000,Thực phẩm & Ăn uống,Campaign,Android
ZLP005104,2024-11-26,28.0,Female,Nghệ An,3,1,1,3000000,Thời trang,Campaign,iOS
ZLP005105,2023-10-03,27.0,Male,Cần Thơ,2,1,1,1000000,Du lịch & Vận chuyển,Campaign,iOS
ZLP005106,2024-03-31,29.0,Male,Hồ Chí Minh,3,0,1,1000000,Thực phẩm & Ăn uống,Campaign,Android
ZLP005107,2024-04-30,21.0,Female,Hồ Chí Minh,1,0,1,2000000,Điện tử,Campaign,iOS
ZLP005108,2023-10-03,28.0,Male,Hà Nội,1,1,1,2000000,Điện tử,Unknown,Unknown
ZLP005109,2023-07-05,21.0,Female,An Giang,3,1,1,2000000,Du lịch & Vận chuyển,Organic,Android
ZLP005110,2023-10-03,28.0,Male,Hà Nội,1,0,1,3000000,Chăm sóc sức khỏe,Organic,Android
ZLP005111,2023-11-02,25.0,Male,Nghệ An,3,1,1,2000000,Điện tử,Organic,iOS
ZLP005112,2023-10-03,43.0,Female,Hồ Chí Minh,1,1,1,3000000,Thời trang,Campaign,Android
ZLP005113,2024-03-31,27.0,Male,An Giang,3,1,0,1000000,Viễn thông,Organic,Android
ZLP005114,2023-12-18,19.0,Female,Hà Nội,1,1,1,3000000,Điện tử,Unknown,Android
ZLP005115,2024-01-31,27.0,Female,Hồ Chí Minh,1,1,1,2000000,Viễn thông,Campaign,iOS
ZLP005116,2023-04-06,31.0,Female,Hải Phòng,2,1,1,500000,Thực phẩm & Ăn uống,Social,iOS
ZLP005117,2024-07-29,38.0,Female,Hồ Chí Minh,1,1,1,1000000,Điện tử,Campaign,iOS
ZLP005118,2023-10-03,24.0,Male,Hồ Chí Minh,1,0,0,500000,Điện tử,Organic,Android
ZLP005119,2023-12-18,18.0,Female,Hồ Chí Minh,1,1,0,2000000,Thực phẩm & Ăn uống,Organic,Android
ZLP005120,2023-07-05,32.0,Female,Cần Thơ,2,1,1,1000000,Viễn thông,Campaign,Android
ZLP005121,2023-10-03,19.0,Female,Thanh Hóa,3,0,1,5000000,Thực phẩm & Ăn uống,Organic,Unknown
ZLP005122,2024-03-31,25.0,Female,Hồ Chí Minh,1,1,1,3000000,Viễn thông,Social,Android
ZLP005123,2024-04-30,26.0,Female,Hà Nội,1,0,1,3000000,Viễn thông,Social,Android
ZLP005124,2024-03-31,27.0,Male,Hồ Chí Minh,1,1,1,2000000,Viễn thông,Referral,iOS
ZLP005125,2024-01-31,32.0,Female,Bình Dương,3,1,1,3000000,Điện tử,Social,Android
ZLP005126,2024-09-27,23.0,Male,Hồ Chí Minh,1,1,1,1000000,Thực phẩm & Ăn uống,Campaign,iOS
ZLP005127,2024-01-15,26.0,Male,Hồ Chí Minh,1,1,1,2000000,Thực phẩm & Ăn uống,Campaign,Android
ZLP005128,2024-01-01,27.0,Female,Hồ Chí Minh,1,1,1,2000000,Du lịch & Vận chuyển,Campaign,Android
ZLP005129,2023-11-02,28.0,Male,Đà Nẵng,2,1,1,1000000,Điện tử,Unknown,iOS
ZLP005130,2023-07-05,28.0,Male,Hải Phòng,2,1,1,500000,Thực phẩm & Ăn uống,Campaign,Android
ZLP005131,2024-01-31,30.0,Male,Hồ Chí Minh,2,1,1,2000000,Thực phẩm & Ăn uống,Campaign,Android
ZLP005132,2023-12-02,33.0,Female,Hồ Chí Minh,1,1,1,500000,Chăm sóc sức khỏe,Social,Android
ZLP005133,2024-01-15,30.0,Male,Đà Nẵng,2,1,1,3000000,Điện & Nước,Campaign,Android
ZLP005134,2023-11-02,30.0,Female,Đồng Nai,3,0,1,5000000,Điện tử,Organic,Android
ZLP005135,2024-07-29,18.0,Male,Hồ Chí Minh,1,1,1,1000000,Điện & Nước,Referral,iOS
ZLP005136,2024-11-26,28.0,Female,Hồ Chí Minh,1,0,1,2000000,Điện & Nước,Social,Android
ZLP005137,2023-12-02,30.0,Male,Hồ Chí Minh,1,1,1,3000000,Du lịch & Vận chuyển,Unknown,Android
ZLP005138,2024-07-29,32.0,Female,Bình Dương,3,1,1,1000000,Thực phẩm & Ăn uống,Organic,Android
ZLP005139,2024-07-29,23.0,Male,Đà Nẵng,2,1,1,5000000,Viễn thông,Unknown,iOS
ZLP005140,2024-11-26,24.0,Female,Đà Nẵng,2,0,1,3000000,Chăm sóc sức khỏe,Referral,iOS
ZLP005141,2023-12-02,27.0,Female,Hồ Chí Minh,1,1,1,1000000,Giải trí,Organic,iOS
ZLP005142,2024-05-30,31.0,Female,Hà Nội,1,1,1,500000,Điện & Nước,Referral,Android
ZLP005143,2023-11-02,34.0,Female,Nghệ An,3,1,1,5000000,Điện & Nước,Organic,Android
ZLP005144,2024-03-01,25.0,Male,Hồ Chí Minh,1,1,1,5000000,Chăm sóc sức khỏe,Social,Android
ZLP005145,2024-04-30,33.0,Female,An Giang,3,1,1,2000000,Thời trang,Referral,Android
ZLP005146,2024-05-30,28.0,Female,Đà Nẵng,2,1,1,500000,Du lịch & Vận chuyển,Referral,Android
ZLP005147,2023-11-02,27.0,Female,Hồ Chí Minh,1,0,1,2000000,Điện tử,Organic,Android
ZLP005148,2024-07-29,26.0,Female,Hà Nội,1,1,1,1000000,Thực phẩm & Ăn uống,Unknown,iOS
ZLP005149,2023-12-18,32.0,Female,Nghệ An,3,1,1,5000000,Điện & Nước,Social,Android
ZLP005150,2023-11-02,29.0,Other,Hà Nội,1,0,1,3000000,Thực phẩm & Ăn uống,Unknown,Android
ZLP005151,2024-01-31,41.0,Male,Hải Phòng,2,1,1,2000000,Chăm sóc sức khỏe,Unknown,iOS
ZLP005152,2024-07-29,22.0,Female,Hồ Chí Minh,1,0,0,1000000,Viễn thông,Campaign,Android
ZLP005153,2024-11-26,31.0,Female,Đà Nẵng,2,1,1,3000000,Điện tử,Organic,iOS
ZLP005154,2024-05-30,24.0,Female,Hải Phòng,2,1,1,1000000,Viễn thông,Organic,iOS
ZLP005155,2023-01-01,27.0,Male,An Giang,3,1,1,500000,Thực phẩm & Ăn uống,Organic,Android
ZLP005156,2023-10-03,27.0,Female,Hà Nội,1,0,1,2000000,Điện & Nước,Campaign,Android
ZLP005157,2023-07-05,27.0,Female,Cần Thơ,2,0,1,2000000,Thực phẩm & Ăn uống,Campaign,Android
ZLP005158,2023-07-05,45.0,Male,Hồ Chí Minh,1,1,1,3000000,Thời trang,Campaign,Android
ZLP005159,2023-12-18,26.0,Female,Hồ Chí Minh,1,1,0,3000000,Thời trang,Referral,Android
ZLP005160,2023-12-02,21.0,Male,Hồ Chí Minh,1,0,1,1000000,Thực phẩm & Ăn uống,Unknown,Android
ZLP005161,2023-07-05,29.0,Other,Hồ Chí Minh,1,0,1,2000000,Thực phẩm & Ăn uống,Social,iOS
ZLP005162,2024-08-28,18.0,Female,Hồ Chí Minh,1,1,1,2000000,Viễn thông,Referral,Android
ZLP005163,2024-03-01,27.0,Male,Hà Nội,1,1,1,1000000,Điện tử,Social,iOS
ZLP005164,2024-06-29,28.0,Male,Nghệ An,3,0,1,3000000,Chăm sóc sức khỏe,Organic,Android
ZLP005165,2023-12-18,32.0,Female,Cần Thơ,2,1,1,2000000,Thực phẩm & Ăn uống,Organic,iOS
ZLP005166,2023-12-18,33.0,Male,Hà Nội,1,1,1,5000000,Thực phẩm & Ăn uống,Campaign,Android
ZLP005167,2023-12-02,24.0,Female,Hồ Chí Minh,3,0,1,2000000,Thời trang,Referral,Android
ZLP005168,2024-01-01,27.0,Female,Hồ Chí Minh,1,1,1,1000000,Thời trang,Social,Android
ZLP005169,2024-03-01,23.0,Female,Hà Nội,1,0,1,1000000,Điện tử,Campaign,Android
ZLP005170,2024-01-15,21.0,Male,Cần Thơ,2,1,0,1000000,Viễn thông,Unknown,Android
ZLP005171,2024-07-29,29.0,Other,Hồ Chí Minh,1,1,1,1000000,Chăm sóc sức khỏe,Social,Android
ZLP005172,2024-08-28,20.0,Female,Bình Dương,3,1,1,2000000,Viễn thông,Organic,Android
ZLP005173,2024-01-01,25.0,Male,Hồ Chí Minh,1,1,1,1000000,Thực phẩm & Ăn uống,Unknown,Android
ZLP005174,2023-11-02,22.0,Male,Hồ Chí Minh,1,1,1,5000000,Điện & Nước,Unknown,Android
ZLP005175,2024-09-27,31.0,Male,Hồ Chí Minh,1,1,1,1000000,Chăm sóc sức khỏe,Campaign,Android
ZLP005176,2024-05-30,38.0,Female,An Giang,3,1,1,2000000,Thời trang,Unknown,Android
ZLP005177,2024-03-31,20.0,Male,Bình Dương,3,1,1,500000,Viễn thông,Organic,Android
ZLP005178,2024-05-30,18.0,Male,Cần Thơ,2,0,1,2000000,Chăm sóc sức khỏe,Campaign,Android
ZLP005179,2023-07-05,27.0,Female,Đà Nẵng,2,1,1,1000000,Điện tử,Referral,iOS
ZLP005180,2023-04-06,28.0,Female,Hà Nội,1,1,1,2000000,Thực phẩm & Ăn uống,Organic,Android
ZLP005181,2023-10-03,27.0,Female,Cần Thơ,2,1,1,2000000,Giải trí,Social,Android
ZLP005182,2023-10-03,25.0,Female,Hà Nội,1,1,1,2000000,Thực phẩm & Ăn uống,Unknown,Android
ZLP005183,2023-12-18,26.0,Male,Hồ Chí Minh,1,1,1,2000000,Điện & Nước,Social,iOS
ZLP005184,2023-10-03,30.0,Female,Bình Dương,3,1,1,2000000,Điện tử,Unknown,Android
ZLP005185,2024-07-29,34.0,Male,Hồ Chí Minh,1,0,1,3000000,Điện tử,Organic,Android
ZLP005186,2024-01-31,18.0,Female,Hồ Chí Minh,1,1,1,3000000,Điện & Nước,Campaign,Android
ZLP005187,2023-12-18,25.0,Female,Đồng Nai,3,0,1,3000000,Chăm sóc sức khỏe,Organic,Android
ZLP005188,2023-04-06,29.0,Male,Cần Thơ,2,1,1,500000,Chăm sóc sức khỏe,Unknown,Android
ZLP005189,2024-03-01,22.0,Female,Cần Thơ,2,1,1,5000000,Du lịch & Vận chuyển,Unknown,iOS
ZLP005190,2023-07-05,38.0,Female,Hà Nội,1,1,1,5000000,Điện & Nước,Organic,Android
ZLP005191,2024-05-30,24.0,Male,Hà Nội,1,0,0,3000000,Thời trang,Campaign,iOS
ZLP005192,2024-06-29,27.0,Female,Bình Dương,3,0,1,2000000,Viễn thông,Organic,Android
ZLP005193,2024-01-31,31.0,Female,Bình Dương,3,1,1,1000000,Thực phẩm & Ăn uống,Campaign,Android
ZLP005194,2023-10-03,24.0,Female,Đà Nẵng,2,1,1,3000000,Viễn thông,Unknown,iOS
ZLP005195,2024-06-29,18.0,Female,Nghệ An,3,1,0,3000000,Thực phẩm & Ăn uống,Social,Android
ZLP005196,2023-12-02,25.0,Female,Nghệ An,3,1,1,2000000,Điện & Nước,Organic,Android
ZLP005197,2023-11-02,34.0,Male,Hà Nội,1,0,1,2000000,Viễn thông,Organic,Android
ZLP005198,2024-01-01,25.0,Male,Đồng Nai,3,0,1,1000000,Điện & Nước,Organic,Android
ZLP005199,2024-09-27,22.0,Male,Đà Nẵng,2,1,1,1000000,Thực phẩm & Ăn uống,Organic,iOS
ZLP005200,2023-12-02,33.0,Male,Đà Nẵng,2,1,1,3000000,Viễn thông,Referral,Android
ZLP005201,2024-08-28,27.0,Female,Hồ Chí Minh,1,1,1,500000,Thời trang,Organic,iOS
ZLP005202,2023-04-06,24.0,Male,Đà Nẵng,2,1,1,2000000,Thực phẩm & Ăn uống,Campaign,Android
ZLP005203,2023-07-05,28.0,Male,An Giang,3,1,1,3000000,Viễn thông,Referral,Android
ZLP005204,2024-04-30,32.0,Female,Đồng Nai,3,1,1,1000000,Điện & Nước,Campaign,Android
ZLP005205,2023-10-03,42.0,Female,Đồng Nai,3,1,1,500000,Điện tử,Unknown,iOS
ZLP005206,2023-12-02,32.0,Female,Hồ Chí Minh,1,1,1,3000000,Thời trang,Social,Unknown
ZLP005207,2023-10-03,34.0,Male,Hà Nội,1,1,1,1000000,Điện & Nước,Organic,Android
ZLP005208,2023-12-02,24.0,Female,Hồ Chí Minh,1,1,1,1000000,Giải trí,Organic,Android
ZLP005209,2023-12-02,21.0,Male,Hà Nội,1,0,1,3000000,Thời trang,Social,iOS
ZLP005210,2024-05-30,28.0,Female,Đà Nẵng,2,0,1,3000000,Viễn thông,Campaign,Android
ZLP005211,2024-04-30,28.0,Male,Hà Nội,1,1,1,3000000,Chăm sóc sức khỏe,Campaign,Android
ZLP005212,2024-09-27,21.0,Female,Đà Nẵng,2,1,1,2000000,Du lịch & Vận chuyển,Social,iOS
ZLP005213,2024-04-30,26.0,Female,Hà Nội,1,1,1,2000000,Thời trang,Organic,Unknown
ZLP005214,2024-04-30,30.0,Female,Hà Nội,1,1,1,3000000,Du lịch & Vận chuyển,Campaign,Android
ZLP005215,2024-04-30,30.0,Female,Hồ Chí Minh,1,1,1,2000000,Điện & Nước,Unknown,Android
ZLP005216,2024-08-28,31.0,Female,An Giang,3,1,1,2000000,Giải trí,Social,iOS
ZLP005217,2023-12-02,29.0,Female,Hồ Chí Minh,1,0,1,2000000,Điện & Nước,Social,Android
ZLP005218,2023-12-02,24.0,Female,Hồ Chí Minh,1,0,1,1000000,Thời trang,Campaign,Android
ZLP005219,2024-05-30,24.0,Male,Đồng Nai,3,1,1,2000000,Thực phẩm & Ăn uống,Social,Android
ZLP005220,2023-11-02,20.0,Male,Thanh Hóa,3,1,1,1000000,Điện & Nước,Organic,iOS
ZLP005221,2024-08-28,38.0,Female,Bình Dương,3,1,1,1000000,Du lịch & Vận chuyển,Campaign,Android
ZLP005222,2024-01-31,28.0,Male,Hồ Chí Minh,1,1,0,5000000,Điện & Nước,Organic,Android
ZLP005223,2023-12-02,26.0,Male,Hồ Chí Minh,1,1,1,1000000,Chăm sóc sức khỏe,Organic,Android
ZLP005224,2024-05-30,22.0,Male,Thanh Hóa,3,1,1,1000000,Thực phẩm & Ăn uống,Referral,iOS
ZLP005225,2023-12-02,45.0,Female,Đồng Nai,3,1,1,1000000,Điện tử,Organic,iOS
ZLP005226,2024-11-26,21.0,Male,Đà Nẵng,2,1,1,2000000,Viễn thông,Campaign,iOS
ZLP005227,2024-11-26,25.0,Female,Hồ Chí Minh,1,1,1,5000000,Thời trang,Campaign,iOS
ZLP005228,2024-03-31,30.0,Male,Hồ Chí Minh,1,0,1,3000000,Chăm sóc sức khỏe,Organic,Android
ZLP005229,2023-07-05,31.0,Male,Hồ Chí Minh,1,1,1,3000000,Thời trang,Referral,Android
ZLP005230,2023-11-02,33.0,Male,Cần Thơ,2,1,1,3000000,Viễn thông,Referral,iOS
ZLP005231,2024-01-15,38.0,Male,Hồ Chí Minh,1,1,1,5000000,Viễn thông,Referral,Android
ZLP005232,2024-07-29,31.0,Female,Thanh Hóa,3,1,1,1000000,Điện & Nước,Unknown,iOS
ZLP005233,2023-10-03,21.0,Female,Hồ Chí Minh,1,1,1,2000000,Chăm sóc sức khỏe,Campaign,iOS
ZLP005234,2023-07-05,26.0,Female,Bình Dương,3,1,1,2000000,Thời trang,Unknown,Android
ZLP005235,2023-07-05,29.0,Male,Hồ Chí Minh,1,1,1,2000000,Thực phẩm & Ăn uống,Organic,Android
ZLP005236,2024-01-15,40.0,Female,Đà Nẵng,2,1,1,2000000,Viễn thông,Referral,Android
ZLP005237,2024-08-28,19.0,Female,Hồ Chí Minh,1,1,0,2000000,Thực phẩm & Ăn uống,Unknown,Android
ZLP005238,2023-04-06,35.0,Female,Đồng Nai,3,1,1,2000000,Thời trang,Organic,Android
ZLP005239,2023-11-02,29.0,Female,Đà Nẵng,2,1,0,2000000,Điện & Nước,Organic,iOS
ZLP005240,2024-04-30,33.0,Male,Hồ Chí Minh,1,0,1,1000000,Thực phẩm & Ăn uống,Unknown,iOS
ZLP005241,2024-06-29,27.0,Female,Hồ Chí Minh,2,1,1,1000000,Viễn thông,Social,iOS
ZLP005242,2024-06-29,22.0,Male,Đà Nẵng,2,1,1,3000000,Thời trang,Campaign,iOS
ZLP005243,2024-05-30,32.0,Male,An Giang,3,1,1,2000000,Thời trang,Social,Android
ZLP005244,2023-10-03,31.0,Female,An Giang,3,1,1,5000000,Viễn thông,Organic,Android
ZLP005245,2023-12-18,33.0,Female,An Giang,3,1,1,3000000,Điện & Nước,Social,Android
ZLP005246,2024-11-26,27.0,Female,Hồ Chí Minh,1,1,1,2000000,Viễn thông,Organic,iOS
ZLP005247,2024-11-26,24.0,Male,Hồ Chí Minh,1,1,1,1000000,Điện & Nước,Referral,Android
ZLP005248,2024-03-01,18.0,Male,Thanh Hóa,3,1,1,2000000,Thời trang,Campaign,iOS
ZLP005249,2024-04-30,32.0,Male,Hà Nội,1,1,1,3000000,Điện & Nước,Campaign,Android
ZLP005250,2024-09-27,30.0,Female,Hồ Chí Minh,1,1,1,2000000,Thực phẩm & Ăn uống,Campaign,Android
ZLP005251,2024-01-01,22.0,Male,Đồng Nai,3,1,1,1000000,Thời trang,Campaign,iOS
ZLP005252,2023-10-03,24.0,Female,Hồ Chí Minh,1,1,1,2000000,Du lịch & Vận chuyển,Social,iOS
ZLP005253,2024-03-31,25.0,Male,Bình Dương,3,1,1,1000000,Viễn thông,Referral,Android
ZLP005254,2024-11-26,19.0,Female,Hải Phòng,2,1,0,5000000,Viễn thông,Campaign,iOS
ZLP005255,2024-04-30,23.0,Female,Đồng Nai,3,1,1,2000000,Điện & Nước,Unknown,iOS
ZLP005256,2024-06-29,21.0,Male,Hồ Chí Minh,1,1,1,1000000,Thực phẩm & Ăn uống,Social,iOS
ZLP005257,2023-12-18,25.0,Male,Hà Nội,1,1,1,1000000,Thời trang,Social,Android
ZLP005258,2023-07-05,23.0,Female,Hà Nội,1,1,0,3000000,Điện tử,Unknown,Android
ZLP005259,2023-10-03,18.0,Female,Hà Nội,1,1,1,3000000,Viễn thông,Referral,iOS
ZLP005260,2024-11-26,40.0,Female,Hồ Chí Minh,1,0,1,2000000,Điện & Nước,Campaign,Android
ZLP005261,2024-01-15,35.0,Female,Hà Nội,1,1,1,2000000,Thực phẩm & Ăn uống,Organic,iOS
ZLP005262,2023-01-01,23.0,Male,Đà Nẵng,2,0,1,2000000,Điện & Nước,Campaign,Android
ZLP005263,2024-09-27,29.0,Female,Đà Nẵng,2,1,1,1000000,Chăm sóc sức khỏe,Referral,Unknown
ZLP005264,2024-01-15,30.0,Male,Đồng Nai,3,1,1,5000000,Điện & Nước,Social,Android
ZLP005265,2024-06-29,35.0,Female,Đà Nẵng,2,1,1,2000000,Điện tử,Social,Android
ZLP005266,2024-01-31,23.0,Male,Hồ Chí Minh,1,0,1,500000,Điện & Nước,Organic,Android
ZLP005267,2023-07-05,34.0,Female,Cần Thơ,2,1,1,1000000,Chăm sóc sức khỏe,Campaign,iOS
ZLP005268,2024-03-01,24.0,Male,Đồng Nai,3,1,0,1000000,Thời trang,Organic,Android
ZLP005269,2024-11-26,19.0,Male,Hà Nội,1,0,1,1000000,Viễn thông,Referral,Android
ZLP005270,2023-04-06,32.0,Male,Cần Thơ,2,1,1,2000000,Thực phẩm & Ăn uống,Organic,Android
ZLP005271,2024-07-29,35.0,Female,Hồ Chí Minh,1,1,1,500000,Điện tử,Campaign,Android
ZLP005272,2023-11-02,43.0,Female,Hà Nội,1,1,1,3000000,Viễn thông,Referral,iOS
ZLP005273,2023-12-18,20.0,Female,An Giang,3,1,1,2000000,Du lịch & Vận chuyển,Social,iOS
ZLP005274,2023-12-18,32.0,Male,An Giang,3,1,1,1000000,Thực phẩm & Ăn uống,Organic,Android
ZLP005275,2024-08-28,25.0,Female,Đà Nẵng,2,1,1,1000000,Điện tử,Organic,Android
ZLP005276,2024-01-15,32.0,Female,Bình Dương,3,1,1,2000000,Thực phẩm & Ăn uống,Unknown,Android
ZLP005277,2024-01-01,19.0,Male,Hải Phòng,2,1,1,1000000,Thực phẩm & Ăn uống,Referral,Android
ZLP005278,2024-06-29,20.0,Male,Nghệ An,3,1,1,500000,Thực phẩm & Ăn uống,Unknown,iOS
ZLP005279,2023-04-06,23.0,Female,Hà Nội,1,1,1,500000,Thực phẩm & Ăn uống,Unknown,Android
ZLP005280,2023-07-05,28.0,Male,Đà Nẵng,2,1,1,1000000,Điện tử,Unknown,Unknown
ZLP005281,2023-01-01,24.0,Male,Hà Nội,1,1,0,1000000,Chăm sóc sức khỏe,Campaign,Android
ZLP005282,2024-04-30,31.0,Female,Hồ Chí Minh,1,1,1,500000,Chăm sóc sức khỏe,Campaign,Android
ZLP005283,2024-01-15,34.0,Male,Hà Nội,1,0,1,3000000,Điện & Nước,Organic,Android
ZLP005284,2024-07-29,31.0,Female,Đồng Nai,3,1,1,1000000,Điện tử,Referral,iOS
ZLP005285,2024-01-15,37.0,Female,Đồng Nai,3,0,1,2000000,Viễn thông,Campaign,Android
ZLP005286,2023-11-02,30.0,Female,An Giang,3,1,1,1000000,Điện & Nước,Campaign,Android
ZLP005287,2024-06-29,20.0,Female,Hồ Chí Minh,1,1,1,500000,Viễn thông,Campaign,iOS
ZLP005288,2023-12-02,36.0,Female,Đà Nẵng,2,1,1,3000000,Viễn thông,Unknown,Android
ZLP005289,2024-09-27,24.0,Female,Hồ Chí Minh,1,1,0,1000000,Chăm sóc sức khỏe,Organic,iOS
ZLP005290,2023-11-02,33.0,Male,Hồ Chí Minh,1,1,1,500000,Điện tử,Campaign,Android
ZLP005291,2023-10-03,37.0,Female,An Giang,3,1,1,2000000,Điện & Nước,Campaign,Android
ZLP005292,2024-01-15,30.0,Female,Hà Nội,1,0,1,500000,Viễn thông,Campaign,iOS
ZLP005293,2023-04-06,19.0,Female,Bình Dương,3,1,1,2000000,Viễn thông,Organic,Android
ZLP005294,2023-04-06,22.0,Female,Hồ Chí Minh,1,0,1,1000000,Thời trang,Referral,iOS
ZLP005295,2024-01-15,35.0,Female,Hà Nội,1,0,1,1000000,Thời trang,Organic,Android
ZLP005296,2023-11-02,26.0,Male,Cần Thơ,2,1,1,500000,Điện tử,Campaign,iOS
ZLP005297,2023-01-01,28.0,Female,Hồ Chí Minh,1,0,1,5000000,Du lịch & Vận chuyển,Campaign,Android
ZLP005298,2023-12-02,32.0,Male,Hà Nội,1,1,1,2000000,Thực phẩm & Ăn uống,Campaign,Android
ZLP005299,2024-01-01,32.0,Female,Hồ Chí Minh,1,1,1,2000000,Điện tử,Campaign,iOS
ZLP005300,2023-12-18,29.0,Male,Hồ Chí Minh,2,0,1,2000000,Du lịch & Vận chuyển,Unknown,Android
ZLP005301,2023-10-03,26.0,Female,Thanh Hóa,3,1,1,3000000,Thời trang,Campaign,Android
ZLP005302,2024-01-31,26.0,Male,Đồng Nai,3,1,1,2000000,Viễn thông,Organic,Android
ZLP005303,2024-04-30,33.0,Female,Thanh Hóa,3,1,1,3000000,Thực phẩm & Ăn uống,Organic,Android
ZLP005304,2024-03-31,31.0,Female,Hải Phòng,2,1,1,2000000,Điện tử,Social,Android
ZLP005305,2023-12-18,26.0,Male,Hải Phòng,2,1,1,1000000,Điện tử,Social,Android
ZLP005306,2023-10-03,27.0,Male,Đà Nẵng,2,1,1,3000000,Điện tử,Referral,Android
ZLP005307,2024-01-15,27.0,Male,Đà Nẵng,2,1,1,3000000,Điện tử,Referral,iOS
ZLP005308,2024-08-28,22.0,Male,Hà Nội,1,0,1,1000000,Du lịch & Vận chuyển,Social,Android
ZLP005309,2024-01-01,23.0,Male,Đồng Nai,3,0,1,2000000,Điện tử,Organic,Android
ZLP005310,2023-11-02,22.0,Female,Hồ Chí Minh,1,1,1,2000000,Chăm sóc sức khỏe,Campaign,iOS
ZLP005311,2023-07-05,26.0,Female,Hồ Chí Minh,1,1,1,500000,Thời trang,Organic,Android
ZLP005312,2024-09-27,35.0,Male,Nghệ An,3,1,1,5000000,Thời trang,Social,iOS
ZLP005313,2024-05-30,23.0,Other,Hồ Chí Minh,1,0,0,2000000,Giải trí,Campaign,Android
ZLP005314,2023-12-02,29.0,Female,Thanh Hóa,3,1,1,2000000,Du lịch & Vận chuyển,Social,iOS
ZLP005315,2023-12-02,24.0,Male,Bình Dương,3,1,1,1000000,Chăm sóc sức khỏe,Social,Android
ZLP005316,2024-08-28,26.0,Female,Hà Nội,1,0,1,1000000,Điện tử,Campaign,Android
ZLP005317,2023-10-03,18.0,Female,Bình Dương,3,1,1,1000000,Thực phẩm & Ăn uống,Campaign,iOS
ZLP005318,2024-01-31,26.0,Male,Đồng Nai,3,1,1,1000000,Thời trang,Organic,iOS
ZLP005319,2024-04-30,26.0,Female,Hồ Chí Minh,1,1,1,2000000,Điện & Nước,Campaign,Android
ZLP005320,2023-12-18,31.0,Female,Đồng Nai,3,0,1,3000000,Thực phẩm & Ăn uống,Unknown,Android
ZLP005321,2023-04-06,29.0,Female,Đồng Nai,3,1,1,2000000,Điện & Nước,Organic,Android
ZLP005322,2023-11-02,20.0,Female,Hồ Chí Minh,1,1,1,1000000,Điện tử,Unknown,iOS
ZLP005323,2024-08-28,34.0,Male,Hồ Chí Minh,1,0,1,500000,Du lịch & Vận chuyển,Unknown,iOS
ZLP005324,2024-01-15,29.0,Male,Hồ Chí Minh,1,1,1,2000000,Điện & Nước,Organic,Android
ZLP005325,2024-06-29,29.0,Female,Hồ Chí Minh,1,1,1,2000000,Viễn thông,Referral,Android
ZLP005326,2024-01-31,27.0,Female,Hồ Chí Minh,1,1,1,5000000,Chăm sóc sức khỏe,Organic,Android
ZLP005327,2024-09-27,24.0,Female,Bình Dương,3,1,1,3000000,Thời trang,Unknown,Android
ZLP005328,2024-08-28,29.0,Female,Hà Nội,1,1,1,3000000,Thời trang,Referral,Android
ZLP005329,2024-01-15,30.0,Female,Hải Phòng,2,1,1,500000,Thời trang,Social,Android
ZLP005330,2023-12-02,27.0,Female,Hồ Chí Minh,1,1,1,3000000,Viễn thông,Campaign,Android
ZLP005331,2024-03-01,24.0,Female,Hà Nội,1,1,1,1000000,Viễn thông,Social,Android
ZLP005332,2024-03-31,26.0,Female,Cần Thơ,2,1,1,2000000,Giải trí,Social,iOS
ZLP005333,2024-01-15,29.0,Female,Hải Phòng,2,1,1,2000000,Điện tử,Referral,iOS
ZLP005334,2024-06-29,27.0,Male,Đà Nẵng,2,1,1,2000000,Điện & Nước,Campaign,iOS
ZLP005335,2023-10-03,27.0,Female,Hà Nội,1,0,0,1000000,Viễn thông,Referral,iOS
ZLP005336,2023-12-02,25.0,Male,Hải Phòng,2,1,1,2000000,Thời trang,Referral,iOS
ZLP005337,2024-04-30,24.0,Female,Hà Nội,1,1,1,500000,Viễn thông,Unknown,Android
ZLP005338,2023-11-02,23.0,Female,Hồ Chí Minh,1,1,0,500000,Viễn thông,Organic,Android
ZLP005339,2024-01-01,25.0,Female,Hà Nội,1,1,1,2000000,Viễn thông,Campaign,Android
ZLP005340,2024-11-26,32.0,Male,Đồng Nai,3,1,1,5000000,Viễn thông,Social,Android
ZLP005341,2024-03-01,21.0,Female,Hồ Chí Minh,1,1,1,3000000,Thời trang,Campaign,iOS
ZLP005342,2024-09-27,30.0,Male,Đà Nẵng,2,1,1,2000000,Du lịch & Vận chuyển,Referral,Android
ZLP005343,2024-04-30,18.0,Female,Đà Nẵng,2,1,1,500000,Thực phẩm & Ăn uống,Organic,Android
ZLP005344,2024-04-30,24.0,Female,An Giang,3,1,1,500000,Điện & Nước,Referral,Android
ZLP005345,2024-03-01,26.0,Female,Hà Nội,1,1,1,1000000,Điện & Nước,Referral,iOS
ZLP005346,2023-10-03,38.0,Female,Hồ Chí Minh,1,1,1,5000000,Du lịch & Vận chuyển,Referral,Android
ZLP005347,2024-01-15,26.0,Female,Hà Nội,1,1,1,2000000,Thực phẩm & Ăn uống,Social,Android
ZLP005348,2023-11-02,18.0,Male,Hà Nội,1,1,1,3000000,Thực phẩm & Ăn uống,Social,iOS
ZLP005349,2024-11-26,18.0,Male,Bình Dương,3,1,1,3000000,Du lịch & Vận chuyển,Social,Android
ZLP005350,2023-11-02,28.0,Female,Cần Thơ,2,1,1,2000000,Thực phẩm & Ăn uống,Organic,Android
ZLP005351,2023-11-02,31.0,Female,Bình Dương,3,1,1,5000000,Thực phẩm & Ăn uống,Referral,Android
ZLP005352,2024-03-01,30.0,Male,Đồng Nai,3,1,1,1000000,Du lịch & Vận chuyển,Campaign,Android
ZLP005353,2024-01-15,29.0,Female,An Giang,3,1,1,2000000,Thực phẩm & Ăn uống,Campaign,Android
ZLP005354,2023-01-01,34.0,Male,Hà Nội,1,1,1,3000000,Thực phẩm & Ăn uống,Social,Android
ZLP005355,2023-10-03,24.0,Male,Thanh Hóa,3,0,0,2000000,Thời trang,Campaign,Android
ZLP005356,2024-06-29,33.0,Female,Hồ Chí Minh,1,1,1,1000000,Giải trí,Campaign,Android
ZLP005357,2024-01-15,18.0,Male,Bình Dương,3,0,1,1000000,Giải trí,Social,Unknown
ZLP005358,2023-10-03,22.0,Male,Đà Nẵng,2,1,1,3000000,Chăm sóc sức khỏe,Campaign,Android
ZLP005359,2024-01-01,18.0,Male,Đồng Nai,3,1,1,500000,Thực phẩm & Ăn uống,Social,Android
ZLP005360,2023-11-02,26.0,Female,Hà Nội,1,1,1,5000000,Du lịch & Vận chuyển,Organic,Android
ZLP005361,2023-11-02,27.0,Female,Đồng Nai,3,1,0,500000,Thực phẩm & Ăn uống,Social,Android
ZLP005362,2024-09-27,27.0,Female,Nghệ An,3,1,1,2000000,Thời trang,Organic,Android
ZLP005363,2023-12-18,28.0,Male,Bình Dương,3,1,1,2000000,Điện & Nước,Organic,iOS
ZLP005364,2023-04-06,22.0,Female,Đồng Nai,3,1,1,2000000,Điện tử,Organic,iOS
ZLP005365,2024-11-26,26.0,Female,Hồ Chí Minh,1,1,1,2000000,Viễn thông,Organic,Unknown
ZLP005366,2024-06-29,19.0,Female,Hồ Chí Minh,1,1,1,3000000,Chăm sóc sức khỏe,Unknown,Android
ZLP005367,2023-11-02,36.0,Female,Thanh Hóa,3,1,1,2000000,Thực phẩm & Ăn uống,Referral,Android
ZLP005368,2023-12-18,26.0,Male,Bình Dương,3,1,1,3000000,Thực phẩm & Ăn uống,Organic,iOS
ZLP005369,2024-07-29,25.0,Female,Đà Nẵng,2,0,1,1000000,Điện tử,Organic,Android
ZLP005370,2023-12-18,37.0,Male,Hà Nội,1,1,1,500000,Thực phẩm & Ăn uống,Organic,iOS
ZLP005371,2024-01-31,20.0,Male,Hồ Chí Minh,1,1,1,500000,Điện tử,Campaign,Android
ZLP005372,2024-01-31,21.0,Female,Hà Nội,1,0,1,1000000,Chăm sóc sức khỏe,Campaign,Android
ZLP005373,2023-12-18,21.0,Female,Hà Nội,1,1,1,2000000,Điện & Nước,Organic,iOS
ZLP005374,2024-03-31,27.0,Female,Hồ Chí Minh,1,1,1,2000000,Thực phẩm & Ăn uống,Social,Android
ZLP005375,2024-01-01,30.0,Male,Hồ Chí Minh,1,1,1,3000000,Giải trí,Social,Android
ZLP005376,2023-01-01,32.0,Male,Đà Nẵng,2,0,1,1000000,Chăm sóc sức khỏe,Organic,Android
ZLP005377,2024-06-29,43.0,Female,Đà Nẵng,2,0,1,1000000,Giải trí,Organic,Android
ZLP005378,2023-07-05,18.0,Male,Hồ Chí Minh,1,1,1,3000000,Chăm sóc sức khỏe,Referral,iOS
ZLP005379,2024-01-01,31.0,Male,Đà Nẵng,2,1,1,5000000,Viễn thông,Social,Android
ZLP005380,2024-01-31,24.0,Female,An Giang,3,1,1,5000000,Điện & Nước,Organic,Android
ZLP005381,2024-04-30,24.0,Male,Hà Nội,1,0,1,3000000,Viễn thông,Unknown,Android
ZLP005382,2023-12-18,24.0,Other,Hải Phòng,2,1,1,2000000,Viễn thông,Organic,Android
ZLP005383,2024-05-30,22.0,Male,An Giang,3,0,1,5000000,Điện & Nước,Referral,Android
ZLP005384,2023-10-03,38.0,Female,Hồ Chí Minh,1,1,1,3000000,Du lịch & Vận chuyển,Organic,iOS
ZLP005385,2024-03-31,33.0,Female,Hồ Chí Minh,1,0,1,5000000,Thực phẩm & Ăn uống,Unknown,Android
ZLP005386,2024-06-29,28.0,Male,Hà Nội,1,1,1,500000,Điện & Nước,Campaign,Android
ZLP005387,2024-08-28,36.0,Female,Đà Nẵng,2,1,1,5000000,Điện tử,Referral,iOS
ZLP005388,2024-01-31,18.0,Female,Hà Nội,1,1,1,2000000,Viễn thông,Organic,Android
ZLP005389,2023-12-02,20.0,Female,Hà Nội,1,1,1,1000000,Điện & Nước,Campaign,iOS
ZLP005390,2023-10-03,27.0,Female,Cần Thơ,2,1,1,1000000,Viễn thông,Referral,iOS
ZLP005391,2023-12-02,23.0,Male,Hồ Chí Minh,1,0,1,3000000,Điện tử,Unknown,Unknown
ZLP005392,2024-01-31,28.0,Female,Nghệ An,3,0,0,2000000,Chăm sóc sức khỏe,Unknown,Android
ZLP005393,2023-11-02,28.0,Female,Hồ Chí Minh,1,1,1,5000000,Viễn thông,Social,Android
ZLP005394,2024-09-27,27.0,Male,An Giang,3,1,1,1000000,Thời trang,Social,Android
ZLP005395,2024-08-28,19.0,Male,Hồ Chí Minh,1,1,1,2000000,Điện & Nước,Unknown,Android
ZLP005396,2023-04-06,32.0,Female,Hồ Chí Minh,1,1,1,1000000,Viễn thông,Organic,iOS
ZLP005397,2024-01-31,29.0,Male,Hồ Chí Minh,1,1,1,2000000,Viễn thông,Organic,Android
ZLP005398,2024-06-29,32.0,Female,Thanh Hóa,3,1,1,2000000,Điện & Nước,Organic,Android
ZLP005399,2023-11-02,18.0,Female,Hồ Chí Minh,1,1,1,2000000,Thực phẩm & Ăn uống,Campaign,Android
ZLP005400,2024-01-15,29.0,Female,Cần Thơ,2,1,1,500000,Thời trang,Unknown,iOS
ZLP005401,2023-12-18,20.0,Male,Hải Phòng,2,1,1,500000,Điện & Nước,Referral,iOS
ZLP005402,2023-11-02,25.0,Male,Cần Thơ,2,1,1,500000,Điện & Nước,Campaign,iOS
ZLP005403,2024-03-01,31.0,Male,Hà Nội,1,1,1,3000000,Du lịch & Vận chuyển,Social,Android
ZLP005404,2024-11-26,28.0,Female,Nghệ An,3,1,1,1000000,Viễn thông,Unknown,iOS
ZLP005405,2023-12-18,22.0,Female,An Giang,3,1,1,1000000,Điện tử,Referral,Android
ZLP005406,2024-01-31,28.0,Female,Hà Nội,1,0,1,2000000,Điện tử,Social,iOS
ZLP005407,2023-12-02,18.0,Female,Đà Nẵng,2,1,1,3000000,Viễn thông,Unknown,Android
ZLP005408,2024-07-29,34.0,Male,Nghệ An,3,0,1,500000,Viễn thông,Campaign,Android
ZLP005409,2024-07-29,26.0,Male,Thanh Hóa,3,1,1,1000000,Viễn thông,Campaign,Android
ZLP005410,2023-10-03,34.0,Female,Hà Nội,1,1,1,2000000,Thời trang,Campaign,iOS
ZLP005411,2024-08-28,24.0,Female,Hồ Chí Minh,2,1,1,5000000,Thực phẩm & Ăn uống,Organic,Android
ZLP005412,2023-10-03,24.0,Male,Hà Nội,1,0,0,2000000,Thực phẩm & Ăn uống,Social,Android
ZLP005413,2023-07-05,23.0,Male,Hà Nội,1,0,1,1000000,Chăm sóc sức khỏe,Campaign,iOS
ZLP005414,2024-03-31,33.0,Male,Hồ Chí Minh,1,1,1,2000000,Thực phẩm & Ăn uống,Campaign,Android
ZLP005415,2023-12-18,23.0,Male,Hồ Chí Minh,1,1,1,5000000,Giải trí,Unknown,Unknown
ZLP005416,2024-01-31,27.0,Female,Cần Thơ,2,1,1,2000000,Điện tử,Unknown,Android
ZLP005417,2024-03-31,25.0,Female,Đà Nẵng,2,0,1,1000000,Viễn thông,Referral,Android
ZLP005418,2023-04-06,18.0,Female,Hồ Chí Minh,1,1,0,2000000,Thực phẩm & Ăn uống,Organic,iOS
ZLP005419,2023-12-02,24.0,Female,Hà Nội,1,0,1,5000000,Chăm sóc sức khỏe,Organic,Android
ZLP005420,2024-01-01,20.0,Female,Hà Nội,1,1,1,3000000,Viễn thông,Unknown,Android
ZLP005421,2023-11-02,28.0,Female,Thanh Hóa,3,1,1,2000000,Điện tử,Unknown,iOS
ZLP005422,2023-04-06,20.0,Female,Hải Phòng,2,1,1,1000000,Điện & Nước,Campaign,Android
ZLP005423,2023-07-05,27.0,Female,Hà Nội,1,1,1,2000000,Giải trí,Campaign,iOS
ZLP005424,2024-06-29,27.0,Male,An Giang,3,1,1,1000000,Điện tử,Unknown,Android
ZLP005425,2024-08-28,26.0,Male,Hồ Chí Minh,1,0,0,1000000,Điện & Nước,Referral,Android
ZLP005426,2023-10-03,31.0,Female,Cần Thơ,2,0,1,3000000,Du lịch & Vận chuyển,Unknown,Android
ZLP005427,2023-11-02,33.0,Female,Nghệ An,3,1,1,2000000,Điện & Nước,Campaign,Android
ZLP005428,2024-03-31,27.0,Male,Hà Nội,1,1,0,1000000,Thực phẩm & Ăn uống,Unknown,iOS
ZLP005429,2024-09-27,23.0,Male,Cần Thơ,2,1,1,5000000,Điện tử,Campaign,Android
ZLP005430,2023-12-02,18.0,Male,Hà Nội,1,1,1,1000000,Du lịch & Vận chuyển,Referral,Android
ZLP005431,2024-07-29,23.0,Female,Hồ Chí Minh,1,0,1,3000000,Thực phẩm & Ăn uống,Organic,Android
ZLP005432,2024-01-15,24.0,Female,Đà Nẵng,2,1,1,2000000,Chăm sóc sức khỏe,Referral,iOS
ZLP005433,2024-09-27,28.0,Female,Thanh Hóa,3,1,1,5000000,Viễn thông,Social,Android
ZLP005434,2023-10-03,25.0,Male,Hà Nội,1,1,1,3000000,Điện & Nước,Campaign,Android
ZLP005435,2024-11-26,32.0,Male,Nghệ An,3,1,0,3000000,Điện & Nước,Campaign,Unknown
ZLP005436,2024-01-01,24.0,Female,An Giang,3,1,1,1000000,Điện tử,Campaign,iOS
ZLP005437,2024-09-27,27.0,Male,Hồ Chí Minh,1,1,1,2000000,Điện & Nước,Unknown,Android
ZLP005438,2024-01-01,35.0,Female,Hà Nội,1,1,1,5000000,Điện & Nước,Unknown,iOS
ZLP005439,2024-01-15,30.0,Female,Cần Thơ,2,1,1,500000,Giải trí,Organic,Android
ZLP005440,2024-06-29,27.0,Female,Đà Nẵng,2,1,1,3000000,Viễn thông,Organic,Android
ZLP005441,2024-04-30,24.0,Female,Hồ Chí Minh,1,1,1,1000000,Thực phẩm & Ăn uống,Social,iOS
ZLP005442,2024-03-01,24.0,Male,Thanh Hóa,3,1,1,1000000,Thời trang,Campaign,Android
ZLP005443,2023-12-18,22.0,Male,Bình Dương,3,1,1,1000000,Điện & Nước,Organic,Android
ZLP005444,2024-06-29,24.0,Female,Hà Nội,1,1,0,500000,Thực phẩm & Ăn uống,Campaign,Android
ZLP005445,2024-09-27,32.0,Male,Cần Thơ,2,1,1,5000000,Thời trang,Unknown,Android
ZLP005446,2023-01-01,26.0,Male,Hồ Chí Minh,1,1,1,3000000,Thời trang,Unknown,Android
ZLP005447,2024-03-01,19.0,Male,Hà Nội,1,1,1,2000000,Chăm sóc sức khỏe,Organic,Android
ZLP005448,2024-07-29,38.0,Male,Hồ Chí Minh,3,1,1,3000000,Thực phẩm & Ăn uống,Organic,Android
ZLP005449,2024-03-31,29.0,Male,An Giang,3,1,1,2000000,Du lịch & Vận chuyển,Organic,iOS
ZLP005450,2024-06-29,19.0,Male,Hà Nội,1,1,1,3000000,Điện tử,Social,Android
ZLP005451,2024-08-28,25.0,Female,Đà Nẵng,2,0,1,3000000,Thời trang,Organic,Android
ZLP005452,2024-05-30,27.0,Female,Bình Dương,3,1,1,1000000,Điện & Nước,Organic,Android
ZLP005453,2024-04-30,38.0,Female,Hà Nội,1,1,0,2000000,Thời trang,Organic,Android
ZLP005454,2024-11-26,21.0,Female,Hồ Chí Minh,1,1,1,2000000,Thời trang,Unknown,Android
ZLP005455,2024-07-29,33.0,Male,Đà Nẵng,2,0,1,5000000,Điện tử,Referral,Android
ZLP005456,2024-06-29,36.0,Male,Cần Thơ,2,1,1,2000000,Điện tử,Referral,Android
ZLP005457,2023-07-05,24.0,Male,Hồ Chí Minh,1,0,1,3000000,Thực phẩm & Ăn uống,Social,iOS
ZLP005458,2023-11-02,26.0,Female,Hồ Chí Minh,1,1,1,3000000,Thời trang,Referral,iOS
ZLP005459,2024-01-31,21.0,Female,Hồ Chí Minh,1,1,1,2000000,Chăm sóc sức khỏe,Referral,iOS
ZLP005460,2024-04-30,26.0,Male,Hà Nội,1,1,1,3000000,Thực phẩm & Ăn uống,Organic,Android
ZLP005461,2023-12-02,27.0,Male,Đà Nẵng,2,1,0,1000000,Điện & Nước,Referral,iOS
ZLP005462,2023-07-05,31.0,Female,Hà Nội,1,0,1,1000000,Du lịch & Vận chuyển,Unknown,iOS
ZLP005463,2023-12-02,34.0,Female,Hồ Chí Minh,1,1,1,3000000,Giải trí,Campaign,Android
ZLP005464,2024-05-30,23.0,Female,Hải Phòng,2,1,1,1000000,Thực phẩm & Ăn uống,Organic,Android
ZLP005465,2024-07-29,18.0,Male,Hồ Chí Minh,1,0,1,1000000,Giải trí,Organic,Android
ZLP005466,2024-08-28,27.0,Male,Hà Nội,1,1,1,2000000,Viễn thông,Unknown,Android
ZLP005467,2023-12-18,29.0,Female,Nghệ An,3,1,1,2000000,Điện & Nước,Referral,Android
ZLP005468,2023-12-18,29.0,Female,Cần Thơ,2,1,0,5000000,Thời trang,Referral,Android
ZLP005469,2023-12-18,26.0,Female,Bình Dương,3,1,1,5000000,Chăm sóc sức khỏe,Referral,Android
ZLP005470,2023-12-18,28.0,Female,Hà Nội,1,1,1,2000000,Thời trang,Organic,iOS
ZLP005471,2024-03-31,37.0,Female,Hồ Chí Minh,1,1,1,2000000,Điện & Nước,Organic,Android
ZLP005472,2023-12-18,30.0,Female,Cần Thơ,2,0,1,3000000,Điện & Nước,Campaign,Android
ZLP005473,2023-01-01,25.0,Male,Cần Thơ,2,0,1,2000000,Điện tử,Campaign,iOS
ZLP005474,2024-01-01,24.0,Male,Hồ Chí Minh,1,1,1,1000000,Chăm sóc sức khỏe,Social,Android
ZLP005475,2023-11-02,26.0,Female,Hà Nội,1,1,1,3000000,Viễn thông,Organic,Android
ZLP005476,2023-01-01,37.0,Male,An Giang,3,1,1,3000000,Thực phẩm & Ăn uống,Organic,Android
ZLP005477,2024-01-01,26.0,Female,Hồ Chí Minh,1,0,1,1000000,Giải trí,Unknown,Android
ZLP005478,2023-11-02,27.0,Female,Hà Nội,1,0,1,3000000,Thực phẩm & Ăn uống,Campaign,Android
ZLP005479,2024-01-01,25.0,Other,Hà Nội,1,1,0,2000000,Điện & Nước,Organic,Android
ZLP005480,2023-12-02,34.0,Male,Đồng Nai,3,1,1,1000000,Du lịch & Vận chuyển,Organic,iOS
ZLP005481,2024-03-01,39.0,Male,Đồng Nai,3,1,1,2000000,Thực phẩm & Ăn uống,Organic,Android
ZLP005482,2024-11-26,30.0,Female,Bình Dương,3,1,1,1000000,Thực phẩm & Ăn uống,Organic,iOS
ZLP005483,2024-01-31,28.0,Female,Hà Nội,1,1,1,1000000,Điện & Nước,Campaign,iOS
ZLP005484,2024-03-31,28.0,Female,Hồ Chí Minh,1,1,1,3000000,Thực phẩm & Ăn uống,Campaign,Android
ZLP005485,2024-09-27,18.0,Male,Hà Nội,1,1,1,5000000,Điện tử,Campaign,Android
ZLP005486,2023-12-18,32.0,Male,Cần Thơ,2,1,1,1000000,Điện tử,Organic,Android
ZLP005487,2023-10-03,28.0,Female,Bình Dương,3,1,1,5000000,Thực phẩm & Ăn uống,Campaign,Android
ZLP005488,2023-12-02,30.0,Female,Nghệ An,3,1,1,1000000,Điện tử,Social,Android
ZLP005489,2023-12-18,23.0,Female,Hà Nội,1,1,1,1000000,Thực phẩm & Ăn uống,Organic,Android
ZLP005490,2024-03-31,27.0,Male,Cần Thơ,2,1,1,500000,Điện tử,Unknown,Android
ZLP005491,2023-01-01,25.0,Male,Đà Nẵng,2,0,1,1000000,Điện & Nước,Campaign,Android
ZLP005492,2024-07-29,34.0,Female,Hồ Chí Minh,1,0,0,2000000,Viễn thông,Organic,iOS
ZLP005493,2023-07-05,25.0,Female,Hà Nội,1,1,1,5000000,Du lịch & Vận chuyển,Organic,Android
ZLP005494,2024-08-28,40.0,Female,Đà Nẵng,2,1,1,1000000,Viễn thông,Organic,Android
ZLP005495,2024-09-27,30.0,Male,Nghệ An,3,1,1,1000000,Viễn thông,Campaign,Android
ZLP005496,2024-11-26,20.0,Male,Hà Nội,1,1,1,3000000,Điện & Nước,Campaign,iOS
ZLP005497,2024-06-29,27.0,Female,Thanh Hóa,3,1,1,1000000,Thực phẩm & Ăn uống,Social,iOS
ZLP005498,2023-10-03,24.0,Male,Đà Nẵng,2,1,1,2000000,Điện & Nước,Unknown,iOS
ZLP005499,2024-04-30,18.0,Female,Hồ Chí Minh,1,1,1,2000000,Thực phẩm & Ăn uống,Unknown,Unknown
ZLP005500,2023-11-02,27.0,Female,Hồ Chí Minh,1,1,1,1000000,Du lịch & Vận chuyển,Unknown,Android
ZLP005501,2024-08-28,32.0,Male,Hồ Chí Minh,1,1,1,3000000,Chăm sóc sức khỏe,Unknown,Android
ZLP005502,2023-12-02,31.0,Male,Hà Nội,1,1,1,500000,Điện & Nước,Organic,iOS
ZLP005503,2023-12-02,28.0,Female,Hồ Chí Minh,1,1,1,1000000,Viễn thông,Organic,Android
ZLP005504,2024-08-28,19.0,Male,Hà Nội,1,0,1,1000000,Viễn thông,Campaign,iOS
ZLP005505,2023-01-01,25.0,Female,Thanh Hóa,3,1,1,2000000,Điện & Nước,Organic,Android
ZLP005506,2023-11-02,33.0,Female,Cần Thơ,2,1,1,2000000,Điện & Nước,Campaign,Unknown
ZLP005507,2023-12-18,21.0,Female,Bình Dương,3,1,1,2000000,Du lịch & Vận chuyển,Campaign,Android
ZLP005508,2024-04-30,18.0,Female,Hồ Chí Minh,1,1,1,2000000,Viễn thông,Campaign,Android
ZLP005509,2024-03-31,26.0,Male,Hà Nội,1,1,1,2000000,Thực phẩm & Ăn uống,Organic,Android
ZLP005510,2024-03-31,27.0,Male,Hà Nội,1,1,1,1000000,Thực phẩm & Ăn uống,Organic,Android
ZLP005511,2024-08-28,28.0,Male,An Giang,3,1,1,5000000,Điện tử,Organic,iOS
ZLP005512,2023-07-05,32.0,Male,Hồ Chí Minh,1,0,1,5000000,Chăm sóc sức khỏe,Organic,Android
ZLP005513,2024-01-15,31.0,Female,Hà Nội,1,1,1,2000000,Giải trí,Campaign,iOS
ZLP005514,2024-04-30,29.0,Male,Đà Nẵng,2,1,1,500000,Viễn thông,Campaign,iOS
ZLP005515,2024-03-31,35.0,Female,Đà Nẵng,2,1,1,2000000,Viễn thông,Organic,Android
ZLP005516,2024-01-01,18.0,Male,Hải Phòng,2,1,1,1000000,Viễn thông,Organic,iOS
ZLP005517,2023-01-01,31.0,Male,Hồ Chí Minh,1,1,1,2000000,Thực phẩm & Ăn uống,Campaign,iOS
ZLP005518,2023-04-06,31.0,Other,Hà Nội,1,1,1,1000000,Chăm sóc sức khỏe,Organic,iOS
ZLP005519,2023-07-05,20.0,Male,Đồng Nai,3,1,0,3000000,Viễn thông,Unknown,Unknown
ZLP005520,2023-12-02,18.0,Male,Đà Nẵng,2,1,1,500000,Chăm sóc sức khỏe,Campaign,Android
ZLP005521,2023-07-05,23.0,Male,Hà Nội,1,1,1,5000000,Viễn thông,Organic,Android
ZLP005522,2023-12-18,24.0,Male,Hồ Chí Minh,1,1,1,1000000,Điện tử,Social,Android
ZLP005523,2023-10-03,32.0,Female,Bình Dương,3,0,1,2000000,Chăm sóc sức khỏe,Unknown,iOS
ZLP005524,2024-05-30,24.0,Male,Thanh Hóa,3,1,1,5000000,Chăm sóc sức khỏe,Campaign,Android
ZLP005525,2024-07-29,22.0,Female,Cần Thơ,2,1,1,1000000,Thực phẩm & Ăn uống,Organic,iOS
ZLP005526,2023-12-18,24.0,Female,Hải Phòng,2,1,1,5000000,Viễn thông,Organic,Android
ZLP005527,2024-01-15,34.0,Female,Đà Nẵng,2,1,1,2000000,Chăm sóc sức khỏe,Organic,Android
ZLP005528,2024-09-27,28.0,Male,Hồ Chí Minh,1,1,0,5000000,Viễn thông,Unknown,Android
ZLP005529,2024-01-31,26.0,Female,Hồ Chí Minh,1,1,1,5000000,Điện & Nước,Unknown,Android
ZLP005530,2024-11-26,27.0,Male,Cần Thơ,2,1,1,1000000,Chăm sóc sức khỏe,Organic,iOS
ZLP005531,2023-10-03,35.0,Female,Hà Nội,1,1,1,3000000,Thực phẩm & Ăn uống,Unknown,Android
ZLP005532,2024-07-29,23.0,Female,Đồng Nai,3,1,1,1000000,Thời trang,Unknown,iOS
ZLP005533,2024-01-15,35.0,Male,Bình Dương,3,0,0,1000000,Du lịch & Vận chuyển,Referral,Android
ZLP005534,2023-01-01,29.0,Female,Thanh Hóa,3,1,1,500000,Điện & Nước,Social,Android
ZLP005535,2024-11-26,27.0,Female,Đà Nẵng,2,1,1,1000000,Thời trang,Organic,iOS
ZLP005536,2024-11-26,43.0,Female,Hà Nội,1,1,1,2000000,Thời trang,Referral,Android
ZLP005537,2023-12-18,21.0,Male,Hà Nội,1,1,1,2000000,Chăm sóc sức khỏe,Organic,iOS
ZLP005538,2024-09-27,25.0,Female,Hà Nội,1,1,1,3000000,Thực phẩm & Ăn uống,Unknown,Android
ZLP005539,2023-10-03,20.0,Female,Hải Phòng,2,1,1,1000000,Thực phẩm & Ăn uống,Referral,Android
ZLP005540,2024-03-31,33.0,Female,Hồ Chí Minh,1,1,1,5000000,Thực phẩm & Ăn uống,Campaign,iOS
ZLP005541,2023-10-03,38.0,Female,Thanh Hóa,3,1,1,500000,Điện & Nước,Social,iOS
ZLP005542,2023-11-02,38.0,Male,Thanh Hóa,3,1,1,500000,Thực phẩm & Ăn uống,Organic,Unknown
ZLP005543,2024-05-30,35.0,Male,Đà Nẵng,2,1,1,3000000,Thực phẩm & Ăn uống,Campaign,iOS
ZLP005544,2023-12-18,26.0,Female,Hà Nội,1,1,0,3000000,Viễn thông,Social,Android
ZLP005545,2023-01-01,25.0,Female,Hồ Chí Minh,1,1,1,3000000,Chăm sóc sức khỏe,Organic,Android
ZLP005546,2023-12-18,18.0,Female,Hồ Chí Minh,1,1,1,2000000,Thực phẩm & Ăn uống,Referral,Android
ZLP005547,2023-11-02,40.0,Female,Hồ Chí Minh,1,0,1,1000000,Viễn thông,Campaign,Android
ZLP005548,2024-03-31,30.0,Male,Hà Nội,1,1,1,500000,Điện & Nước,Campaign,Android
ZLP005549,2023-11-02,25.0,Male,Hồ Chí Minh,1,1,1,2000000,Điện & Nước,Referral,iOS
ZLP005550,2024-07-29,35.0,Female,Bình Dương,3,1,1,2000000,Giải trí,Unknown,iOS
ZLP005551,2023-11-02,22.0,Male,Hà Nội,1,0,1,1000000,Giải trí,Organic,Unknown
ZLP005552,2023-12-18,30.0,Female,Hồ Chí Minh,1,1,1,2000000,Du lịch & Vận chuyển,Organic,Android
ZLP005553,2023-12-02,26.0,Female,Đà Nẵng,2,1,1,3000000,Thực phẩm & Ăn uống,Campaign,Android
ZLP005554,2024-03-31,31.0,Male,Hồ Chí Minh,3,0,1,3000000,Chăm sóc sức khỏe,Referral,Android
ZLP005555,2023-07-05,27.0,Male,Bình Dương,3,1,1,1000000,Chăm sóc sức khỏe,Campaign,Android
ZLP005556,2024-01-01,19.0,Female,Hà Nội,1,1,1,2000000,Viễn thông,Social,Android
ZLP005557,2023-12-02,28.0,Female,Đồng Nai,3,1,1,1000000,Thời trang,Social,Android
ZLP005558,2024-08-28,34.0,Female,Bình Dương,3,1,1,1000000,Giải trí,Campaign,iOS
ZLP005559,2023-07-05,27.0,Female,An Giang,3,1,1,3000000,Viễn thông,Organic,iOS
ZLP005560,2024-06-29,32.0,Female,Hồ Chí Minh,1,1,1,2000000,Điện tử,Organic,iOS
ZLP005561,2023-10-03,21.0,Male,Hải Phòng,2,0,1,3000000,Điện tử,Campaign,iOS
ZLP005562,2023-07-05,27.0,Male,Hà Nội,1,1,1,1000000,Thực phẩm & Ăn uống,Unknown,Android
ZLP005563,2023-11-02,24.0,Male,Nghệ An,3,1,1,5000000,Thực phẩm & Ăn uống,Campaign,Android
ZLP005564,2023-07-05,32.0,Male,Hà Nội,1,1,1,1000000,Thực phẩm & Ăn uống,Campaign,Android
ZLP005565,2024-01-15,28.0,Male,An Giang,3,0,1,3000000,Thực phẩm & Ăn uống,Referral,iOS
ZLP005566,2024-11-26,32.0,Male,Nghệ An,3,1,1,1000000,Điện & Nước,Organic,Android
ZLP005567,2023-04-06,34.0,Male,Hồ Chí Minh,1,0,1,1000000,Chăm sóc sức khỏe,Organic,iOS
ZLP005568,2024-01-01,32.0,Male,Thanh Hóa,3,1,1,1000000,Điện tử,Campaign,Android
ZLP005569,2023-12-18,29.0,Female,Hồ Chí Minh,1,0,1,1000000,Giải trí,Unknown,Android
ZLP005570,2023-12-02,22.0,Female,Hồ Chí Minh,1,1,1,2000000,Viễn thông,Unknown,iOS
ZLP005571,2023-12-02,27.0,Male,Hà Nội,1,0,1,5000000,Điện & Nước,Referral,Android
ZLP005572,2024-08-28,24.0,Female,Thanh Hóa,3,1,1,1000000,Thực phẩm & Ăn uống,Campaign,Android
ZLP005573,2023-01-01,25.0,Male,Hà Nội,1,1,1,2000000,Thực phẩm & Ăn uống,Campaign,iOS
ZLP005574,2024-05-30,25.0,Female,Đà Nẵng,2,1,1,3000000,Viễn thông,Unknown,iOS
ZLP005575,2023-11-02,22.0,Male,Bình Dương,3,1,1,2000000,Thực phẩm & Ăn uống,Referral,Android
ZLP005576,2023-12-18,18.0,Female,Nghệ An,3,1,1,1000000,Thời trang,Unknown,Android
ZLP005577,2023-12-18,23.0,Female,Đồng Nai,3,0,1,5000000,Điện & Nước,Organic,Android
ZLP005578,2023-12-02,29.0,Female,Hồ Chí Minh,1,1,1,1000000,Điện tử,Organic,Android
ZLP005579,2023-07-05,19.0,Male,Hà Nội,1,1,1,2000000,Du lịch & Vận chuyển,Referral,Android
ZLP005580,2023-07-05,28.0,Female,Hồ Chí Minh,1,0,1,3000000,Viễn thông,Referral,iOS
ZLP005581,2023-12-02,39.0,Male,Cần Thơ,2,1,1,500000,Chăm sóc sức khỏe,Organic,Android
ZLP005582,2024-06-29,34.0,Male,Hồ Chí Minh,1,0,0,3000000,Thực phẩm & Ăn uống,Social,Android
ZLP005583,2023-10-03,37.0,Female,Hồ Chí Minh,1,0,1,1000000,Điện tử,Social,Android
ZLP005584,2024-05-30,30.0,Male,Hải Phòng,2,1,1,1000000,Điện tử,Unknown,Android
ZLP005585,2023-12-02,35.0,Female,Hà Nội,1,1,1,1000000,Viễn thông,Referral,Android
ZLP005586,2024-08-28,23.0,Male,Đà Nẵng,2,0,1,5000000,Chăm sóc sức khỏe,Organic,Android
ZLP005587,2023-12-18,24.0,Female,Hà Nội,1,1,1,3000000,Điện & Nước,Unknown,Android
ZLP005588,2023-10-03,18.0,Female,Hồ Chí Minh,1,1,1,1000000,Giải trí,Organic,iOS
ZLP005589,2024-11-26,27.0,Male,Hà Nội,1,1,1,1000000,Thực phẩm & Ăn uống,Organic,iOS
ZLP005590,2023-10-03,37.0,Male,Hà Nội,1,1,1,1000000,Viễn thông,Referral,Unknown
ZLP005591,2024-01-31,24.0,Female,An Giang,3,1,1,2000000,Điện & Nước,Campaign,iOS
ZLP005592,2024-01-31,26.0,Female,Hà Nội,1,1,1,3000000,Chăm sóc sức khỏe,Unknown,Unknown
ZLP005593,2023-12-18,23.0,Female,Hà Nội,1,1,1,5000000,Thời trang,Campaign,Android
ZLP005594,2024-09-27,30.0,Male,Đồng Nai,3,1,1,3000000,Giải trí,Organic,Android
ZLP005595,2024-07-29,34.0,Female,Bình Dương,3,0,1,2000000,Thời trang,Unknown,Android
ZLP005596,2024-06-29,18.0,Male,Đồng Nai,3,1,1,1000000,Thực phẩm & Ăn uống,Campaign,Android
ZLP005597,2024-11-26,30.0,Male,Nghệ An,3,0,0,500000,Chăm sóc sức khỏe,Campaign,iOS
ZLP005598,2024-01-01,26.0,Female,Đồng Nai,3,1,1,2000000,Viễn thông,Campaign,Android
ZLP005599,2023-07-05,28.0,Male,Hà Nội,1,1,1,2000000,Viễn thông,Social,Android
ZLP005600,2024-05-30,30.0,Male,Đồng Nai,3,1,1,3000000,Điện & Nước,Organic,Android
ZLP005601,2023-12-18,26.0,Male,Đà Nẵng,2,1,1,1000000,Viễn thông,Organic,Android
ZLP005602,2023-10-03,27.0,Female,Hồ Chí Minh,1,1,1,500000,Viễn thông,Campaign,Android
ZLP005603,2024-01-15,26.0,Female,Hà Nội,1,1,1,2000000,Viễn thông,Unknown,Android
ZLP005604,2024-09-27,33.0,Female,Hồ Chí Minh,1,1,1,5000000,Thực phẩm & Ăn uống,Unknown,Android
ZLP005605,2023-10-03,30.0,Female,Hồ Chí Minh,1,1,1,3000000,Thời trang,Organic,iOS
ZLP005606,2024-07-29,29.0,Female,Hồ Chí Minh,1,1,1,500000,Viễn thông,Referral,Android
ZLP005607,2023-12-18,20.0,Female,Hồ Chí Minh,1,1,1,3000000,Thời trang,Social,Android
ZLP005608,2023-10-03,25.0,Male,Hải Phòng,2,1,1,2000000,Điện & Nước,Campaign,Android
ZLP005609,2024-07-29,33.0,Male,Nghệ An,3,1,1,1000000,Du lịch & Vận chuyển,Social,Android
ZLP005610,2024-11-26,28.0,Male,Đà Nẵng,2,1,1,1000000,Điện & Nước,Organic,Android
ZLP005611,2023-12-02,31.0,Female,Hồ Chí Minh,2,0,1,2000000,Du lịch & Vận chuyển,Campaign,iOS
ZLP005612,2023-12-02,38.0,Female,Hồ Chí Minh,1,1,1,2000000,Thời trang,Campaign,iOS
ZLP005613,2023-12-18,34.0,Male,An Giang,3,0,1,2000000,Điện tử,Campaign,iOS
ZLP005614,2024-06-29,28.0,Male,Đà Nẵng,2,1,1,2000000,Viễn thông,Organic,iOS
ZLP005615,2023-01-01,24.0,Female,Hồ Chí Minh,1,1,1,1000000,Điện & Nước,Campaign,iOS
ZLP005616,2023-11-02,18.0,Female,Hồ Chí Minh,1,1,1,1000000,Giải trí,Organic,Android
ZLP005617,2024-04-30,26.0,Female,Hà Nội,1,1,1,3000000,Thực phẩm & Ăn uống,Referral,iOS
ZLP005618,2023-12-18,26.0,Male,Hồ Chí Minh,1,0,1,2000000,Thực phẩm & Ăn uống,Referral,iOS
ZLP005619,2023-12-02,30.0,Male,Hà Nội,1,1,1,2000000,Giải trí,Campaign,Android
ZLP005620,2024-07-29,27.0,Male,Hồ Chí Minh,1,1,1,1000000,Thực phẩm & Ăn uống,Campaign,iOS
ZLP005621,2024-08-28,26.0,Male,Hồ Chí Minh,1,1,1,500000,Điện & Nước,Campaign,Unknown
ZLP005622,2024-09-27,18.0,Male,Hồ Chí Minh,1,1,1,1000000,Thời trang,Unknown,Android
ZLP005623,2023-11-02,22.0,Female,Thanh Hóa,3,1,1,500000,Thời trang,Referral,Android
ZLP005624,2024-08-28,30.0,Male,Hồ Chí Minh,1,1,1,2000000,Chăm sóc sức khỏe,Referral,Android
ZLP005625,2024-05-30,38.0,Male,Hồ Chí Minh,1,1,1,3000000,Giải trí,Organic,Android
ZLP005626,2023-10-03,27.0,Male,Bình Dương,3,1,1,1000000,Viễn thông,Organic,Android
ZLP005627,2024-03-01,29.0,Female,Hải Phòng,2,1,1,3000000,Điện tử,Organic,Android
ZLP005628,2023-01-01,27.0,Female,Hà Nội,1,1,1,3000000,Thực phẩm & Ăn uống,Campaign,Android
ZLP005629,2024-04-30,23.0,Female,Hải Phòng,2,1,1,1000000,Chăm sóc sức khỏe,Referral,iOS
ZLP005630,2024-04-30,30.0,Male,Hà Nội,1,1,0,2000000,Điện & Nước,Unknown,Android
ZLP005631,2024-06-29,23.0,Male,Hồ Chí Minh,1,1,1,1000000,Thực phẩm & Ăn uống,Referral,Android
ZLP005632,2023-10-03,33.0,Male,Hà Nội,1,1,1,2000000,Điện & Nước,Unknown,Android
ZLP005633,2024-03-01,28.0,Male,Cần Thơ,2,1,1,1000000,Thời trang,Organic,iOS
ZLP005634,2023-10-03,29.0,Female,Hà Nội,1,1,1,2000000,Điện & Nước,Social,Android
ZLP005635,2024-09-27,23.0,Female,Cần Thơ,2,0,1,2000000,Giải trí,Referral,Android
ZLP005636,2024-03-31,27.0,Female,Hồ Chí Minh,1,1,0,500000,Thời trang,Organic,Android
ZLP005637,2023-07-05,40.0,Female,Bình Dương,3,1,1,1000000,Thực phẩm & Ăn uống,Referral,Android
ZLP005638,2023-10-03,21.0,Female,Hà Nội,1,0,1,1000000,Giải trí,Campaign,iOS
ZLP005639,2024-03-31,25.0,Male,Hà Nội,1,1,1,2000000,Thực phẩm & Ăn uống,Campaign,Android
ZLP005640,2024-01-01,29.0,Other,Đà Nẵng,2,1,1,3000000,Điện tử,Unknown,Android
ZLP005641,2024-05-30,32.0,Male,Bình Dương,3,1,1,1000000,Điện & Nước,Campaign,iOS
ZLP005642,2023-12-02,24.0,Female,Hồ Chí Minh,1,0,1,1000000,Điện tử,Organic,Android
ZLP005643,2024-03-31,18.0,Male,Hải Phòng,2,0,1,2000000,Điện & Nước,Organic,Android
ZLP005644,2023-10-03,36.0,Male,Bình Dương,3,1,1,1000000,Chăm sóc sức khỏe,Unknown,Android
ZLP005645,2024-01-31,32.0,Female,Hồ Chí Minh,1,1,1,2000000,Du lịch & Vận chuyển,Referral,Android
ZLP005646,2024-09-27,18.0,Female,Thanh Hóa,3,1,1,1000000,Viễn thông,Campaign,Android
ZLP005647,2024-03-01,24.0,Male,Cần Thơ,2,0,1,3000000,Du lịch & Vận chuyển,Campaign,Android
ZLP005648,2023-04-06,37.0,Male,Hà Nội,1,1,1,2000000,Thực phẩm & Ăn uống,Social,Android
ZLP005649,2024-11-26,36.0,Male,Hồ Chí Minh,1,1,1,500000,Thời trang,Campaign,Android
ZLP005650,2023-10-03,33.0,Female,Đà Nẵng,2,1,1,2000000,Thực phẩm & Ăn uống,Campaign,Android
ZLP005651,2024-04-30,26.0,Female,Hồ Chí Minh,1,1,1,2000000,Thực phẩm & Ăn uống,Social,Android
ZLP005652,2024-01-31,28.0,Male,Hà Nội,1,1,1,1000000,Du lịch & Vận chuyển,Organic,Android
ZLP005653,2023-12-02,27.0,Male,Hà Nội,1,1,1,500000,Giải trí,Referral,iOS
ZLP005654,2023-10-03,34.0,Female,Bình Dương,3,1,1,1000000,Thực phẩm & Ăn uống,Unknown,Android
ZLP005655,2023-10-03,22.0,Male,Hồ Chí Minh,1,1,1,2000000,Thực phẩm & Ăn uống,Campaign,Android
ZLP005656,2024-07-29,23.0,Male,Đồng Nai,3,1,1,1000000,Điện & Nước,Social,Android
ZLP005657,2024-07-29,34.0,Female,Hà Nội,1,1,1,2000000,Viễn thông,Unknown,iOS
ZLP005658,2024-01-01,27.0,Female,Hà Nội,1,0,1,3000000,Thực phẩm & Ăn uống,Social,Android
ZLP005659,2023-07-05,36.0,Female,Đồng Nai,3,1,1,3000000,Viễn thông,Organic,Android
ZLP005660,2024-08-28,23.0,Male,Cần Thơ,2,1,1,2000000,Thời trang,Organic,Android
ZLP005661,2024-01-15,27.0,Female,Hà Nội,1,1,1,2000000,Điện tử,Campaign,iOS
ZLP005662,2024-01-01,22.0,Male,Hà Nội,1,1,1,2000000,Thời trang,Referral,Android
ZLP005663,2023-12-18,28.0,Female,Hà Nội,1,0,1,5000000,Thực phẩm & Ăn uống,Unknown,iOS
ZLP005664,2023-12-18,19.0,Male,Đà Nẵng,2,1,1,1000000,Điện tử,Unknown,Android
ZLP005665,2024-01-15,25.0,Male,Hà Nội,1,1,1,1000000,Viễn thông,Organic,Android
ZLP005666,2024-03-01,19.0,Male,Hồ Chí Minh,3,1,1,1000000,Thực phẩm & Ăn uống,Organic,iOS
ZLP005667,2024-01-01,32.0,Male,Đà Nẵng,2,1,1,2000000,Viễn thông,Organic,Android
ZLP005668,2024-08-28,32.0,Female,Hồ Chí Minh,1,1,1,500000,Thời trang,Referral,iOS
ZLP005669,2023-12-02,18.0,Female,Hà Nội,1,1,1,1000000,Thực phẩm & Ăn uống,Campaign,iOS
ZLP005670,2024-01-31,36.0,Male,Hồ Chí Minh,1,1,1,2000000,Viễn thông,Organic,iOS
ZLP005671,2023-12-02,42.0,Male,Hà Nội,1,1,1,5000000,Viễn thông,Social,Android
ZLP005672,2024-05-30,28.0,Male,Đà Nẵng,2,1,1,5000000,Viễn thông,Campaign,Android
ZLP005673,2023-07-05,24.0,Female,Đà Nẵng,2,1,1,3000000,Du lịch & Vận chuyển,Organic,Android
ZLP005674,2023-10-03,44.0,Female,Bình Dương,3,0,1,2000000,Thực phẩm & Ăn uống,Organic,Android
ZLP005675,2024-06-29,27.0,Male,Hồ Chí Minh,1,0,1,3000000,Điện tử,Unknown,Android
ZLP005676,2023-10-03,28.0,Female,Nghệ An,3,1,1,3000000,Du lịch & Vận chuyển,Unknown,iOS
ZLP005677,2024-03-01,29.0,Female,Hà Nội,1,1,1,5000000,Viễn thông,Organic,iOS
ZLP005678,2024-11-26,36.0,Female,Hà Nội,1,1,1,2000000,Du lịch & Vận chuyển,Organic,iOS
ZLP005679,2024-01-15,30.0,Male,Bình Dương,3,1,1,1000000,Thời trang,Referral,Android
ZLP005680,2023-10-03,25.0,Male,Đồng Nai,3,0,1,500000,Chăm sóc sức khỏe,Referral,iOS
ZLP005681,2023-12-02,22.0,Male,Hà Nội,1,1,1,5000000,Điện & Nước,Campaign,Android
ZLP005682,2024-06-29,25.0,Female,Bình Dương,3,0,1,500000,Viễn thông,Campaign,iOS
ZLP005683,2023-12-02,21.0,Female,Hải Phòng,2,0,1,1000000,Viễn thông,Referral,iOS
ZLP005684,2024-04-30,28.0,Female,Đồng Nai,3,1,1,2000000,Điện tử,Unknown,Android
ZLP005685,2024-05-30,24.0,Male,Hồ Chí Minh,1,1,1,500000,Điện & Nước,Referral,iOS
ZLP005686,2024-01-15,19.0,Male,Đồng Nai,3,0,1,5000000,Chăm sóc sức khỏe,Organic,iOS
ZLP005687,2024-05-30,35.0,Male,Đồng Nai,3,1,1,1000000,Viễn thông,Referral,Android
ZLP005688,2023-12-02,25.0,Female,Cần Thơ,2,1,1,500000,Viễn thông,Organic,iOS
ZLP005689,2024-01-15,20.0,Male,Hồ Chí Minh,3,1,1,5000000,Viễn thông,Campaign,Android
ZLP005690,2024-04-30,26.0,Male,Thanh Hóa,3,1,1,1000000,Điện tử,Campaign,Android
ZLP005691,2023-10-03,28.0,Female,Hà Nội,1,0,1,3000000,Du lịch & Vận chuyển,Social,Android
ZLP005692,2023-11-02,18.0,Male,Hồ Chí Minh,1,1,1,2000000,Du lịch & Vận chuyển,Organic,iOS
ZLP005693,2024-03-31,29.0,Male,Hà Nội,1,1,1,2000000,Điện & Nước,Social,Android
ZLP005694,2024-03-31,21.0,Male,Hồ Chí Minh,1,1,1,1000000,Viễn thông,Referral,iOS
ZLP005695,2024-01-15,38.0,Female,Hà Nội,1,0,1,2000000,Điện tử,Organic,iOS
ZLP005696,2024-06-29,31.0,Female,Đà Nẵng,2,0,1,1000000,Thời trang,Organic,iOS
ZLP005697,2024-01-15,25.0,Female,Hà Nội,1,1,1,5000000,Thực phẩm & Ăn uống,Organic,iOS
ZLP005698,2024-08-28,23.0,Female,Bình Dương,3,1,1,500000,Chăm sóc sức khỏe,Social,iOS
ZLP005699,2024-05-30,27.0,Female,Đồng Nai,3,1,1,1000000,Điện & Nước,Organic,Android
ZLP005700,2023-12-02,31.0,Female,Hà Nội,1,1,1,3000000,Thời trang,Organic,Android
ZLP005701,2023-12-18,27.0,Female,An Giang,3,0,1,2000000,Viễn thông,Organic,iOS
ZLP005702,2024-03-31,26.0,Female,Hồ Chí Minh,1,0,1,2000000,Thực phẩm & Ăn uống,Campaign,Android
ZLP005703,2024-08-28,28.0,Male,Hải Phòng,2,0,1,2000000,Thực phẩm & Ăn uống,Campaign,iOS
ZLP005704,2023-10-03,24.0,Male,Đồng Nai,3,1,1,500000,Giải trí,Organic,iOS
ZLP005705,2024-01-15,25.0,Male,Hà Nội,1,0,1,500000,Thực phẩm & Ăn uống,Unknown,Android
ZLP005706,2023-07-05,18.0,Female,Hà Nội,1,1,1,5000000,Giải trí,Social,Android
ZLP005707,2023-12-02,33.0,Female,Hà Nội,1,1,1,1000000,Viễn thông,Campaign,iOS
ZLP005708,2024-04-30,29.0,Female,Đồng Nai,3,0,1,2000000,Điện tử,Campaign,iOS
ZLP005709,2023-07-05,23.0,Male,Hải Phòng,2,1,1,2000000,Điện tử,Campaign,Android
ZLP005710,2024-03-31,39.0,Male,Hà Nội,1,1,1,1000000,Chăm sóc sức khỏe,Referral,Android
ZLP005711,2024-08-28,28.0,Male,Đà Nẵng,2,1,0,3000000,Điện tử,Campaign,Android
ZLP005712,2024-11-26,21.0,Female,Hồ Chí Minh,1,1,1,2000000,Điện tử,Campaign,iOS
ZLP005713,2023-11-02,33.0,Male,Hà Nội,1,1,1,3000000,Điện tử,Campaign,iOS
ZLP005714,2024-05-30,30.0,Female,Thanh Hóa,3,1,1,1000000,Giải trí,Social,Android
ZLP005715,2024-09-27,30.0,Male,Hồ Chí Minh,1,1,1,1000000,Viễn thông,Campaign,Android
ZLP005716,2023-07-05,25.0,Male,Nghệ An,3,1,1,3000000,Điện & Nước,Social,Android
ZLP005717,2023-12-18,30.0,Female,Đồng Nai,3,1,1,1000000,Điện tử,Organic,Android
ZLP005718,2024-09-27,26.0,Male,Thanh Hóa,3,1,1,2000000,Điện & Nước,Unknown,iOS
ZLP005719,2023-11-02,31.0,Male,Hồ Chí Minh,1,1,1,3000000,Điện tử,Social,Android
ZLP005720,2024-09-27,18.0,Female,Hồ Chí Minh,1,1,1,2000000,Viễn thông,Social,Unknown
ZLP005721,2024-01-15,25.0,Male,Hồ Chí Minh,1,1,1,2000000,Điện & Nước,Organic,Android
ZLP005722,2023-07-05,27.0,Other,Bình Dương,3,1,1,1000000,Điện tử,Organic,iOS
ZLP005723,2024-01-01,23.0,Female,Cần Thơ,2,1,1,3000000,Điện & Nước,Unknown,iOS
ZLP005724,2023-12-02,24.0,Male,Hồ Chí Minh,1,0,1,1000000,Viễn thông,Unknown,iOS
ZLP005725,2023-12-02,25.0,Female,Đồng Nai,3,1,1,5000000,Thực phẩm & Ăn uống,Organic,Android
ZLP005726,2024-01-31,20.0,Male,Hà Nội,1,0,1,1000000,Điện & Nước,Campaign,Android
ZLP005727,2024-01-15,18.0,Female,Hồ Chí Minh,1,1,1,3000000,Du lịch & Vận chuyển,Organic,Android
ZLP005728,2024-01-15,26.0,Female,Hà Nội,1,1,1,2000000,Thời trang,Organic,iOS
ZLP005729,2023-07-05,28.0,Female,Hồ Chí Minh,1,0,0,1000000,Du lịch & Vận chuyển,Organic,Android
ZLP005730,2024-06-29,27.0,Male,Hồ Chí Minh,1,1,1,2000000,Điện tử,Organic,Android
ZLP005731,2024-01-15,27.0,Male,Hà Nội,1,1,1,1000000,Giải trí,Campaign,iOS
ZLP005732,2024-06-29,28.0,Male,Hải Phòng,2,1,1,1000000,Thực phẩm & Ăn uống,Organic,iOS
ZLP005733,2024-06-29,34.0,Female,Đồng Nai,3,1,0,1000000,Điện & Nước,Unknown,Android
ZLP005734,2023-12-02,26.0,Female,Hồ Chí Minh,1,1,1,3000000,Điện & Nước,Campaign,iOS
ZLP005735,2023-01-01,24.0,Female,Bình Dương,3,1,1,1000000,Thời trang,Campaign,iOS
ZLP005736,2024-08-28,26.0,Female,Đà Nẵng,2,1,1,5000000,Thực phẩm & Ăn uống,Unknown,Android
ZLP005737,2024-05-30,31.0,Male,Hà Nội,1,1,1,500000,Điện & Nước,Unknown,Android
ZLP005738,2023-07-05,36.0,Male,Bình Dương,3,1,1,2000000,Viễn thông,Organic,iOS
ZLP005739,2024-04-30,24.0,Male,Bình Dương,3,1,1,3000000,Thực phẩm & Ăn uống,Campaign,iOS
ZLP005740,2023-01-01,28.0,Male,Cần Thơ,2,1,1,5000000,Thực phẩm & Ăn uống,Campaign,Android
ZLP005741,2023-01-01,30.0,Male,Cần Thơ,2,1,1,1000000,Du lịch & Vận chuyển,Social,Android
ZLP005742,2024-01-15,22.0,Female,Bình Dương,3,1,1,2000000,Điện & Nước,Referral,iOS
ZLP005743,2023-07-05,28.0,Male,Hà Nội,1,1,1,1000000,Thực phẩm & Ăn uống,Campaign,iOS
ZLP005744,2024-11-26,19.0,Male,Hải Phòng,2,1,1,1000000,Thực phẩm & Ăn uống,Campaign,Android
ZLP005745,2024-08-28,18.0,Female,Hồ Chí Minh,1,1,0,3000000,Điện & Nước,Campaign,iOS
ZLP005746,2024-03-31,30.0,Male,Hải Phòng,2,0,1,1000000,Điện tử,Campaign,Android
ZLP005747,2023-04-06,25.0,Female,Hà Nội,1,1,1,1000000,Thực phẩm & Ăn uống,Organic,Android
ZLP005748,2023-12-02,29.0,Male,Hồ Chí Minh,1,0,1,1000000,Thực phẩm & Ăn uống,Unknown,iOS
ZLP005749,2023-12-18,27.0,Female,Cần Thơ,2,1,1,500000,Điện tử,Referral,Android
ZLP005750,2024-01-15,22.0,Female,Hà Nội,1,1,1,1000000,Viễn thông,Campaign,Android
ZLP005751,2023-10-03,27.0,Male,Đồng Nai,3,1,1,3000000,Thực phẩm & Ăn uống,Campaign,Android
ZLP005752,2024-01-31,20.0,Female,Hà Nội,1,1,0,500000,Điện & Nước,Organic,Android
ZLP005753,2024-01-01,36.0,Female,Cần Thơ,2,1,1,2000000,Thực phẩm & Ăn uống,Campaign,Android
ZLP005754,2024-09-27,19.0,Female,Hà Nội,1,1,1,3000000,Thực phẩm & Ăn uống,Referral,Android
ZLP005755,2024-09-27,26.0,Male,Hồ Chí Minh,1,1,1,2000000,Viễn thông,Campaign,Unknown
ZLP005756,2024-01-31,21.0,Male,Hà Nội,1,1,1,3000000,Điện & Nước,Campaign,iOS
ZLP005757,2024-03-31,27.0,Female,Cần Thơ,2,1,1,2000000,Điện & Nước,Unknown,Android
ZLP005758,2023-10-03,26.0,Female,Cần Thơ,2,0,1,2000000,Viễn thông,Social,iOS
ZLP005759,2023-11-02,24.0,Male,Đà Nẵng,2,1,1,2000000,Viễn thông,Referral,Android
ZLP005760,2024-08-28,33.0,Male,Thanh Hóa,3,1,1,5000000,Thực phẩm & Ăn uống,Referral,Android
ZLP005761,2024-04-30,28.0,Male,Bình Dương,3,0,1,5000000,Viễn thông,Organic,iOS
ZLP005762,2023-10-03,31.0,Male,Nghệ An,3,1,0,2000000,Chăm sóc sức khỏe,Referral,Android
ZLP005763,2024-01-31,22.0,Male,Hồ Chí Minh,1,1,1,1000000,Thực phẩm & Ăn uống,Social,iOS
ZLP005764,2024-09-27,19.0,Male,Hồ Chí Minh,1,1,0,2000000,Thời trang,Campaign,iOS
ZLP005765,2023-12-02,28.0,Male,Hà Nội,1,1,1,2000000,Viễn thông,Social,iOS
ZLP005766,2023-10-03,26.0,Male,Hồ Chí Minh,1,1,1,3000000,Thực phẩm & Ăn uống,Social,Android
ZLP005767,2024-09-27,31.0,Female,Đà Nẵng,2,1,1,2000000,Thời trang,Organic,Android
ZLP005768,2024-01-01,27.0,Male,Đà Nẵng,2,1,1,2000000,Viễn thông,Campaign,iOS
ZLP005769,2023-12-18,29.0,Male,Đà Nẵng,2,1,1,2000000,Thực phẩm & Ăn uống,Referral,Android
ZLP005770,2023-11-02,27.0,Male,Bình Dương,3,1,1,500000,Chăm sóc sức khỏe,Organic,Android
ZLP005771,2024-08-28,39.0,Female,Thanh Hóa,3,1,0,3000000,Chăm sóc sức khỏe,Unknown,Android
ZLP005772,2024-07-29,27.0,Female,Hải Phòng,2,1,1,1000000,Thời trang,Organic,Android
ZLP005773,2023-12-18,32.0,Female,Hồ Chí Minh,1,1,1,2000000,Du lịch & Vận chuyển,Campaign,Android
ZLP005774,2023-04-06,22.0,Male,Hà Nội,1,1,1,1000000,Điện tử,Unknown,Android
ZLP005775,2024-01-01,29.0,Female,Hồ Chí Minh,1,1,1,1000000,Điện & Nước,Organic,iOS
ZLP005776,2023-10-03,20.0,Male,Hồ Chí Minh,1,1,1,500000,Thời trang,Campaign,Unknown
ZLP005777,2023-10-03,30.0,Male,Đà Nẵng,2,1,1,5000000,Điện tử,Campaign,Android
ZLP005778,2023-12-18,25.0,Female,Đà Nẵng,2,0,1,2000000,Thời trang,Social,Android
ZLP005779,2023-07-05,28.0,Female,Hồ Chí Minh,1,1,1,1000000,Chăm sóc sức khỏe,Campaign,Android
ZLP005780,2024-09-27,32.0,Female,Bình Dương,3,1,0,3000000,Viễn thông,Organic,iOS
ZLP005781,2023-04-06,20.0,Female,Bình Dương,3,1,1,2000000,Điện & Nước,Unknown,Android
ZLP005782,2023-12-18,23.0,Female,Hồ Chí Minh,1,1,1,2000000,Thời trang,Campaign,Android
ZLP005783,2023-10-03,30.0,Male,Hà Nội,1,1,1,2000000,Điện tử,Referral,Android
ZLP005784,2024-04-30,40.0,Male,An Giang,3,1,1,500000,Điện tử,Organic,Android
ZLP005785,2023-07-05,27.0,Male,Đà Nẵng,2,1,1,1000000,Điện & Nước,Organic,Android
ZLP005786,2024-01-31,31.0,Female,Hà Nội,1,0,1,1000000,Điện tử,Social,Android
ZLP005787,2024-05-30,27.0,Male,Hồ Chí Minh,1,0,1,2000000,Điện & Nước,Organic,Unknown
ZLP005788,2024-09-27,39.0,Female,Hồ Chí Minh,1,1,1,1000000,Chăm sóc sức khỏe,Campaign,iOS
ZLP005789,2024-04-30,27.0,Male,Hồ Chí Minh,1,1,1,2000000,Điện tử,Social,Android
ZLP005790,2023-07-05,28.0,Male,Đồng Nai,3,1,1,1000000,Thời trang,Campaign,Android
ZLP005791,2023-07-05,18.0,Male,Hồ Chí Minh,1,1,1,1000000,Thực phẩm & Ăn uống,Referral,Android
ZLP005792,2024-04-30,18.0,Male,Hà Nội,1,1,1,5000000,Điện tử,Organic,iOS
ZLP005793,2023-11-02,29.0,Female,Hồ Chí Minh,1,1,1,5000000,Điện & Nước,Referral,iOS
ZLP005794,2024-01-01,28.0,Male,Hồ Chí Minh,3,1,1,500000,Chăm sóc sức khỏe,Organic,iOS
ZLP005795,2024-11-26,27.0,Male,Hồ Chí Minh,1,1,1,3000000,Viễn thông,Social,Android
ZLP005796,2024-06-29,27.0,Female,Hà Nội,1,1,1,2000000,Thực phẩm & Ăn uống,Campaign,Android
ZLP005797,2024-07-29,46.0,Male,Đà Nẵng,2,1,1,3000000,Thực phẩm & Ăn uống,Referral,Android
ZLP005798,2024-07-29,26.0,Male,Hà Nội,1,0,1,1000000,Chăm sóc sức khỏe,Organic,iOS
ZLP005799,2024-03-01,31.0,Male,Hà Nội,1,1,1,1000000,Viễn thông,Campaign,Android
ZLP005800,2024-05-30,24.0,Female,Hồ Chí Minh,1,1,1,3000000,Viễn thông,Social,iOS
ZLP005801,2023-12-18,29.0,Male,Đồng Nai,3,1,1,3000000,Điện tử,Unknown,Android
ZLP005802,2024-11-26,26.0,Male,Thanh Hóa,3,1,1,2000000,Thực phẩm & Ăn uống,Organic,iOS
ZLP005803,2023-12-02,25.0,Female,Hà Nội,1,1,0,3000000,Viễn thông,Social,Android
ZLP005804,2024-03-01,27.0,Female,Hồ Chí Minh,1,1,0,2000000,Thời trang,Organic,Android
ZLP005805,2023-12-02,35.0,Male,Hồ Chí Minh,1,1,1,1000000,Điện & Nước,Campaign,Android
ZLP005806,2023-07-05,27.0,Female,Bình Dương,3,1,1,1000000,Chăm sóc sức khỏe,Unknown,iOS
ZLP005807,2024-01-31,18.0,Male,Đà Nẵng,2,1,1,1000000,Thực phẩm & Ăn uống,Unknown,Android
ZLP005808,2023-12-02,25.0,Female,Đồng Nai,3,1,1,3000000,Viễn thông,Organic,Android
ZLP005809,2024-03-01,44.0,Female,Bình Dương,3,1,1,5000000,Thực phẩm & Ăn uống,Organic,Android
ZLP005810,2024-01-31,26.0,Female,An Giang,3,0,1,2000000,Điện & Nước,Unknown,iOS
ZLP005811,2024-01-31,27.0,Female,Hải Phòng,2,1,1,2000000,Thời trang,Campaign,Android
ZLP005812,2023-10-03,36.0,Male,Đồng Nai,3,0,0,3000000,Điện tử,Organic,Android
ZLP005813,2024-01-01,29.0,Male,Hà Nội,1,0,1,1000000,Thực phẩm & Ăn uống,Campaign,Android
ZLP005814,2024-06-29,22.0,Male,Hà Nội,1,1,1,1000000,Thực phẩm & Ăn uống,Organic,Android
ZLP005815,2023-12-02,18.0,Male,Đà Nẵng,2,1,1,2000000,Chăm sóc sức khỏe,Organic,Android
ZLP005816,2024-01-01,32.0,Female,Đà Nẵng,2,1,1,2000000,Thời trang,Unknown,iOS
ZLP005817,2024-01-15,23.0,Female,Cần Thơ,2,1,1,3000000,Điện tử,Campaign,Android
ZLP005818,2024-07-29,29.0,Female,Hồ Chí Minh,1,1,1,1000000,Điện & Nước,Unknown,Android
ZLP005819,2024-03-31,20.0,Female,Cần Thơ,2,1,1,2000000,Điện tử,Referral,Android
ZLP005820,2023-07-05,26.0,Female,Hà Nội,1,1,1,3000000,Thực phẩm & Ăn uống,Unknown,Android
ZLP005821,2024-07-29,28.0,Female,Cần Thơ,2,1,1,500000,Thực phẩm & Ăn uống,Campaign,Android
ZLP005822,2024-06-29,29.0,Female,Hồ Chí Minh,1,1,0,2000000,Du lịch & Vận chuyển,Referral,iOS
ZLP005823,2024-05-30,21.0,Female,Hà Nội,1,1,0,1000000,Điện & Nước,Unknown,Android
ZLP005824,2024-01-01,35.0,Male,Hồ Chí Minh,1,0,1,2000000,Viễn thông,Campaign,iOS
ZLP005825,2024-05-30,24.0,Female,Hải Phòng,2,0,1,3000000,Thực phẩm & Ăn uống,Referral,Android
ZLP005826,2024-01-01,18.0,Male,Hà Nội,1,1,1,1000000,Viễn thông,Campaign,Android
ZLP005827,2024-05-30,27.0,Female,Hồ Chí Minh,1,1,1,3000000,Thực phẩm & Ăn uống,Unknown,iOS
ZLP005828,2024-08-28,28.0,Female,Hồ Chí Minh,1,1,1,1000000,Thực phẩm & Ăn uống,Campaign,Android
ZLP005829,2024-08-28,28.0,Male,Cần Thơ,2,1,1,1000000,Chăm sóc sức khỏe,Social,iOS
ZLP005830,2024-01-01,36.0,Female,Hồ Chí Minh,1,1,1,2000000,Điện tử,Campaign,iOS
ZLP005831,2024-07-29,26.0,Female,Thanh Hóa,3,1,1,3000000,Chăm sóc sức khỏe,Referral,Android
ZLP005832,2023-07-05,27.0,Male,Đà Nẵng,2,1,1,500000,Thực phẩm & Ăn uống,Campaign,Android
ZLP005833,2023-07-05,21.0,Female,Hà Nội,1,1,1,1000000,Thực phẩm & Ăn uống,Unknown,iOS
ZLP005834,2024-01-31,32.0,Female,Cần Thơ,2,1,1,2000000,Điện tử,Referral,Android
ZLP005835,2024-03-31,29.0,Female,Hồ Chí Minh,1,0,1,1000000,Điện & Nước,Organic,Android
ZLP005836,2023-10-03,25.0,Female,Đồng Nai,3,1,1,500000,Chăm sóc sức khỏe,Organic,Android
ZLP005837,2024-01-01,18.0,Male,Hà Nội,1,1,1,1000000,Thời trang,Referral,iOS
ZLP005838,2023-07-05,36.0,Female,Thanh Hóa,3,0,1,3000000,Chăm sóc sức khỏe,Organic,iOS
ZLP005839,2024-03-01,20.0,Male,Cần Thơ,2,0,1,5000000,Chăm sóc sức khỏe,Referral,Android
ZLP005840,2024-07-29,24.0,Male,Hải Phòng,2,1,1,500000,Thực phẩm & Ăn uống,Campaign,iOS
ZLP005841,2024-05-30,30.0,Female,Hồ Chí Minh,1,1,1,2000000,Điện & Nước,Campaign,Android
ZLP005842,2023-12-18,20.0,Female,Hà Nội,1,1,1,1000000,Du lịch & Vận chuyển,Organic,iOS
ZLP005843,2024-11-26,19.0,Female,Bình Dương,3,1,1,2000000,Thực phẩm & Ăn uống,Organic,Android
ZLP005844,2024-03-31,18.0,Female,Cần Thơ,2,1,1,500000,Thực phẩm & Ăn uống,Campaign,iOS
ZLP005845,2024-06-29,32.0,Female,Hồ Chí Minh,1,1,1,500000,Du lịch & Vận chuyển,Referral,Android
ZLP005846,2024-03-31,24.0,Female,Hà Nội,1,1,1,3000000,Du lịch & Vận chuyển,Organic,Android
ZLP005847,2024-11-26,45.0,Other,Hồ Chí Minh,1,1,1,500000,Viễn thông,Organic,iOS
ZLP005848,2024-06-29,22.0,Male,Cần Thơ,2,1,1,1000000,Điện & Nước,Organic,Android
ZLP005849,2024-01-15,22.0,Female,Hà Nội,1,1,1,5000000,Điện & Nước,Social,Android
ZLP005850,2023-12-18,24.0,Female,Hà Nội,1,1,1,5000000,Thực phẩm & Ăn uống,Unknown,Android
ZLP005851,2024-03-31,29.0,Female,Hồ Chí Minh,1,1,1,1000000,Thời trang,Unknown,iOS
ZLP005852,2024-03-01,25.0,Male,Hồ Chí Minh,1,1,1,2000000,Viễn thông,Unknown,iOS
ZLP005853,2024-03-01,31.0,Female,Hồ Chí Minh,1,1,1,2000000,Viễn thông,Referral,iOS
ZLP005854,2023-12-02,22.0,Female,Nghệ An,3,1,1,2000000,Thực phẩm & Ăn uống,Unknown,iOS
ZLP005855,2024-01-01,19.0,Female,Hồ Chí Minh,1,1,1,5000000,Viễn thông,Referral,iOS
ZLP005856,2024-01-31,18.0,Male,An Giang,3,1,0,3000000,Chăm sóc sức khỏe,Organic,Android
ZLP005857,2024-07-29,18.0,Female,Hà Nội,1,1,1,3000000,Thời trang,Referral,Android
ZLP005858,2024-05-30,24.0,Female,Hà Nội,1,1,1,1000000,Chăm sóc sức khỏe,Organic,Android
ZLP005859,2023-07-05,26.0,Female,Hồ Chí Minh,1,1,1,2000000,Chăm sóc sức khỏe,Campaign,Android
ZLP005860,2023-11-02,24.0,Female,Cần Thơ,2,1,1,2000000,Thực phẩm & Ăn uống,Campaign,iOS
ZLP005861,2023-01-01,35.0,Male,Bình Dương,3,1,1,1000000,Thực phẩm & Ăn uống,Unknown,iOS
ZLP005862,2023-01-01,35.0,Male,Hà Nội,1,1,0,500000,Giải trí,Organic,Android
ZLP005863,2023-11-02,25.0,Female,Hồ Chí Minh,1,1,1,1000000,Chăm sóc sức khỏe,Campaign,iOS
ZLP005864,2024-06-29,18.0,Male,An Giang,3,1,1,1000000,Chăm sóc sức khỏe,Social,iOS
ZLP005865,2024-08-28,24.0,Female,Thanh Hóa,3,1,1,1000000,Thời trang,Organic,iOS
ZLP005866,2023-12-18,24.0,Male,Hà Nội,1,1,1,1000000,Thực phẩm & Ăn uống,Organic,Android
ZLP005867,2024-01-31,24.0,Female,Hồ Chí Minh,2,1,1,1000000,Du lịch & Vận chuyển,Social,Android
ZLP005868,2024-04-30,23.0,Male,Hà Nội,1,1,1,2000000,Chăm sóc sức khỏe,Campaign,Android
ZLP005869,2024-09-27,24.0,Female,Hà Nội,1,0,1,2000000,Thực phẩm & Ăn uống,Unknown,Android
ZLP005870,2024-08-28,25.0,Male,Hồ Chí Minh,1,1,1,1000000,Viễn thông,Campaign,Android
ZLP005871,2023-04-06,24.0,Female,Hà Nội,1,1,1,5000000,Điện & Nước,Social,Android
ZLP005872,2023-11-02,29.0,Male,Đồng Nai,3,0,1,2000000,Thời trang,Unknown,iOS
ZLP005873,2023-04-06,30.0,Male,Hồ Chí Minh,1,1,1,3000000,Viễn thông,Organic,Android
ZLP005874,2024-03-01,22.0,Other,Đà Nẵng,2,1,1,5000000,Viễn thông,Social,Android
ZLP005875,2024-04-30,35.0,Male,Hải Phòng,2,1,1,1000000,Điện & Nước,Unknown,iOS
ZLP005876,2023-12-02,22.0,Female,Hồ Chí Minh,1,1,1,2000000,Điện & Nước,Referral,iOS
ZLP005877,2024-07-29,18.0,Other,Hồ Chí Minh,1,1,1,2000000,Chăm sóc sức khỏe,Social,iOS
ZLP005878,2024-01-01,30.0,Female,Đồng Nai,3,1,1,1000000,Điện & Nước,Organic,Android
ZLP005879,2024-11-26,23.0,Other,Hồ Chí Minh,1,1,1,500000,Du lịch & Vận chuyển,Referral,Android
ZLP005880,2023-01-01,29.0,Female,Hồ Chí Minh,1,1,1,3000000,Viễn thông,Campaign,Android
ZLP005881,2023-07-05,18.0,Female,Hà Nội,1,1,1,1000000,Điện tử,Campaign,Android
ZLP005882,2023-12-02,36.0,Female,Hà Nội,1,0,0,5000000,Chăm sóc sức khỏe,Campaign,Android
ZLP005883,2023-01-01,32.0,Male,Hải Phòng,2,1,1,3000000,Chăm sóc sức khỏe,Organic,iOS
ZLP005884,2024-05-30,18.0,Male,Cần Thơ,2,1,1,2000000,Du lịch & Vận chuyển,Referral,Android
ZLP005885,2023-04-06,19.0,Female,Hà Nội,1,1,1,1000000,Thực phẩm & Ăn uống,Organic,Android
ZLP005886,2024-05-30,38.0,Female,Đà Nẵng,2,1,1,2000000,Giải trí,Campaign,iOS
ZLP005887,2023-04-06,27.0,Female,Nghệ An,3,1,1,1000000,Viễn thông,Organic,iOS
ZLP005888,2023-11-02,22.0,Female,Hồ Chí Minh,1,1,1,1000000,Du lịch & Vận chuyển,Unknown,Android
ZLP005889,2024-07-29,18.0,Male,Hồ Chí Minh,1,0,1,3000000,Thực phẩm & Ăn uống,Organic,Android
ZLP005890,2024-09-27,25.0,Female,Nghệ An,3,1,0,2000000,Điện & Nước,Organic,Android
ZLP005891,2023-12-18,26.0,Male,Nghệ An,3,1,0,2000000,Chăm sóc sức khỏe,Organic,Android
ZLP005892,2024-11-26,32.0,Male,Hồ Chí Minh,1,1,1,3000000,Chăm sóc sức khỏe,Organic,Android
ZLP005893,2024-03-01,19.0,Female,Hồ Chí Minh,1,1,1,500000,Viễn thông,Unknown,Android
ZLP005894,2023-12-18,18.0,Male,Hà Nội,1,0,1,2000000,Chăm sóc sức khỏe,Organic,Android
ZLP005895,2024-06-29,30.0,Female,Hồ Chí Minh,1,0,1,2000000,Điện & Nước,Campaign,Android
ZLP005896,2023-12-02,34.0,Female,Cần Thơ,2,0,1,2000000,Điện & Nước,Organic,Android
ZLP005897,2023-11-02,18.0,Male,Hồ Chí Minh,1,1,1,3000000,Chăm sóc sức khỏe,Unknown,Android
ZLP005898,2024-03-31,34.0,Female,Hồ Chí Minh,1,1,1,5000000,Viễn thông,Organic,iOS
ZLP005899,2023-12-18,28.0,Female,Hà Nội,1,1,1,2000000,Điện & Nước,Referral,iOS
ZLP005900,2023-10-03,34.0,Male,Nghệ An,3,0,1,2000000,Giải trí,Campaign,Android
ZLP005901,2023-04-06,27.0,Male,Hà Nội,1,1,1,2000000,Thời trang,Campaign,Android
ZLP005902,2024-06-29,18.0,Female,Hà Nội,1,1,1,3000000,Thực phẩm & Ăn uống,Organic,Android
ZLP005903,2024-03-31,27.0,Female,Thanh Hóa,3,1,1,2000000,Thực phẩm & Ăn uống,Organic,Android
ZLP005904,2023-12-18,34.0,Female,Đà Nẵng,2,1,1,1000000,Điện tử,Social,Android
ZLP005905,2024-08-28,22.0,Male,Hà Nội,1,1,1,500000,Chăm sóc sức khỏe,Campaign,iOS
ZLP005906,2023-12-18,25.0,Female,Hà Nội,1,1,1,5000000,Điện tử,Campaign,iOS
ZLP005907,2024-04-30,26.0,Female,Hồ Chí Minh,1,0,1,1000000,Điện tử,Campaign,iOS
ZLP005908,2024-08-28,18.0,Male,Đà Nẵng,2,1,1,2000000,Viễn thông,Campaign,iOS
ZLP005909,2024-07-29,38.0,Female,Hà Nội,1,1,1,3000000,Thực phẩm & Ăn uống,Social,iOS
ZLP005910,2024-01-15,22.0,Female,Hồ Chí Minh,1,1,1,1000000,Thời trang,Referral,Unknown
ZLP005911,2024-03-31,31.0,Female,Hồ Chí Minh,1,1,1,2000000,Thời trang,Unknown,iOS
ZLP005912,2023-12-18,27.0,Female,Hà Nội,1,1,1,1000000,Viễn thông,Social,Android
ZLP005913,2024-03-31,35.0,Female,Đà Nẵng,2,1,1,5000000,Giải trí,Campaign,Android
ZLP005914,2023-11-02,30.0,Female,Hồ Chí Minh,1,1,1,500000,Điện & Nước,Referral,Android
ZLP005915,2024-01-01,26.0,Female,Hồ Chí Minh,1,1,1,2000000,Điện & Nước,Social,Unknown
ZLP005916,2023-11-02,22.0,Female,Nghệ An,3,1,1,2000000,Viễn thông,Campaign,Android
ZLP005917,2023-04-06,32.0,Male,Đà Nẵng,2,1,1,3000000,Điện tử,Referral,Android
ZLP005918,2024-03-01,18.0,Female,Hồ Chí Minh,1,1,0,1000000,Điện & Nước,Referral,Android
ZLP005919,2024-07-29,31.0,Male,Bình Dương,3,1,1,2000000,Giải trí,Campaign,iOS
ZLP005920,2023-01-01,21.0,Male,Hồ Chí Minh,1,1,1,1000000,Giải trí,Unknown,iOS
ZLP005921,2023-11-02,35.0,Male,Bình Dương,3,0,1,1000000,Điện & Nước,Organic,Android
ZLP005922,2024-01-01,28.0,Male,Bình Dương,3,1,1,3000000,Thực phẩm & Ăn uống,Referral,Android
ZLP005923,2024-03-31,31.0,Male,Cần Thơ,2,1,1,500000,Viễn thông,Organic,iOS
ZLP005924,2023-10-03,28.0,Male,Bình Dương,3,1,1,3000000,Thực phẩm & Ăn uống,Organic,Android
ZLP005925,2023-04-06,18.0,Male,Hồ Chí Minh,1,1,1,3000000,Thời trang,Referral,Android
ZLP005926,2024-01-15,22.0,Female,Bình Dương,3,1,1,5000000,Chăm sóc sức khỏe,Campaign,iOS
ZLP005927,2024-06-29,32.0,Male,Hồ Chí Minh,1,0,1,2000000,Điện & Nước,Organic,iOS
ZLP005928,2023-04-06,28.0,Male,Hà Nội,1,1,1,1000000,Giải trí,Unknown,Android
ZLP005929,2023-12-02,35.0,Male,Nghệ An,3,1,1,2000000,Giải trí,Campaign,Android
ZLP005930,2024-03-31,30.0,Male,Đà Nẵng,2,1,1,5000000,Thời trang,Campaign,Android
ZLP005931,2023-10-03,22.0,Male,Nghệ An,3,1,1,3000000,Thực phẩm & Ăn uống,Campaign,iOS
ZLP005932,2023-11-02,23.0,Female,Hồ Chí Minh,1,1,1,2000000,Thời trang,Organic,Android
ZLP005933,2024-01-31,28.0,Female,Hà Nội,1,0,1,5000000,Điện & Nước,Referral,Android
ZLP005934,2024-09-27,18.0,Female,Hồ Chí Minh,1,1,1,3000000,Điện tử,Campaign,Android
ZLP005935,2023-12-02,38.0,Female,Cần Thơ,2,1,1,5000000,Thực phẩm & Ăn uống,Campaign,Android
ZLP005936,2024-01-15,30.0,Male,Hồ Chí Minh,1,1,1,2000000,Viễn thông,Organic,Android
ZLP005937,2023-12-18,35.0,Male,Hồ Chí Minh,1,1,1,3000000,Thực phẩm & Ăn uống,Organic,Android
ZLP005938,2024-08-28,18.0,Male,Hồ Chí Minh,1,1,1,3000000,Viễn thông,Social,Android
ZLP005939,2023-07-05,35.0,Female,Bình Dương,3,1,1,500000,Điện tử,Organic,iOS
ZLP005940,2024-01-31,41.0,Male,Hồ Chí Minh,1,1,1,5000000,Thời trang,Unknown,iOS
ZLP005941,2024-07-29,20.0,Female,Hải Phòng,2,1,1,1000000,Thực phẩm & Ăn uống,Organic,Android
ZLP005942,2024-11-26,32.0,Male,Hồ Chí Minh,1,1,1,2000000,Viễn thông,Unknown,Android
ZLP005943,2024-04-30,28.0,Male,Hồ Chí Minh,1,1,1,3000000,Du lịch & Vận chuyển,Referral,Android
ZLP005944,2023-12-18,18.0,Other,Hà Nội,1,1,1,2000000,Điện tử,Social,iOS
ZLP005945,2023-12-18,30.0,Female,Thanh Hóa,3,1,1,3000000,Điện tử,Unknown,iOS
ZLP005946,2023-12-02,33.0,Female,Hồ Chí Minh,1,1,1,2000000,Thời trang,Unknown,iOS
ZLP005947,2024-03-01,24.0,Female,Hồ Chí Minh,1,1,1,1000000,Điện & Nước,Campaign,Android
ZLP005948,2024-05-30,34.0,Female,Bình Dương,3,1,1,500000,Điện & Nước,Campaign,Android
ZLP005949,2024-06-29,18.0,Female,Hà Nội,1,0,1,2000000,Thực phẩm & Ăn uống,Social,Android
ZLP005950,2023-12-18,19.0,Female,Bình Dương,3,1,1,3000000,Du lịch & Vận chuyển,Campaign,iOS
ZLP005951,2024-04-30,28.0,Male,Hồ Chí Minh,1,1,0,1000000,Thực phẩm & Ăn uống,Unknown,iOS
ZLP005952,2024-08-28,28.0,Female,Hà Nội,1,0,1,2000000,Du lịch & Vận chuyển,Campaign,Android
ZLP005953,2024-09-27,23.0,Female,Hồ Chí Minh,1,1,1,1000000,Điện & Nước,Referral,iOS
ZLP005954,2024-04-30,32.0,Male,Hà Nội,1,1,1,3000000,Điện tử,Organic,Android
ZLP005955,2024-03-31,31.0,Female,Đồng Nai,3,1,1,500000,Viễn thông,Social,Android
ZLP005956,2024-01-31,33.0,Female,Đồng Nai,3,0,1,3000000,Thực phẩm & Ăn uống,Social,Android
ZLP005957,2023-10-03,27.0,Female,Đà Nẵng,2,1,1,1000000,Viễn thông,Unknown,Android
ZLP005958,2023-10-03,31.0,Male,An Giang,3,1,1,500000,Điện tử,Organic,iOS
ZLP005959,2024-01-15,25.0,Female,Hồ Chí Minh,1,1,1,3000000,Thực phẩm & Ăn uống,Organic,Android
ZLP005960,2023-10-03,40.0,Female,Hồ Chí Minh,1,0,0,2000000,Thực phẩm & Ăn uống,Campaign,Android
ZLP005961,2024-01-31,23.0,Female,Cần Thơ,2,1,1,2000000,Viễn thông,Campaign,Android
ZLP005962,2024-03-31,40.0,Male,Cần Thơ,2,1,1,3000000,Viễn thông,Campaign,Android
ZLP005963,2024-01-15,28.0,Female,Hồ Chí Minh,1,1,1,2000000,Điện & Nước,Social,iOS
ZLP005964,2023-04-06,19.0,Male,Cần Thơ,2,1,1,3000000,Thời trang,Organic,iOS
ZLP005965,2023-04-06,36.0,Female,Hà Nội,1,0,1,3000000,Điện & Nước,Referral,Android
ZLP005966,2023-07-05,28.0,Male,Bình Dương,3,1,1,2000000,Viễn thông,Unknown,Android
ZLP005967,2023-10-03,33.0,Female,Đồng Nai,3,0,1,1000000,Thời trang,Referral,iOS
ZLP005968,2024-11-26,35.0,Female,Đà Nẵng,2,1,1,1000000,Viễn thông,Campaign,iOS
ZLP005969,2023-12-02,30.0,Male,Hồ Chí Minh,1,1,0,5000000,Thời trang,Unknown,iOS
ZLP005970,2023-12-02,24.0,Male,Cần Thơ,2,1,1,5000000,Điện & Nước,Organic,Android
ZLP005971,2023-04-06,33.0,Male,Bình Dương,3,0,1,1000000,Giải trí,Organic,Android
ZLP005972,2024-03-31,28.0,Male,Hồ Chí Minh,1,1,1,1000000,Điện tử,Campaign,Android
ZLP005973,2024-03-31,32.0,Male,Hà Nội,1,1,1,1000000,Thực phẩm & Ăn uống,Campaign,Android
ZLP005974,2023-10-03,18.0,Other,Nghệ An,3,1,1,2000000,Du lịch & Vận chuyển,Organic,Android
ZLP005975,2024-09-27,30.0,Female,Hà Nội,1,1,0,1000000,Chăm sóc sức khỏe,Social,iOS
ZLP005976,2024-06-29,24.0,Female,Hồ Chí Minh,1,1,0,3000000,Thực phẩm & Ăn uống,Unknown,Android
ZLP005977,2023-11-02,37.0,Female,Hồ Chí Minh,1,1,1,5000000,Điện & Nước,Unknown,Android
ZLP005978,2024-01-15,31.0,Male,Đà Nẵng,2,1,1,5000000,Viễn thông,Organic,Android
ZLP005979,2024-01-01,29.0,Male,Nghệ An,3,1,1,500000,Viễn thông,Referral,Android
ZLP005980,2023-12-02,30.0,Male,Cần Thơ,2,1,1,5000000,Điện tử,Organic,iOS
ZLP005981,2024-06-29,22.0,Female,Hà Nội,1,0,1,3000000,Thời trang,Referral,Android
ZLP005982,2023-07-05,27.0,Female,Cần Thơ,2,1,1,500000,Chăm sóc sức khỏe,Campaign,iOS
ZLP005983,2023-12-18,39.0,Male,Cần Thơ,2,1,1,2000000,Thực phẩm & Ăn uống,Unknown,iOS
ZLP005984,2023-12-18,30.0,Male,Đà Nẵng,2,1,1,3000000,Điện tử,Organic,Android
ZLP005985,2024-01-01,37.0,Female,Hồ Chí Minh,1,1,1,5000000,Viễn thông,Campaign,Android
ZLP005986,2024-07-29,24.0,Female,Cần Thơ,2,1,1,1000000,Thời trang,Referral,iOS
ZLP005987,2023-11-02,23.0,Female,Hà Nội,1,1,1,1000000,Thời trang,Organic,Android
ZLP005988,2023-07-05,28.0,Male,Hồ Chí Minh,1,1,1,2000000,Điện tử,Organic,iOS
ZLP005989,2024-03-01,30.0,Female,Đà Nẵng,2,0,1,5000000,Chăm sóc sức khỏe,Organic,iOS
ZLP005990,2023-10-03,25.0,Male,Thanh Hóa,3,1,1,5000000,Viễn thông,Referral,Android
ZLP005991,2023-07-05,31.0,Female,Hà Nội,1,1,1,1000000,Thực phẩm & Ăn uống,Campaign,Android
ZLP005992,2023-12-18,29.0,Female,Nghệ An,3,1,1,1000000,Viễn thông,Unknown,Android
ZLP005993,2023-11-02,22.0,Female,Hồ Chí Minh,1,0,1,5000000,Điện tử,Referral,Android
ZLP005994,2023-12-18,31.0,Male,Hồ Chí Minh,3,1,1,3000000,Viễn thông,Social,iOS
ZLP005995,2023-11-02,33.0,Male,Hồ Chí Minh,1,1,1,5000000,Thực phẩm & Ăn uống,Organic,Android
ZLP005996,2023-07-05,29.0,Female,Hồ Chí Minh,1,1,1,3000000,Chăm sóc sức khỏe,Organic,Android
ZLP005997,2024-01-31,34.0,Male,Đà Nẵng,2,1,1,1000000,Thực phẩm & Ăn uống,Campaign,Android
ZLP005998,2023-01-01,20.0,Female,Đà Nẵng,2,1,1,3000000,Viễn thông,Organic,iOS
ZLP005999,2024-11-26,30.0,Female,Đồng Nai,3,1,0,500000,Điện tử,Social,iOS
ZLP006000,2023-12-02,20.0,Male,Cần Thơ,2,1,1,3000000,Giải trí,Social,iOS
ZLP006001,2024-04-30,21.0,Male,Đà Nẵng,2,1,1,2000000,Điện & Nước,Organic,Android
ZLP006002,2024-06-29,24.0,Male,An Giang,3,1,0,5000000,Chăm sóc sức khỏe,Social,Android
ZLP006003,2023-12-02,22.0,Female,Hà Nội,1,1,1,5000000,Điện & Nước,Organic,iOS
ZLP006004,2024-05-30,24.0,Female,Hồ Chí Minh,1,1,1,500000,Thực phẩm & Ăn uống,Organic,Android
ZLP006005,2024-06-29,26.0,Female,Hồ Chí Minh,1,1,1,1000000,Thực phẩm & Ăn uống,Organic,Android
ZLP006006,2023-11-02,33.0,Male,Hà Nội,1,1,1,2000000,Điện tử,Campaign,Android
ZLP006007,2024-11-26,26.0,Female,Bình Dương,3,1,1,3000000,Du lịch & Vận chuyển,Social,Android
ZLP006008,2023-01-01,18.0,Female,Hồ Chí Minh,1,1,0,3000000,Điện & Nước,Organic,Android
ZLP006009,2023-11-02,34.0,Male,Hồ Chí Minh,1,1,1,5000000,Điện tử,Social,Android
ZLP006010,2024-05-30,22.0,Female,Hồ Chí Minh,1,1,1,2000000,Viễn thông,Organic,Android
ZLP006011,2023-11-02,27.0,Female,Đà Nẵng,2,1,1,1000000,Du lịch & Vận chuyển,Unknown,iOS
ZLP006012,2024-04-30,30.0,Female,Hồ Chí Minh,1,1,1,500000,Viễn thông,Social,Android
ZLP006013,2024-07-29,29.0,Female,Hồ Chí Minh,1,1,1,1000000,Điện tử,Referral,iOS
ZLP006014,2024-11-26,34.0,Male,Đà Nẵng,2,1,1,2000000,Điện & Nước,Referral,Android
ZLP006015,2024-01-01,30.0,Female,Đồng Nai,3,1,1,5000000,Giải trí,Organic,Android
ZLP006016,2024-11-26,22.0,Male,Hà Nội,1,1,1,1000000,Điện & Nước,Unknown,iOS
ZLP006017,2023-12-18,41.0,Male,Đà Nẵng,2,1,0,3000000,Viễn thông,Unknown,Android
ZLP006018,2023-11-02,29.0,Male,Hồ Chí Minh,1,1,1,2000000,Điện tử,Campaign,Android
ZLP006019,2024-01-15,27.0,Male,Nghệ An,3,1,1,1000000,Chăm sóc sức khỏe,Referral,Android
ZLP006020,2024-03-31,33.0,Male,Hà Nội,1,1,1,2000000,Giải trí,Organic,Android
ZLP006021,2024-01-01,29.0,Female,Thanh Hóa,3,0,1,2000000,Điện & Nước,Campaign,iOS
ZLP006022,2024-01-31,30.0,Female,Thanh Hóa,3,1,1,5000000,Viễn thông,Referral,Android
ZLP006023,2023-12-18,42.0,Female,Hồ Chí Minh,3,1,1,2000000,Du lịch & Vận chuyển,Organic,iOS
ZLP006024,2024-01-15,26.0,Male,Hồ Chí Minh,1,0,0,1000000,Điện & Nước,Social,iOS
ZLP006025,2024-09-27,26.0,Male,Đà Nẵng,2,1,1,3000000,Điện tử,Campaign,iOS
ZLP006026,2024-01-15,28.0,Female,Hồ Chí Minh,1,0,1,5000000,Thực phẩm & Ăn uống,Organic,iOS
ZLP006027,2023-11-02,34.0,Female,An Giang,3,1,1,2000000,Điện tử,Unknown,Android
ZLP006028,2024-05-30,18.0,Other,Đồng Nai,3,1,1,1000000,Thực phẩm & Ăn uống,Organic,iOS
ZLP006029,2023-12-02,18.0,Male,Thanh Hóa,3,1,1,1000000,Thời trang,Organic,Android
ZLP006030,2024-06-29,24.0,Female,Cần Thơ,2,1,1,500000,Điện tử,Campaign,Android
ZLP006031,2023-04-06,18.0,Male,Đà Nẵng,2,1,0,500000,Thời trang,Unknown,iOS
ZLP006032,2023-12-02,25.0,Female,Đà Nẵng,2,1,1,5000000,Điện tử,Social,Android
ZLP006033,2023-07-05,31.0,Female,Hà Nội,1,1,1,500000,Thời trang,Campaign,iOS
ZLP006034,2023-07-05,22.0,Female,Hồ Chí Minh,1,1,1,2000000,Điện tử,Social,Android
ZLP006035,2024-03-31,19.0,Other,Cần Thơ,2,1,1,2000000,Chăm sóc sức khỏe,Unknown,iOS
ZLP006036,2023-12-18,28.0,Male,Nghệ An,3,0,1,3000000,Chăm sóc sức khỏe,Unknown,Android
ZLP006037,2024-07-29,33.0,Female,Đà Nẵng,2,1,1,1000000,Chăm sóc sức khỏe,Unknown,Android
ZLP006038,2024-01-15,18.0,Male,Hải Phòng,2,1,1,2000000,Viễn thông,Unknown,Android
ZLP006039,2023-12-02,32.0,Female,Hải Phòng,2,1,1,1000000,Điện tử,Social,iOS
ZLP006040,2024-04-30,32.0,Male,Đà Nẵng,2,1,1,1000000,Giải trí,Campaign,iOS
ZLP006041,2024-03-01,33.0,Female,Hà Nội,1,1,1,1000000,Thực phẩm & Ăn uống,Referral,Android
ZLP006042,2024-06-29,35.0,Female,Cần Thơ,2,1,1,2000000,Chăm sóc sức khỏe,Campaign,Android
ZLP006043,2024-03-31,41.0,Male,Hà Nội,1,0,1,500000,Viễn thông,Unknown,iOS
ZLP006044,2023-10-03,25.0,Male,Hồ Chí Minh,1,1,1,2000000,Điện & Nước,Organic,Unknown
ZLP006045,2024-03-31,28.0,Male,Hà Nội,1,1,1,1000000,Thực phẩm & Ăn uống,Social,Android
ZLP006046,2023-12-18,25.0,Female,Thanh Hóa,3,1,1,5000000,Chăm sóc sức khỏe,Organic,Android
ZLP006047,2024-01-01,28.0,Male,Hồ Chí Minh,1,1,1,2000000,Viễn thông,Organic,Android
ZLP006048,2024-09-27,37.0,Female,Bình Dương,3,1,1,3000000,Viễn thông,Unknown,Android
ZLP006049,2023-12-18,19.0,Female,Hải Phòng,2,1,1,1000000,Viễn thông,Social,Android
ZLP006050,2024-03-01,22.0,Female,Cần Thơ,2,1,1,3000000,Viễn thông,Campaign,Android
ZLP006051,2023-12-18,36.0,Female,Đà Nẵng,2,0,1,2000000,Thời trang,Unknown,Android
ZLP006052,2023-07-05,34.0,Male,Bình Dương,3,1,1,1000000,Viễn thông,Social,Android
ZLP006053,2024-01-01,25.0,Female,Hà Nội,1,1,1,3000000,Du lịch & Vận chuyển,Unknown,Android
ZLP006054,2024-03-01,33.0,Female,Hồ Chí Minh,1,1,1,3000000,Thực phẩm & Ăn uống,Referral,Android
ZLP006055,2023-12-18,30.0,Other,Nghệ An,3,1,1,5000000,Thời trang,Unknown,Android
ZLP006056,2023-12-18,37.0,Female,Hà Nội,1,1,1,3000000,Thực phẩm & Ăn uống,Social,Android
ZLP006057,2024-06-29,28.0,Female,Cần Thơ,2,1,1,1000000,Giải trí,Unknown,Android
ZLP006058,2023-01-01,34.0,Male,Đà Nẵng,2,1,1,1000000,Thực phẩm & Ăn uống,Organic,iOS
ZLP006059,2023-12-02,43.0,Female,Hồ Chí Minh,1,1,1,2000000,Thời trang,Campaign,Android
ZLP006060,2024-06-29,31.0,Female,Nghệ An,3,1,1,1000000,Điện tử,Unknown,Android
ZLP006061,2024-09-27,28.0,Female,Đồng Nai,3,1,1,3000000,Điện & Nước,Campaign,Android
ZLP006062,2023-12-18,32.0,Female,Hồ Chí Minh,1,1,1,2000000,Điện & Nước,Social,Android
ZLP006063,2024-08-28,25.0,Male,Thanh Hóa,3,0,1,5000000,Thực phẩm & Ăn uống,Unknown,iOS
ZLP006064,2023-11-02,42.0,Female,Bình Dương,3,1,1,2000000,Thời trang,Unknown,Android
ZLP006065,2023-11-02,29.0,Other,Hà Nội,1,1,1,2000000,Viễn thông,Campaign,Android
ZLP006066,2024-07-29,26.0,Male,Cần Thơ,2,1,1,500000,Thực phẩm & Ăn uống,Organic,Android
ZLP006067,2024-08-28,22.0,Female,Hồ Chí Minh,1,1,0,1000000,Thời trang,Organic,Android
ZLP006068,2023-11-02,34.0,Male,Đà Nẵng,2,1,1,3000000,Giải trí,Referral,Android
ZLP006069,2023-04-06,33.0,Female,Hồ Chí Minh,1,1,1,5000000,Thời trang,Organic,Android
ZLP006070,2023-07-05,25.0,Male,Đà Nẵng,2,1,1,2000000,Thực phẩm & Ăn uống,Organic,iOS
ZLP006071,2023-11-02,31.0,Female,Đà Nẵng,2,1,1,3000000,Điện & Nước,Campaign,Android
ZLP006072,2024-05-30,18.0,Male,Hải Phòng,2,1,1,2000000,Viễn thông,Social,Android
ZLP006073,2024-01-15,29.0,Female,Bình Dương,3,1,1,5000000,Thực phẩm & Ăn uống,Organic,Android
ZLP006074,2024-01-01,30.0,Male,Hồ Chí Minh,1,1,1,1000000,Thực phẩm & Ăn uống,Organic,Android
ZLP006075,2024-03-01,38.0,Male,Hải Phòng,2,1,1,2000000,Chăm sóc sức khỏe,Campaign,Unknown
ZLP006076,2024-08-28,23.0,Female,Đà Nẵng,2,1,1,2000000,Chăm sóc sức khỏe,Organic,iOS
ZLP006077,2023-07-05,20.0,Male,Cần Thơ,2,1,1,2000000,Chăm sóc sức khỏe,Organic,iOS
ZLP006078,2024-04-30,22.0,Female,Hồ Chí Minh,1,1,1,1000000,Viễn thông,Organic,Android
ZLP006079,2024-09-27,19.0,Other,Hải Phòng,2,1,1,2000000,Thực phẩm & Ăn uống,Referral,Android
ZLP006080,2023-11-02,36.0,Female,Nghệ An,3,1,1,2000000,Điện & Nước,Organic,Unknown
ZLP006081,2024-07-29,37.0,Female,Đồng Nai,3,0,1,500000,Chăm sóc sức khỏe,Unknown,Android
ZLP006082,2024-04-30,29.0,Male,Nghệ An,3,1,1,3000000,Điện tử,Organic,Android
ZLP006083,2023-01-01,35.0,Male,Hà Nội,1,1,1,3000000,Điện & Nước,Unknown,Android
ZLP006084,2023-11-02,28.0,Female,Hải Phòng,2,1,1,3000000,Viễn thông,Social,Android
ZLP006085,2024-03-01,27.0,Male,Hà Nội,1,1,1,2000000,Điện & Nước,Social,iOS
ZLP006086,2024-01-15,27.0,Female,Hồ Chí Minh,1,1,1,500000,Giải trí,Organic,Android
ZLP006087,2024-01-15,26.0,Male,Cần Thơ,2,1,1,2000000,Viễn thông,Referral,iOS
ZLP006088,2023-11-02,18.0,Female,Bình Dương,3,1,1,1000000,Thực phẩm & Ăn uống,Social,Android
ZLP006089,2024-03-31,29.0,Male,Hà Nội,1,1,1,2000000,Viễn thông,Campaign,Android
ZLP006090,2023-11-02,27.0,Female,Hồ Chí Minh,1,1,1,500000,Thực phẩm & Ăn uống,Campaign,iOS
ZLP006091,2023-12-18,32.0,Male,Hồ Chí Minh,1,1,1,1000000,Giải trí,Organic,iOS
ZLP006092,2023-12-18,28.0,Male,Hà Nội,1,1,1,500000,Viễn thông,Campaign,iOS
ZLP006093,2024-03-31,27.0,Female,Hồ Chí Minh,1,1,0,500000,Viễn thông,Organic,Android
ZLP006094,2023-07-05,22.0,Male,Hồ Chí Minh,1,0,1,5000000,Thực phẩm & Ăn uống,Unknown,Android
ZLP006095,2023-11-02,28.0,Female,Hà Nội,1,1,1,5000000,Điện & Nước,Referral,iOS
ZLP006096,2023-11-02,32.0,Female,Nghệ An,3,0,1,2000000,Điện tử,Organic,iOS
ZLP006097,2023-07-05,21.0,Male,Đồng Nai,3,1,1,1000000,Thực phẩm & Ăn uống,Campaign,Android
ZLP006098,2023-11-02,28.0,Female,Hà Nội,1,1,0,5000000,Thời trang,Referral,Android
ZLP006099,2024-03-01,29.0,Male,Nghệ An,3,1,1,5000000,Điện tử,Organic,Android
ZLP006100,2024-04-30,23.0,Female,Cần Thơ,2,1,1,3000000,Điện & Nước,Referral,iOS
ZLP006101,2024-03-31,24.0,Female,Hà Nội,1,0,1,2000000,Thời trang,Organic,iOS
ZLP006102,2024-01-01,29.0,Female,Hà Nội,1,1,1,500000,Thời trang,Campaign,Android
ZLP006103,2023-04-06,21.0,Male,Hà Nội,1,1,1,500000,Điện & Nước,Unknown,iOS
ZLP006104,2024-09-27,30.0,Male,Hồ Chí Minh,1,1,1,3000000,Điện & Nước,Campaign,iOS
ZLP006105,2023-10-03,22.0,Female,Hà Nội,1,1,1,3000000,Thực phẩm & Ăn uống,Campaign,iOS
ZLP006106,2024-03-31,34.0,Male,Đà Nẵng,2,1,1,2000000,Thực phẩm & Ăn uống,Social,Android
ZLP006107,2024-08-28,42.0,Male,Đà Nẵng,2,1,1,1000000,Thực phẩm & Ăn uống,Campaign,Android
ZLP006108,2024-04-30,22.0,Female,Đồng Nai,3,1,1,2000000,Thời trang,Referral,iOS
ZLP006109,2023-11-02,31.0,Female,Hà Nội,1,0,1,3000000,Điện & Nước,Social,Android
ZLP006110,2023-12-02,23.0,Male,Bình Dương,3,1,1,3000000,Điện tử,Organic,iOS
ZLP006111,2023-01-01,27.0,Male,Đà Nẵng,2,1,1,2000000,Chăm sóc sức khỏe,Organic,Android
ZLP006112,2024-03-01,20.0,Male,Nghệ An,3,1,1,1000000,Điện & Nước,Social,Android
ZLP006113,2024-03-01,30.0,Male,Hà Nội,1,1,1,1000000,Thực phẩm & Ăn uống,Campaign,Android
ZLP006114,2024-04-30,27.0,Male,An Giang,3,1,1,3000000,Viễn thông,Social,Android
ZLP006115,2023-01-01,26.0,Male,Đồng Nai,3,1,1,3000000,Thực phẩm & Ăn uống,Organic,Android
ZLP006116,2024-06-29,21.0,Other,Cần Thơ,2,0,1,1000000,Thời trang,Social,Android
ZLP006117,2024-05-30,32.0,Female,Cần Thơ,2,1,0,1000000,Viễn thông,Organic,Android
ZLP006118,2023-10-03,22.0,Male,Hồ Chí Minh,1,1,1,2000000,Điện & Nước,Social,Android
ZLP006119,2023-12-02,31.0,Male,Nghệ An,3,1,1,2000000,Điện tử,Social,iOS
ZLP006120,2024-03-31,25.0,Female,Hồ Chí Minh,1,1,1,2000000,Điện tử,Campaign,Android
ZLP006121,2024-01-15,27.0,Male,Đà Nẵng,2,1,1,2000000,Thực phẩm & Ăn uống,Referral,Android
ZLP006122,2023-07-05,28.0,Female,Hà Nội,1,1,1,3000000,Thực phẩm & Ăn uống,Campaign,Android
ZLP006123,2023-07-05,23.0,Female,Hà Nội,1,1,1,3000000,Viễn thông,Organic,iOS
ZLP006124,2024-05-30,29.0,Female,Cần Thơ,2,1,1,1000000,Viễn thông,Campaign,Android
ZLP006125,2023-10-03,37.0,Male,An Giang,3,0,1,2000000,Viễn thông,Referral,Android
ZLP006126,2023-10-03,23.0,Female,Hà Nội,1,1,1,1000000,Điện tử,Unknown,iOS
ZLP006127,2024-06-29,35.0,Female,Thanh Hóa,3,1,1,3000000,Thời trang,Social,Android
ZLP006128,2024-03-01,36.0,Female,Đà Nẵng,2,0,1,3000000,Điện tử,Campaign,iOS
ZLP006129,2024-03-01,23.0,Female,Hồ Chí Minh,1,1,1,1000000,Thời trang,Referral,Android
ZLP006130,2024-01-01,19.0,Male,Hồ Chí Minh,1,0,1,1000000,Thời trang,Organic,Android
ZLP006131,2024-01-31,29.0,Male,Bình Dương,3,1,1,500000,Viễn thông,Campaign,Android
ZLP006132,2024-03-01,24.0,Female,Hồ Chí Minh,1,1,1,2000000,Thực phẩm & Ăn uống,Campaign,Android
ZLP006133,2024-11-26,39.0,Female,Hà Nội,1,1,1,500000,Du lịch & Vận chuyển,Unknown,Android
ZLP006134,2023-11-02,28.0,Female,Hồ Chí Minh,1,1,1,2000000,Thời trang,Campaign,Android
ZLP006135,2023-11-02,23.0,Female,Hà Nội,1,1,1,2000000,Thực phẩm & Ăn uống,Unknown,iOS
ZLP006136,2023-04-06,21.0,Female,Bình Dương,3,1,1,2000000,Điện & Nước,Organic,iOS
ZLP006137,2024-03-31,34.0,Male,Hà Nội,1,1,1,3000000,Điện tử,Referral,Android
ZLP006138,2024-01-31,24.0,Female,Hồ Chí Minh,1,1,1,1000000,Điện tử,Organic,Android
ZLP006139,2023-07-05,28.0,Male,Hồ Chí Minh,1,0,1,5000000,Điện tử,Social,Android
ZLP006140,2023-12-18,33.0,Female,Hà Nội,1,1,1,500000,Điện & Nước,Campaign,Android
ZLP006141,2023-10-03,25.0,Male,Hồ Chí Minh,1,1,1,1000000,Viễn thông,Campaign,Android
ZLP006142,2023-12-02,27.0,Female,Đà Nẵng,2,1,1,2000000,Thực phẩm & Ăn uống,Referral,iOS
ZLP006143,2024-09-27,27.0,Female,Cần Thơ,2,1,1,2000000,Chăm sóc sức khỏe,Campaign,iOS
ZLP006144,2024-03-31,32.0,Male,Hồ Chí Minh,1,0,1,500000,Giải trí,Referral,iOS
ZLP006145,2023-01-01,31.0,Male,Hà Nội,1,1,1,2000000,Thực phẩm & Ăn uống,Referral,Android
ZLP006146,2023-11-02,26.0,Female,Hà Nội,1,1,0,1000000,Thời trang,Referral,Android
ZLP006147,2023-01-01,28.0,Other,Hà Nội,1,1,1,3000000,Điện & Nước,Social,Android
ZLP006148,2024-04-30,25.0,Female,Đà Nẵng,2,0,1,2000000,Điện & Nước,Social,Android
ZLP006149,2024-01-01,19.0,Male,Hà Nội,1,1,1,2000000,Điện & Nước,Referral,Android
ZLP006150,2024-11-26,29.0,Male,Hà Nội,1,1,0,5000000,Điện tử,Unknown,iOS
ZLP006151,2024-04-30,39.0,Male,Đồng Nai,3,1,1,3000000,Điện & Nước,Organic,iOS
ZLP006152,2024-01-15,22.0,Male,Hồ Chí Minh,1,1,1,2000000,Điện tử,Unknown,Android
ZLP006153,2024-06-29,23.0,Female,Cần Thơ,2,1,1,2000000,Thực phẩm & Ăn uống,Unknown,Android
ZLP006154,2024-04-30,22.0,Female,Đà Nẵng,2,1,1,2000000,Chăm sóc sức khỏe,Organic,Android
ZLP006155,2023-11-02,32.0,Male,Hà Nội,1,1,1,1000000,Du lịch & Vận chuyển,Social,Android
ZLP006156,2024-01-15,30.0,Male,Bình Dương,3,1,0,500000,Du lịch & Vận chuyển,Unknown,Android
ZLP006157,2024-01-31,27.0,Male,Đà Nẵng,2,1,1,1000000,Thời trang,Campaign,Android
ZLP006158,2024-01-01,22.0,Female,Hà Nội,1,1,1,3000000,Chăm sóc sức khỏe,Unknown,Android
ZLP006159,2023-10-03,28.0,Female,Cần Thơ,2,1,1,1000000,Điện tử,Organic,Android
ZLP006160,2023-11-02,18.0,Female,Đồng Nai,3,1,0,1000000,Viễn thông,Unknown,Android
ZLP006161,2023-12-02,28.0,Male,Thanh Hóa,3,1,1,1000000,Thực phẩm & Ăn uống,Organic,Android
ZLP006162,2023-01-01,33.0,Female,Cần Thơ,2,1,1,2000000,Giải trí,Campaign,iOS
ZLP006163,2024-08-28,20.0,Male,Hải Phòng,2,1,1,2000000,Chăm sóc sức khỏe,Referral,Android
ZLP006164,2024-04-30,18.0,Male,Hồ Chí Minh,1,1,1,2000000,Viễn thông,Referral,Android
ZLP006165,2024-04-30,37.0,Female,Đà Nẵng,2,1,1,1000000,Viễn thông,Campaign,Android
ZLP006166,2024-01-31,24.0,Female,Hồ Chí Minh,1,1,1,5000000,Viễn thông,Unknown,iOS
ZLP006167,2024-04-30,34.0,Male,Hồ Chí Minh,1,1,0,2000000,Viễn thông,Campaign,iOS
ZLP006168,2024-11-26,27.0,Male,Đà Nẵng,2,1,1,2000000,Du lịch & Vận chuyển,Organic,Android
ZLP006169,2023-12-18,27.0,Male,Bình Dương,3,1,1,5000000,Thực phẩm & Ăn uống,Unknown,iOS
ZLP006170,2024-04-30,30.0,Male,Hà Nội,1,1,1,5000000,Thực phẩm & Ăn uống,Campaign,Android
ZLP006171,2023-12-18,27.0,Female,Cần Thơ,2,0,1,2000000,Viễn thông,Unknown,iOS
ZLP006172,2024-07-29,28.0,Female,Hà Nội,1,1,1,5000000,Du lịch & Vận chuyển,Campaign,Android
ZLP006173,2024-07-29,25.0,Male,Hà Nội,1,1,0,2000000,Giải trí,Referral,Android
ZLP006174,2024-08-28,20.0,Male,Hà Nội,1,1,1,1000000,Viễn thông,Organic,Android
ZLP006175,2023-01-01,30.0,Male,Hà Nội,1,1,1,1000000,Thời trang,Social,Android
ZLP006176,2023-12-02,26.0,Female,Hà Nội,1,1,1,2000000,Giải trí,Organic,iOS
ZLP006177,2023-10-03,27.0,Male,Cần Thơ,2,1,1,2000000,Thực phẩm & Ăn uống,Organic,iOS
ZLP006178,2024-01-01,20.0,Female,Hồ Chí Minh,1,1,1,2000000,Thực phẩm & Ăn uống,Organic,iOS
ZLP006179,2024-01-15,37.0,Male,Hồ Chí Minh,1,1,1,3000000,Thực phẩm & Ăn uống,Unknown,Android
ZLP006180,2023-11-02,33.0,Female,Cần Thơ,2,0,1,2000000,Điện & Nước,Organic,Android
ZLP006181,2024-04-30,33.0,Female,Đà Nẵng,2,1,1,1000000,Viễn thông,Unknown,Android
ZLP006182,2023-11-02,26.0,Female,Hà Nội,1,1,1,500000,Điện tử,Social,iOS
ZLP006183,2024-07-29,18.0,Female,Hồ Chí Minh,1,1,1,5000000,Giải trí,Social,Android
ZLP006184,2023-10-03,39.0,Female,Hà Nội,1,1,1,3000000,Thời trang,Social,Android
ZLP006185,2023-12-18,27.0,Female,Đồng Nai,3,1,1,2000000,Viễn thông,Social,Android
ZLP006186,2024-03-01,23.0,Male,Hải Phòng,2,1,1,3000000,Thực phẩm & Ăn uống,Social,Android
ZLP006187,2024-03-01,30.0,Male,Bình Dương,3,1,1,3000000,Thực phẩm & Ăn uống,Unknown,Android
ZLP006188,2023-07-05,35.0,Male,Hồ Chí Minh,1,1,1,5000000,Điện & Nước,Unknown,Android
ZLP006189,2024-07-29,27.0,Female,Cần Thơ,2,1,1,2000000,Viễn thông,Organic,iOS
ZLP006190,2024-03-01,35.0,Female,Hồ Chí Minh,1,1,0,2000000,Thực phẩm & Ăn uống,Organic,Android
ZLP006191,2024-07-29,27.0,Male,Hà Nội,1,1,1,500000,Viễn thông,Referral,Android
ZLP006192,2024-07-29,21.0,Female,Hồ Chí Minh,1,0,1,5000000,Thực phẩm & Ăn uống,Organic,Android
ZLP006193,2024-01-31,23.0,Female,Đồng Nai,3,1,0,5000000,Viễn thông,Organic,Android
ZLP006194,2024-08-28,33.0,Female,Cần Thơ,2,1,1,3000000,Thời trang,Social,Android
ZLP006195,2024-07-29,18.0,Female,Cần Thơ,2,0,1,2000000,Thời trang,Referral,Android
ZLP006196,2024-09-27,27.0,Female,Cần Thơ,2,1,1,2000000,Thời trang,Referral,Android
ZLP006197,2024-07-29,19.0,Male,Hồ Chí Minh,1,1,1,2000000,Điện & Nước,Unknown,Android
ZLP006198,2024-06-29,25.0,Male,Hà Nội,1,1,1,1000000,Viễn thông,Referral,iOS
ZLP006199,2024-01-01,26.0,Female,Cần Thơ,2,1,1,2000000,Điện & Nước,Campaign,Android
ZLP006200,2023-11-02,25.0,Male,Cần Thơ,2,1,1,500000,Điện & Nước,Organic,iOS
ZLP006201,2024-08-28,24.0,Male,Đồng Nai,3,1,1,5000000,Viễn thông,Campaign,Android
ZLP006202,2024-04-30,21.0,Female,Hà Nội,1,1,1,2000000,Viễn thông,Organic,iOS
ZLP006203,2023-12-02,41.0,Female,Đồng Nai,3,1,1,5000000,Điện tử,Unknown,Android
ZLP006204,2023-12-02,39.0,Female,Hà Nội,1,1,1,3000000,Điện tử,Organic,iOS
ZLP006205,2024-04-30,21.0,Male,Cần Thơ,2,1,1,1000000,Viễn thông,Social,Android
ZLP006206,2024-01-01,37.0,Female,Hồ Chí Minh,1,1,1,1000000,Điện & Nước,Referral,Android
ZLP006207,2023-07-05,25.0,Male,Nghệ An,3,1,1,5000000,Điện & Nước,Referral,Android
ZLP006208,2023-10-03,28.0,Male,Hồ Chí Minh,1,1,1,3000000,Viễn thông,Unknown,Android
ZLP006209,2024-05-30,27.0,Female,Cần Thơ,2,1,1,1000000,Viễn thông,Organic,iOS
ZLP006210,2023-12-02,24.0,Male,Đà Nẵng,2,1,1,500000,Điện & Nước,Campaign,Android
ZLP006211,2024-01-15,33.0,Male,Hồ Chí Minh,1,1,1,2000000,Thời trang,Organic,Unknown
ZLP006212,2024-05-30,27.0,Female,Hồ Chí Minh,1,1,1,1000000,Du lịch & Vận chuyển,Social,iOS
ZLP006213,2024-05-30,25.0,Male,Đồng Nai,3,1,1,1000000,Thời trang,Campaign,iOS
ZLP006214,2023-10-03,20.0,Female,Hồ Chí Minh,1,1,1,3000000,Điện & Nước,Organic,Android
ZLP006215,2023-07-05,22.0,Female,Hồ Chí Minh,1,1,1,2000000,Thời trang,Organic,Android
ZLP006216,2024-03-01,18.0,Other,Thanh Hóa,3,1,1,2000000,Thực phẩm & Ăn uống,Social,Android
ZLP006217,2024-05-30,28.0,Male,Bình Dương,3,1,0,5000000,Du lịch & Vận chuyển,Organic,iOS
ZLP006218,2023-10-03,20.0,Female,Hồ Chí Minh,1,1,1,2000000,Thực phẩm & Ăn uống,Unknown,Unknown
ZLP006219,2023-12-18,26.0,Male,Đà Nẵng,2,1,0,3000000,Điện tử,Campaign,Android
ZLP006220,2024-07-29,36.0,Female,Đà Nẵng,2,1,1,1000000,Điện & Nước,Organic,iOS
ZLP006221,2024-09-27,35.0,Male,Hải Phòng,2,1,1,1000000,Điện tử,Campaign,Android
ZLP006222,2024-01-01,27.0,Male,Bình Dương,3,1,1,1000000,Điện & Nước,Campaign,Unknown
ZLP006223,2023-07-05,27.0,Female,Hải Phòng,2,1,1,1000000,Thực phẩm & Ăn uống,Campaign,iOS
ZLP006224,2023-11-02,39.0,Male,Hồ Chí Minh,1,1,0,5000000,Giải trí,Referral,Android
ZLP006225,2023-11-02,31.0,Male,Cần Thơ,2,0,1,5000000,Điện tử,Campaign,iOS
ZLP006226,2023-11-02,26.0,Male,Hồ Chí Minh,1,1,1,3000000,Du lịch & Vận chuyển,Campaign,iOS
ZLP006227,2024-01-15,27.0,Female,Hồ Chí Minh,1,1,1,2000000,Thực phẩm & Ăn uống,Organic,iOS
ZLP006228,2024-03-01,30.0,Male,Bình Dương,3,1,0,3000000,Thời trang,Campaign,Android
ZLP006229,2023-10-03,32.0,Male,Hồ Chí Minh,1,1,1,2000000,Thực phẩm & Ăn uống,Campaign,iOS
ZLP006230,2024-08-28,24.0,Male,Đà Nẵng,2,1,1,500000,Thực phẩm & Ăn uống,Referral,Android
ZLP006231,2024-03-01,29.0,Female,Hải Phòng,2,1,1,2000000,Thời trang,Organic,Android
ZLP006232,2024-03-01,25.0,Female,Hà Nội,1,1,1,2000000,Điện & Nước,Social,Android
ZLP006233,2024-11-26,26.0,Male,Hồ Chí Minh,1,1,1,1000000,Viễn thông,Referral,Android
ZLP006234,2024-03-01,18.0,Male,Bình Dương,3,1,1,1000000,Viễn thông,Organic,iOS
ZLP006235,2024-09-27,26.0,Male,Hồ Chí Minh,3,1,1,1000000,Thực phẩm & Ăn uống,Campaign,Android
ZLP006236,2023-12-02,33.0,Male,Bình Dương,3,1,1,2000000,Thực phẩm & Ăn uống,Unknown,iOS
ZLP006237,2023-11-02,24.0,Male,Đà Nẵng,2,1,1,1000000,Điện tử,Organic,Android
ZLP006238,2024-01-15,27.0,Female,Hồ Chí Minh,1,1,1,3000000,Điện & Nước,Social,Android
ZLP006239,2024-01-15,23.0,Female,Hồ Chí Minh,1,1,1,2000000,Thời trang,Campaign,Android
ZLP006240,2023-11-02,30.0,Female,Bình Dương,3,1,0,1000000,Viễn thông,Referral,Android
ZLP006241,2024-04-30,26.0,Male,Hồ Chí Minh,1,1,1,3000000,Thực phẩm & Ăn uống,Referral,Android
ZLP006242,2023-01-01,22.0,Female,Hải Phòng,2,0,1,2000000,Thời trang,Campaign,iOS
ZLP006243,2024-04-30,27.0,Female,Hà Nội,1,1,1,1000000,Thời trang,Organic,Android
ZLP006244,2024-01-01,33.0,Female,Đà Nẵng,2,1,1,3000000,Viễn thông,Unknown,Android
ZLP006245,2024-04-30,24.0,Female,Bình Dương,3,0,1,1000000,Điện tử,Referral,Android
ZLP006246,2024-01-01,30.0,Male,Đồng Nai,3,1,1,3000000,Điện tử,Campaign,Android
ZLP006247,2024-11-26,31.0,Male,Cần Thơ,2,1,1,2000000,Du lịch & Vận chuyển,Campaign,iOS
ZLP006248,2023-12-02,31.0,Female,Hồ Chí Minh,3,1,1,1000000,Thời trang,Campaign,Android
ZLP006249,2024-11-26,18.0,Male,Thanh Hóa,3,1,1,2000000,Điện tử,Unknown,iOS
ZLP006250,2023-04-06,34.0,Male,Nghệ An,3,0,1,1000000,Chăm sóc sức khỏe,Unknown,Android
ZLP006251,2024-04-30,24.0,Male,Đồng Nai,3,1,1,1000000,Điện & Nước,Unknown,Android
ZLP006252,2024-01-01,25.0,Male,Bình Dương,3,1,1,500000,Điện tử,Organic,iOS
ZLP006253,2024-06-29,43.0,Female,Cần Thơ,2,1,1,1000000,Viễn thông,Referral,iOS
ZLP006254,2024-06-29,29.0,Male,Hồ Chí Minh,1,1,1,3000000,Chăm sóc sức khỏe,Campaign,iOS
ZLP006255,2024-06-29,25.0,Male,Hồ Chí Minh,1,1,1,3000000,Thực phẩm & Ăn uống,Referral,Android
ZLP006256,2023-07-05,18.0,Female,Hồ Chí Minh,1,0,0,3000000,Thời trang,Organic,Android
ZLP006257,2024-06-29,36.0,Male,Hồ Chí Minh,1,0,1,1000000,Viễn thông,Campaign,iOS
ZLP006258,2023-11-02,19.0,Female,Hà Nội,1,1,1,2000000,Điện tử,Social,Android
ZLP006259,2023-01-01,21.0,Male,Hồ Chí Minh,1,1,1,1000000,Điện & Nước,Campaign,Android
ZLP006260,2023-11-02,26.0,Female,An Giang,3,1,1,2000000,Điện tử,Organic,Android
ZLP006261,2024-01-01,36.0,Female,Đồng Nai,3,1,1,3000000,Điện & Nước,Organic,iOS
ZLP006262,2024-05-30,32.0,Female,Hồ Chí Minh,1,1,1,500000,Viễn thông,Unknown,iOS
ZLP006263,2023-11-02,27.0,Male,Hồ Chí Minh,1,1,1,5000000,Điện & Nước,Organic,Android
ZLP006264,2023-07-05,29.0,Male,Đồng Nai,3,1,1,3000000,Viễn thông,Organic,iOS
ZLP006265,2024-03-31,24.0,Female,Đồng Nai,3,1,0,3000000,Thực phẩm & Ăn uống,Campaign,Android
ZLP006266,2024-11-26,28.0,Female,Nghệ An,3,1,1,2000000,Viễn thông,Organic,iOS
ZLP006267,2024-03-01,28.0,Male,Thanh Hóa,3,0,1,3000000,Viễn thông,Organic,Android
ZLP006268,2024-04-30,33.0,Male,Hồ Chí Minh,3,1,1,5000000,Du lịch & Vận chuyển,Campaign,iOS
ZLP006269,2024-01-31,33.0,Female,Hà Nội,1,1,1,3000000,Viễn thông,Organic,Android
ZLP006270,2024-05-30,30.0,Female,Hồ Chí Minh,1,1,1,1000000,Điện tử,Organic,Android
ZLP006271,2024-11-26,25.0,Male,Bình Dương,3,0,1,2000000,Viễn thông,Campaign,Android
ZLP006272,2024-01-31,32.0,Female,Hà Nội,1,1,1,1000000,Chăm sóc sức khỏe,Organic,Android
ZLP006273,2023-12-18,27.0,Female,Đồng Nai,3,1,0,5000000,Điện tử,Organic,Android
ZLP006274,2024-07-29,21.0,Female,Đà Nẵng,2,1,1,5000000,Điện tử,Referral,Android
ZLP006275,2024-11-26,25.0,Female,Đồng Nai,3,1,1,2000000,Thực phẩm & Ăn uống,Referral,iOS
ZLP006276,2023-10-03,28.0,Male,Hồ Chí Minh,1,1,0,3000000,Du lịch & Vận chuyển,Organic,iOS
ZLP006277,2024-01-31,33.0,Female,Đà Nẵng,2,1,1,5000000,Thực phẩm & Ăn uống,Referral,iOS
ZLP006278,2024-06-29,26.0,Female,Đà Nẵng,2,1,1,1000000,Thời trang,Unknown,iOS
ZLP006279,2024-01-31,20.0,Female,Nghệ An,3,1,1,2000000,Thời trang,Unknown,Android
ZLP006280,2023-12-18,28.0,Male,Hồ Chí Minh,1,1,1,2000000,Giải trí,Campaign,Android
ZLP006281,2024-03-31,28.0,Female,Nghệ An,3,1,1,3000000,Điện & Nước,Organic,iOS
ZLP006282,2023-11-02,29.0,Male,Đồng Nai,3,1,1,1000000,Điện & Nước,Campaign,Android
ZLP006283,2023-12-02,33.0,Male,Bình Dương,3,1,1,3000000,Thực phẩm & Ăn uống,Organic,Unknown
ZLP006284,2024-11-26,34.0,Female,Đồng Nai,3,1,1,2000000,Du lịch & Vận chuyển,Campaign,Android
ZLP006285,2024-03-31,24.0,Female,Cần Thơ,2,1,0,1000000,Điện & Nước,Unknown,Android
ZLP006286,2024-07-29,24.0,Female,Hồ Chí Minh,1,1,1,1000000,Viễn thông,Campaign,Android
ZLP006287,2024-06-29,21.0,Male,Hồ Chí Minh,1,1,1,1000000,Viễn thông,Campaign,Android
ZLP006288,2024-03-31,32.0,Female,Hải Phòng,2,0,1,500000,Viễn thông,Organic,iOS
ZLP006289,2024-07-29,36.0,Male,Bình Dương,3,0,1,2000000,Điện & Nước,Organic,Android
ZLP006290,2023-12-02,26.0,Female,Hồ Chí Minh,1,1,1,2000000,Chăm sóc sức khỏe,Unknown,Android
ZLP006291,2024-03-31,26.0,Male,Cần Thơ,2,1,1,1000000,Điện & Nước,Campaign,Android
ZLP006292,2024-03-01,36.0,Female,Hà Nội,1,1,0,2000000,Thực phẩm & Ăn uống,Organic,Android
ZLP006293,2024-03-01,31.0,Female,Hồ Chí Minh,1,0,1,2000000,Điện & Nước,Campaign,Android
ZLP006294,2023-10-03,30.0,Male,Đà Nẵng,2,1,1,1000000,Chăm sóc sức khỏe,Referral,Android
ZLP006295,2023-12-02,20.0,Male,Hà Nội,1,1,1,2000000,Điện tử,Organic,Android
ZLP006296,2023-12-02,32.0,Female,Hồ Chí Minh,1,0,1,3000000,Điện tử,Campaign,Android
ZLP006297,2024-03-01,22.0,Female,Hà Nội,1,0,1,500000,Điện tử,Campaign,Android
ZLP006298,2024-11-26,21.0,Female,Đà Nẵng,2,1,0,1000000,Giải trí,Campaign,Android
ZLP006299,2024-09-27,25.0,Female,Hồ Chí Minh,1,1,1,5000000,Thực phẩm & Ăn uống,Organic,Android
ZLP006300,2023-11-02,24.0,Male,Hà Nội,1,0,1,3000000,Chăm sóc sức khỏe,Campaign,iOS
ZLP006301,2023-12-02,26.0,Male,Hồ Chí Minh,1,0,1,2000000,Viễn thông,Organic,Android
ZLP006302,2023-04-06,19.0,Male,Hồ Chí Minh,1,1,1,2000000,Thực phẩm & Ăn uống,Social,Android
ZLP006303,2023-12-18,33.0,Male,Hồ Chí Minh,1,0,1,3000000,Điện & Nước,Referral,Android
ZLP006304,2024-06-29,34.0,Female,Hồ Chí Minh,1,1,1,3000000,Viễn thông,Unknown,Android
ZLP006305,2024-08-28,18.0,Male,Hồ Chí Minh,1,1,1,1000000,Thực phẩm & Ăn uống,Referral,Android
ZLP006306,2023-11-02,33.0,Female,Đồng Nai,3,1,1,2000000,Du lịch & Vận chuyển,Organic,Android
ZLP006307,2023-11-02,23.0,Female,Hà Nội,1,1,1,2000000,Viễn thông,Campaign,Unknown
ZLP006308,2023-11-02,33.0,Female,Hồ Chí Minh,1,1,1,500000,Điện tử,Referral,Android
ZLP006309,2023-12-02,27.0,Female,Hồ Chí Minh,1,1,1,5000000,Chăm sóc sức khỏe,Campaign,iOS
ZLP006310,2024-06-29,28.0,Male,Hà Nội,1,1,1,2000000,Viễn thông,Campaign,iOS
ZLP006311,2024-03-31,26.0,Female,Đồng Nai,3,0,1,1000000,Điện & Nước,Organic,iOS
ZLP006312,2024-06-29,35.0,Male,Hà Nội,1,1,1,5000000,Thời trang,Social,Android
ZLP006313,2024-03-01,20.0,Male,Hồ Chí Minh,1,1,1,1000000,Viễn thông,Unknown,Android
ZLP006314,2023-11-02,31.0,Female,Hà Nội,1,0,1,500000,Điện tử,Campaign,Android
ZLP006315,2023-11-02,34.0,Male,Đà Nẵng,2,1,1,2000000,Điện & Nước,Unknown,Android
ZLP006316,2023-01-01,32.0,Other,Hồ Chí Minh,1,1,0,2000000,Điện & Nước,Organic,Android
ZLP006317,2024-05-30,41.0,Female,Cần Thơ,2,1,1,3000000,Điện tử,Organic,iOS
ZLP006318,2024-07-29,24.0,Female,Hà Nội,1,0,0,500000,Giải trí,Campaign,Android
ZLP006319,2024-05-30,33.0,Male,Hồ Chí Minh,1,1,1,2000000,Viễn thông,Campaign,iOS
ZLP006320,2023-07-05,27.0,Female,Cần Thơ,2,1,1,1000000,Điện tử,Referral,iOS
ZLP006321,2024-05-30,35.0,Male,Bình Dương,3,0,1,3000000,Thời trang,Campaign,Android
ZLP006322,2023-04-06,27.0,Female,Cần Thơ,2,1,1,1000000,Chăm sóc sức khỏe,Organic,Android
ZLP006323,2023-07-05,25.0,Male,Hà Nội,1,0,1,2000000,Thực phẩm & Ăn uống,Organic,iOS
ZLP006324,2024-01-01,35.0,Female,Đà Nẵng,2,1,1,3000000,Giải trí,Organic,Android
ZLP006325,2024-01-01,25.0,Male,Hà Nội,1,1,1,5000000,Điện & Nước,Unknown,Android
ZLP006326,2024-06-29,19.0,Male,Bình Dương,3,1,1,3000000,Giải trí,Unknown,Android
ZLP006327,2024-03-31,24.0,Female,Đà Nẵng,2,1,1,2000000,Chăm sóc sức khỏe,Social,Android
ZLP006328,2023-10-03,31.0,Male,Hồ Chí Minh,1,1,1,2000000,Chăm sóc sức khỏe,Unknown,iOS
ZLP006329,2023-11-02,36.0,Female,Cần Thơ,2,1,1,2000000,Chăm sóc sức khỏe,Organic,Android
ZLP006330,2023-12-02,28.0,Male,Bình Dương,3,1,1,3000000,Chăm sóc sức khỏe,Referral,Android
ZLP006331,2023-10-03,35.0,Male,Hà Nội,1,0,1,3000000,Chăm sóc sức khỏe,Campaign,Android
ZLP006332,2023-12-02,19.0,Female,Hải Phòng,2,1,1,5000000,Du lịch & Vận chuyển,Campaign,iOS
ZLP006333,2024-04-30,25.0,Male,Hải Phòng,2,1,1,3000000,Thực phẩm & Ăn uống,Campaign,iOS
ZLP006334,2023-11-02,26.0,Male,Hồ Chí Minh,1,1,1,1000000,Du lịch & Vận chuyển,Referral,Android
ZLP006335,2024-06-29,27.0,Female,An Giang,3,1,1,3000000,Thực phẩm & Ăn uống,Referral,Android
ZLP006336,2024-01-01,28.0,Male,Hà Nội,1,1,1,3000000,Điện tử,Organic,Android
ZLP006337,2023-12-02,32.0,Male,Bình Dương,3,1,1,3000000,Điện tử,Social,iOS
ZLP006338,2023-12-18,27.0,Male,Đồng Nai,3,0,1,5000000,Chăm sóc sức khỏe,Referral,iOS
ZLP006339,2024-04-30,28.0,Male,Đà Nẵng,2,1,1,2000000,Điện tử,Campaign,Android
ZLP006340,2024-01-15,27.0,Female,Hà Nội,1,1,1,2000000,Điện & Nước,Referral,Android
ZLP006341,2023-01-01,22.0,Male,An Giang,3,1,0,500000,Điện tử,Organic,Android
ZLP006342,2024-09-27,27.0,Female,Hồ Chí Minh,1,1,1,2000000,Điện & Nước,Unknown,iOS
ZLP006343,2023-04-06,27.0,Male,Hồ Chí Minh,1,1,1,2000000,Thời trang,Organic,Android
ZLP006344,2024-09-27,27.0,Male,Hà Nội,1,1,1,5000000,Chăm sóc sức khỏe,Organic,Android
ZLP006345,2023-01-01,28.0,Male,Hải Phòng,2,1,1,5000000,Chăm sóc sức khỏe,Social,iOS
ZLP006346,2024-05-30,28.0,Female,Nghệ An,3,1,1,3000000,Chăm sóc sức khỏe,Campaign,Android
ZLP006347,2024-01-31,25.0,Female,Hồ Chí Minh,1,1,1,500000,Thời trang,Social,Android
ZLP006348,2024-01-15,35.0,Female,Hải Phòng,2,1,1,2000000,Viễn thông,Campaign,iOS
ZLP006349,2023-07-05,20.0,Other,Hồ Chí Minh,1,1,0,2000000,Thực phẩm & Ăn uống,Campaign,Android
ZLP006350,2023-11-02,23.0,Male,Thanh Hóa,3,1,1,500000,Thực phẩm & Ăn uống,Organic,Unknown
ZLP006351,2024-05-30,44.0,Male,Đà Nẵng,2,1,1,1000000,Viễn thông,Referral,iOS
ZLP006352,2024-08-28,21.0,Male,Hồ Chí Minh,1,1,1,3000000,Thực phẩm & Ăn uống,Organic,Android
ZLP006353,2024-01-15,19.0,Male,Hồ Chí Minh,1,1,1,1000000,Du lịch & Vận chuyển,Social,iOS
ZLP006354,2023-12-02,32.0,Male,Hồ Chí Minh,1,1,1,500000,Thực phẩm & Ăn uống,Campaign,Android
ZLP006355,2023-04-06,18.0,Male,Hồ Chí Minh,1,1,1,2000000,Điện tử,Campaign,Android
ZLP006356,2024-03-31,26.0,Male,Đồng Nai,3,0,1,5000000,Thực phẩm & Ăn uống,Organic,Android
ZLP006357,2023-12-02,40.0,Male,Hồ Chí Minh,1,1,1,3000000,Thời trang,Unknown,Android
ZLP006358,2023-04-06,27.0,Male,Nghệ An,3,1,1,5000000,Điện & Nước,Unknown,iOS
ZLP006359,2024-03-31,18.0,Male,Cần Thơ,2,1,1,3000000,Du lịch & Vận chuyển,Campaign,Android
ZLP006360,2024-01-15,19.0,Female,Bình Dương,3,1,1,2000000,Thực phẩm & Ăn uống,Unknown,iOS
ZLP006361,2023-01-01,33.0,Female,Hồ Chí Minh,1,1,1,5000000,Điện tử,Unknown,Android
ZLP006362,2023-07-05,34.0,Female,An Giang,3,1,1,2000000,Điện tử,Campaign,iOS
ZLP006363,2024-04-30,24.0,Female,Cần Thơ,2,1,1,1000000,Chăm sóc sức khỏe,Organic,Android
ZLP006364,2023-04-06,32.0,Male,Hải Phòng,2,1,1,2000000,Điện & Nước,Campaign,Android
ZLP006365,2024-07-29,36.0,Male,Nghệ An,3,0,1,3000000,Du lịch & Vận chuyển,Campaign,iOS
ZLP006366,2023-12-02,38.0,Male,Hồ Chí Minh,1,1,1,5000000,Chăm sóc sức khỏe,Campaign,Android
ZLP006367,2023-07-05,26.0,Female,Hồ Chí Minh,1,1,1,1000000,Chăm sóc sức khỏe,Unknown,Android
ZLP006368,2024-05-30,18.0,Male,Đồng Nai,3,1,1,2000000,Thực phẩm & Ăn uống,Unknown,Android
ZLP006369,2024-01-15,23.0,Male,Hải Phòng,2,1,1,3000000,Chăm sóc sức khỏe,Social,iOS
ZLP006370,2023-12-02,25.0,Male,Đà Nẵng,2,0,1,500000,Thời trang,Unknown,iOS
ZLP006371,2023-12-18,26.0,Female,Hà Nội,1,1,1,3000000,Thực phẩm & Ăn uống,Social,Android
ZLP006372,2023-01-01,26.0,Male,Cần Thơ,2,1,1,2000000,Chăm sóc sức khỏe,Campaign,iOS
ZLP006373,2024-03-31,34.0,Female,Hà Nội,1,1,1,1000000,Thời trang,Campaign,iOS
ZLP006374,2023-12-18,35.0,Female,Hồ Chí Minh,1,1,1,2000000,Điện & Nước,Social,Android
ZLP006375,2024-04-30,26.0,Female,Hà Nội,1,1,1,2000000,Viễn thông,Organic,iOS
ZLP006376,2024-03-01,34.0,Female,Hồ Chí Minh,1,1,1,3000000,Thời trang,Referral,iOS
ZLP006377,2024-03-31,30.0,Female,Hà Nội,1,1,1,5000000,Du lịch & Vận chuyển,Campaign,Android
ZLP006378,2024-06-29,28.0,Female,Nghệ An,3,1,1,2000000,Du lịch & Vận chuyển,Campaign,Android
ZLP006379,2024-03-01,33.0,Female,Hải Phòng,2,1,1,3000000,Chăm sóc sức khỏe,Social,iOS
ZLP006380,2023-12-18,28.0,Male,Nghệ An,3,0,1,3000000,Viễn thông,Organic,iOS
ZLP006381,2023-12-18,40.0,Male,Đồng Nai,3,0,1,1000000,Thực phẩm & Ăn uống,Social,Unknown
ZLP006382,2023-07-05,19.0,Female,Hà Nội,1,1,1,2000000,Thực phẩm & Ăn uống,Referral,iOS
ZLP006383,2024-05-30,24.0,Female,Đồng Nai,3,1,1,2000000,Thực phẩm & Ăn uống,Referral,Android
ZLP006384,2024-05-30,27.0,Female,An Giang,3,1,1,500000,Điện & Nước,Campaign,Android
ZLP006385,2023-11-02,30.0,Female,Nghệ An,3,1,1,2000000,Điện & Nước,Organic,iOS
ZLP006386,2024-07-29,35.0,Female,Bình Dương,3,1,1,5000000,Điện & Nước,Referral,iOS
ZLP006387,2024-03-01,27.0,Male,Hồ Chí Minh,1,1,1,2000000,Thời trang,Referral,Android
ZLP006388,2024-01-01,19.0,Female,Hồ Chí Minh,1,1,1,1000000,Thực phẩm & Ăn uống,Organic,Android
ZLP006389,2023-01-01,33.0,Male,Hồ Chí Minh,1,1,1,1000000,Viễn thông,Campaign,Android
ZLP006390,2023-12-18,32.0,Female,Nghệ An,3,1,1,1000000,Thực phẩm & Ăn uống,Social,Android
ZLP006391,2024-03-31,18.0,Female,Hà Nội,1,1,1,2000000,Viễn thông,Referral,iOS
ZLP006392,2023-07-05,27.0,Female,Hải Phòng,2,1,1,1000000,Điện tử,Referral,iOS
ZLP006393,2024-01-01,18.0,Male,Hà Nội,1,1,1,1000000,Điện & Nước,Organic,iOS
ZLP006394,2024-11-26,24.0,Male,Cần Thơ,2,1,1,1000000,Điện & Nước,Referral,Android
ZLP006395,2024-04-30,22.0,Male,Hồ Chí Minh,1,0,1,2000000,Điện tử,Social,Android
ZLP006396,2024-01-31,32.0,Female,Hồ Chí Minh,1,1,0,1000000,Viễn thông,Campaign,Android
ZLP006397,2024-01-31,28.0,Female,Hà Nội,1,1,1,500000,Thời trang,Organic,Android
ZLP006398,2023-04-06,20.0,Male,Cần Thơ,2,1,1,500000,Điện & Nước,Organic,Android
ZLP006399,2024-09-27,33.0,Female,Hồ Chí Minh,1,1,0,1000000,Viễn thông,Campaign,Unknown
ZLP006400,2024-09-27,19.0,Female,Đồng Nai,3,1,1,1000000,Điện & Nước,Referral,iOS
ZLP006401,2024-03-31,29.0,Male,Hà Nội,1,1,1,2000000,Viễn thông,Organic,Android
ZLP006402,2023-07-05,23.0,Male,Đồng Nai,3,1,1,2000000,Viễn thông,Campaign,Android
ZLP006403,2023-11-02,25.0,Female,Hồ Chí Minh,1,0,1,1000000,Thực phẩm & Ăn uống,Campaign,Android
ZLP006404,2023-10-03,31.0,Female,Cần Thơ,2,1,1,3000000,Thực phẩm & Ăn uống,Organic,iOS
ZLP006405,2024-01-15,31.0,Female,Hà Nội,1,0,1,2000000,Thời trang,Organic,iOS
ZLP006406,2023-11-02,36.0,Female,Đồng Nai,3,1,1,500000,Thực phẩm & Ăn uống,Referral,iOS
ZLP006407,2024-04-30,27.0,Other,Hà Nội,1,0,1,1000000,Thời trang,Referral,iOS
ZLP006408,2024-01-31,29.0,Male,Cần Thơ,2,1,1,5000000,Giải trí,Referral,Android
ZLP006409,2023-01-01,25.0,Female,Nghệ An,3,1,1,5000000,Viễn thông,Referral,Android
ZLP006410,2024-05-30,29.0,Male,Hồ Chí Minh,1,1,1,1000000,Điện & Nước,Referral,Android
ZLP006411,2023-10-03,30.0,Male,Hồ Chí Minh,1,1,0,1000000,Chăm sóc sức khỏe,Social,Android
ZLP006412,2024-06-29,27.0,Male,Đồng Nai,3,1,1,2000000,Thực phẩm & Ăn uống,Social,Android
ZLP006413,2023-12-02,18.0,Male,Cần Thơ,2,1,1,2000000,Chăm sóc sức khỏe,Social,Android
ZLP006414,2023-12-02,29.0,Female,Hà Nội,1,1,1,2000000,Thực phẩm & Ăn uống,Campaign,Android
ZLP006415,2023-01-01,30.0,Female,Hà Nội,1,1,1,2000000,Điện & Nước,Unknown,iOS
ZLP006416,2024-11-26,23.0,Male,Hồ Chí Minh,1,1,1,1000000,Thực phẩm & Ăn uống,Organic,Android
ZLP006417,2024-03-01,20.0,Female,Hồ Chí Minh,1,1,1,1000000,Thời trang,Organic,Android
ZLP006418,2023-12-18,36.0,Female,Hà Nội,1,1,1,2000000,Thực phẩm & Ăn uống,Social,Android
ZLP006419,2023-07-05,30.0,Female,Hải Phòng,2,0,1,5000000,Thực phẩm & Ăn uống,Social,Android
ZLP006420,2024-04-30,26.0,Female,Hà Nội,1,1,1,1000000,Giải trí,Social,iOS
ZLP006421,2023-12-02,27.0,Male,Đà Nẵng,2,1,1,3000000,Thời trang,Social,Android
ZLP006422,2024-11-26,23.0,Female,Hải Phòng,2,1,1,2000000,Điện tử,Campaign,Android
ZLP006423,2024-09-27,35.0,Female,Hà Nội,1,1,1,1000000,Điện tử,Unknown,Android
ZLP006424,2024-05-30,28.0,Female,Bình Dương,3,1,1,3000000,Điện & Nước,Organic,Android
ZLP006425,2024-11-26,24.0,Female,Hải Phòng,2,1,1,2000000,Thời trang,Unknown,Android
ZLP006426,2023-07-05,31.0,Female,Hồ Chí Minh,1,1,1,2000000,Giải trí,Campaign,Android
ZLP006427,2023-12-02,23.0,Female,Hà Nội,1,1,1,2000000,Điện tử,Organic,Android
ZLP006428,2023-11-02,37.0,Female,Thanh Hóa,3,1,1,500000,Thực phẩm & Ăn uống,Referral,iOS
ZLP006429,2023-07-05,36.0,Other,Thanh Hóa,3,1,1,2000000,Thực phẩm & Ăn uống,Organic,Android
ZLP006430,2024-11-26,25.0,Male,Hồ Chí Minh,1,1,1,2000000,Viễn thông,Organic,Android
ZLP006431,2023-04-06,24.0,Male,Hồ Chí Minh,1,1,1,500000,Thời trang,Organic,Android
ZLP006432,2024-07-29,18.0,Male,Hồ Chí Minh,1,1,1,2000000,Điện & Nước,Organic,Android
ZLP006433,2024-05-30,19.0,Female,Hà Nội,1,1,1,500000,Viễn thông,Social,Android
ZLP006434,2023-12-18,19.0,Female,Hà Nội,1,1,1,1000000,Thực phẩm & Ăn uống,Campaign,Android
ZLP006435,2023-01-01,27.0,Male,Cần Thơ,2,1,1,3000000,Thời trang,Unknown,iOS
ZLP006436,2023-01-01,26.0,Other,An Giang,3,1,1,500000,Thời trang,Campaign,Android
ZLP006437,2023-11-02,19.0,Female,Hà Nội,1,1,1,2000000,Chăm sóc sức khỏe,Social,Android
ZLP006438,2024-01-15,26.0,Female,Hải Phòng,2,0,1,5000000,Điện & Nước,Unknown,iOS
ZLP006439,2024-01-01,31.0,Male,Hồ Chí Minh,1,1,1,1000000,Viễn thông,Organic,Android
ZLP006440,2024-03-01,27.0,Female,Hồ Chí Minh,1,1,1,2000000,Du lịch & Vận chuyển,Organic,Android
ZLP006441,2024-05-30,18.0,Female,Đà Nẵng,2,1,1,2000000,Chăm sóc sức khỏe,Unknown,iOS
ZLP006442,2023-12-18,27.0,Female,Hồ Chí Minh,1,1,1,2000000,Chăm sóc sức khỏe,Social,iOS
ZLP006443,2023-10-03,19.0,Female,Hà Nội,1,1,1,2000000,Viễn thông,Social,Android
ZLP006444,2024-06-29,33.0,Female,An Giang,3,1,1,2000000,Điện & Nước,Campaign,iOS
ZLP006445,2023-12-02,32.0,Male,Hồ Chí Minh,1,1,1,1000000,Thực phẩm & Ăn uống,Organic,Android
ZLP006446,2023-12-02,22.0,Female,Bình Dương,3,1,1,500000,Du lịch & Vận chuyển,Unknown,Unknown
ZLP006447,2024-05-30,23.0,Male,Hà Nội,1,0,1,3000000,Viễn thông,Referral,Android
ZLP006448,2024-09-27,25.0,Female,Hồ Chí Minh,1,1,0,1000000,Du lịch & Vận chuyển,Organic,iOS
ZLP006449,2024-08-28,18.0,Male,Đà Nẵng,2,0,1,3000000,Điện & Nước,Social,Android
ZLP006450,2023-10-03,30.0,Male,Hải Phòng,2,1,1,3000000,Viễn thông,Unknown,Android
ZLP006451,2024-01-15,26.0,Male,Hà Nội,1,1,1,500000,Viễn thông,Organic,iOS
ZLP006452,2023-07-05,33.0,Female,Cần Thơ,2,1,1,1000000,Điện & Nước,Organic,iOS
ZLP006453,2024-11-26,21.0,Female,An Giang,3,1,1,1000000,Du lịch & Vận chuyển,Social,Android
ZLP006454,2023-11-02,24.0,Male,Đồng Nai,3,1,1,2000000,Thực phẩm & Ăn uống,Referral,Android
ZLP006455,2023-11-02,18.0,Female,Hồ Chí Minh,1,1,1,3000000,Viễn thông,Unknown,Android
ZLP006456,2024-08-28,21.0,Male,Bình Dương,3,1,1,500000,Điện & Nước,Unknown,iOS
ZLP006457,2024-11-26,20.0,Male,Đà Nẵng,2,1,1,1000000,Thực phẩm & Ăn uống,Organic,Android
ZLP006458,2024-04-30,33.0,Female,Bình Dương,3,1,1,1000000,Điện & Nước,Referral,Android
ZLP006459,2023-07-05,23.0,Female,Hà Nội,1,0,1,1000000,Điện & Nước,Referral,iOS
ZLP006460,2024-01-15,28.0,Female,Hồ Chí Minh,1,1,1,2000000,Điện & Nước,Organic,iOS
ZLP006461,2024-06-29,25.0,Male,Đà Nẵng,2,1,1,2000000,Điện & Nước,Organic,iOS
ZLP006462,2024-01-31,20.0,Female,Hà Nội,1,1,0,1000000,Giải trí,Campaign,iOS
ZLP006463,2023-10-03,26.0,Female,Đà Nẵng,2,0,1,2000000,Thực phẩm & Ăn uống,Campaign,Android
ZLP006464,2023-10-03,31.0,Female,Hải Phòng,2,1,1,1000000,Điện tử,Unknown,iOS
ZLP006465,2024-07-29,20.0,Male,An Giang,3,1,1,1000000,Điện tử,Organic,Android
ZLP006466,2024-01-15,32.0,Female,Hà Nội,1,1,1,1000000,Du lịch & Vận chuyển,Campaign,Android
ZLP006467,2024-04-30,22.0,Female,Hà Nội,1,1,1,2000000,Điện & Nước,Campaign,iOS
ZLP006468,2023-12-18,25.0,Other,Đà Nẵng,2,0,1,2000000,Thực phẩm & Ăn uống,Social,Android
ZLP006469,2024-01-31,31.0,Male,Đà Nẵng,2,1,1,1000000,Viễn thông,Campaign,iOS
ZLP006470,2024-11-26,24.0,Female,Nghệ An,3,1,1,500000,Thời trang,Social,Android
ZLP006471,2023-12-02,28.0,Male,Cần Thơ,2,1,1,1000000,Thực phẩm & Ăn uống,Campaign,Android
ZLP006472,2024-03-31,26.0,Female,Hồ Chí Minh,1,1,1,500000,Viễn thông,Campaign,Android
ZLP006473,2023-10-03,27.0,Male,Đà Nẵng,2,0,1,2000000,Điện tử,Organic,Android
ZLP006474,2023-07-05,18.0,Male,Cần Thơ,2,1,1,1000000,Điện & Nước,Unknown,iOS
ZLP006475,2024-05-30,18.0,Female,Cần Thơ,2,1,1,2000000,Du lịch & Vận chuyển,Social,Android
ZLP006476,2024-07-29,31.0,Male,Đà Nẵng,2,1,1,1000000,Điện & Nước,Social,Android
ZLP006477,2024-03-31,34.0,Male,Hồ Chí Minh,1,1,1,2000000,Thời trang,Unknown,Android
ZLP006478,2023-10-03,22.0,Male,Hồ Chí Minh,1,1,1,3000000,Điện tử,Unknown,Android
ZLP006479,2023-11-02,26.0,Male,Hà Nội,1,0,1,2000000,Điện & Nước,Referral,iOS
ZLP006480,2024-08-28,29.0,Female,Hà Nội,1,0,1,500000,Du lịch & Vận chuyển,Unknown,iOS
ZLP006481,2023-12-02,32.0,Female,Hồ Chí Minh,1,1,1,500000,Thực phẩm & Ăn uống,Referral,Android
ZLP006482,2024-06-29,18.0,Female,Đồng Nai,3,1,1,1000000,Giải trí,Unknown,iOS
ZLP006483,2023-12-02,22.0,Male,Hà Nội,1,0,1,2000000,Điện & Nước,Campaign,Android
ZLP006484,2024-09-27,26.0,Female,An Giang,3,1,0,500000,Điện tử,Social,Android
ZLP006485,2024-08-28,32.0,Female,Hồ Chí Minh,1,1,1,1000000,Điện & Nước,Referral,iOS
ZLP006486,2023-04-06,42.0,Female,Hồ Chí Minh,1,1,1,3000000,Thực phẩm & Ăn uống,Social,Android
ZLP006487,2024-05-30,26.0,Female,Hà Nội,1,1,0,500000,Thực phẩm & Ăn uống,Referral,iOS
ZLP006488,2023-10-03,19.0,Female,Hồ Chí Minh,1,1,1,5000000,Thực phẩm & Ăn uống,Campaign,iOS
ZLP006489,2023-11-02,30.0,Female,Nghệ An,3,1,1,3000000,Thực phẩm & Ăn uống,Referral,iOS
ZLP006490,2024-01-01,35.0,Male,Hồ Chí Minh,1,1,0,3000000,Điện tử,Unknown,Android
ZLP006491,2024-01-31,28.0,Male,Hà Nội,1,1,1,3000000,Chăm sóc sức khỏe,Campaign,Android
ZLP006492,2023-12-02,27.0,Female,An Giang,3,1,1,500000,Thực phẩm & Ăn uống,Unknown,iOS
ZLP006493,2024-01-31,33.0,Female,Hà Nội,1,0,1,1000000,Thực phẩm & Ăn uống,Organic,Android
ZLP006494,2023-10-03,31.0,Female,Hồ Chí Minh,1,1,1,1000000,Thực phẩm & Ăn uống,Organic,Android
ZLP006495,2023-01-01,21.0,Male,Hà Nội,1,0,1,1000000,Thời trang,Campaign,Android
ZLP006496,2024-01-31,30.0,Female,Hà Nội,1,1,1,1000000,Điện & Nước,Social,Android
ZLP006497,2024-01-15,33.0,Female,Hồ Chí Minh,1,0,1,3000000,Chăm sóc sức khỏe,Organic,iOS
ZLP006498,2024-04-30,35.0,Male,Hà Nội,1,1,1,1000000,Chăm sóc sức khỏe,Referral,iOS
ZLP006499,2024-03-31,27.0,Male,Hải Phòng,2,0,1,1000000,Thời trang,Campaign,Android
ZLP006500,2024-08-28,25.0,Female,Hải Phòng,2,1,1,2000000,Điện tử,Organic,iOS
ZLP006501,2024-01-01,35.0,Female,Hồ Chí Minh,1,1,1,500000,Giải trí,Organic,iOS
ZLP006502,2023-01-01,20.0,Male,Hồ Chí Minh,1,0,1,1000000,Du lịch & Vận chuyển,Unknown,iOS
ZLP006503,2024-03-01,30.0,Female,Hồ Chí Minh,1,1,1,1000000,Thời trang,Campaign,Android
ZLP006504,2024-03-31,19.0,Female,Đà Nẵng,2,1,1,3000000,Thực phẩm & Ăn uống,Campaign,Android
ZLP006505,2024-01-15,34.0,Female,Hà Nội,1,1,1,2000000,Thời trang,Organic,Android
ZLP006506,2024-04-30,26.0,Female,Hải Phòng,2,1,1,2000000,Thực phẩm & Ăn uống,Unknown,Android
ZLP006507,2023-12-02,35.0,Female,Bình Dương,3,1,1,1000000,Thực phẩm & Ăn uống,Social,Android
ZLP006508,2023-10-03,30.0,Male,Hồ Chí Minh,1,1,1,5000000,Điện tử,Campaign,Android
ZLP006509,2024-03-31,20.0,Male,Cần Thơ,2,1,1,1000000,Giải trí,Campaign,Android
ZLP006510,2023-11-02,36.0,Male,Hồ Chí Minh,1,1,1,3000000,Điện & Nước,Organic,iOS
ZLP006511,2024-01-01,37.0,Male,Hồ Chí Minh,1,1,1,5000000,Viễn thông,Referral,Android
ZLP006512,2024-01-15,33.0,Male,Hồ Chí Minh,1,1,1,2000000,Viễn thông,Unknown,Android
ZLP006513,2024-01-01,23.0,Male,Hồ Chí Minh,1,1,1,2000000,Chăm sóc sức khỏe,Social,iOS
ZLP006514,2024-03-01,26.0,Female,Cần Thơ,2,0,0,1000000,Thực phẩm & Ăn uống,Organic,Android
ZLP006515,2023-01-01,28.0,Female,Đà Nẵng,2,0,0,2000000,Thực phẩm & Ăn uống,Organic,iOS
ZLP006516,2024-11-26,23.0,Female,Hồ Chí Minh,1,1,1,3000000,Thực phẩm & Ăn uống,Unknown,Android
ZLP006517,2024-04-30,38.0,Female,Thanh Hóa,3,1,1,1000000,Chăm sóc sức khỏe,Organic,Android
ZLP006518,2023-12-18,28.0,Male,Hà Nội,1,1,1,5000000,Thực phẩm & Ăn uống,Campaign,Android
ZLP006519,2023-10-03,18.0,Male,Hồ Chí Minh,1,1,1,2000000,Điện tử,Organic,Android
ZLP006520,2023-07-05,30.0,Male,Hồ Chí Minh,1,0,1,2000000,Điện & Nước,Social,Android
ZLP006521,2024-03-31,25.0,Female,Đà Nẵng,2,1,1,2000000,Điện tử,Unknown,iOS
ZLP006522,2023-12-02,27.0,Male,Thanh Hóa,3,1,1,1000000,Viễn thông,Referral,iOS
ZLP006523,2023-11-02,25.0,Female,Đà Nẵng,2,1,1,1000000,Chăm sóc sức khỏe,Organic,Android
ZLP006524,2023-12-18,32.0,Female,Nghệ An,3,1,1,1000000,Điện tử,Organic,iOS
ZLP006525,2024-03-01,34.0,Male,Hà Nội,1,1,1,2000000,Điện & Nước,Campaign,Android
ZLP006526,2024-03-31,29.0,Male,Hà Nội,1,1,1,5000000,Điện & Nước,Organic,iOS
ZLP006527,2024-03-31,25.0,Female,Đà Nẵng,2,1,1,1000000,Viễn thông,Organic,iOS
ZLP006528,2024-07-29,27.0,Female,Bình Dương,3,1,1,2000000,Điện & Nước,Organic,Android
ZLP006529,2023-11-02,28.0,Female,Hà Nội,1,0,1,1000000,Điện tử,Unknown,Android
ZLP006530,2024-03-31,23.0,Male,Hải Phòng,2,1,1,3000000,Giải trí,Unknown,Android
ZLP006531,2023-07-05,31.0,Female,Hồ Chí Minh,1,0,1,2000000,Điện tử,Campaign,iOS
ZLP006532,2024-01-31,30.0,Male,Hà Nội,1,1,1,2000000,Viễn thông,Social,Android
ZLP006533,2024-03-01,37.0,Other,Đà Nẵng,2,1,1,5000000,Thời trang,Unknown,Android
ZLP006534,2023-11-02,35.0,Female,Cần Thơ,2,1,1,3000000,Chăm sóc sức khỏe,Unknown,iOS
ZLP006535,2023-12-18,23.0,Female,Hồ Chí Minh,1,1,1,2000000,Giải trí,Referral,iOS
ZLP006536,2024-06-29,32.0,Male,Hà Nội,1,1,1,5000000,Điện & Nước,Organic,Android
ZLP006537,2023-10-03,22.0,Female,Hà Nội,1,1,1,2000000,Thực phẩm & Ăn uống,Unknown,iOS
ZLP006538,2024-01-01,32.0,Male,Bình Dương,3,1,1,3000000,Thực phẩm & Ăn uống,Organic,iOS
ZLP006539,2024-09-27,24.0,Male,Đồng Nai,3,1,1,2000000,Thực phẩm & Ăn uống,Referral,Android
ZLP006540,2024-01-15,21.0,Female,Bình Dương,3,1,1,500000,Thực phẩm & Ăn uống,Social,Unknown
ZLP006541,2024-04-30,29.0,Female,Hà Nội,1,1,1,5000000,Thực phẩm & Ăn uống,Unknown,Android
ZLP006542,2024-06-29,18.0,Female,Thanh Hóa,3,1,1,1000000,Thực phẩm & Ăn uống,Campaign,Android
ZLP006543,2023-11-02,18.0,Male,Hải Phòng,2,1,1,1000000,Điện & Nước,Campaign,Android
ZLP006544,2023-11-02,26.0,Female,Hồ Chí Minh,1,0,1,1000000,Thực phẩm & Ăn uống,Organic,Android
ZLP006545,2024-05-30,28.0,Male,Hồ Chí Minh,1,1,0,1000000,Chăm sóc sức khỏe,Unknown,iOS
ZLP006546,2024-05-30,25.0,Male,Hà Nội,1,1,1,1000000,Điện & Nước,Unknown,Android
ZLP006547,2023-04-06,18.0,Male,Hà Nội,1,1,1,2000000,Điện tử,Campaign,Android
ZLP006548,2023-12-02,23.0,Female,Hải Phòng,2,1,1,5000000,Viễn thông,Social,Android
ZLP006549,2023-12-18,30.0,Female,Đồng Nai,3,1,1,500000,Thực phẩm & Ăn uống,Social,Android
ZLP006550,2024-06-29,31.0,Female,Hải Phòng,2,1,1,3000000,Giải trí,Social,Unknown
ZLP006551,2023-12-18,27.0,Female,Hồ Chí Minh,1,1,0,1000000,Điện tử,Referral,iOS
ZLP006552,2024-09-27,34.0,Male,Đà Nẵng,2,1,1,500000,Điện tử,Organic,iOS
ZLP006553,2024-11-26,30.0,Female,Hà Nội,1,0,1,2000000,Thời trang,Referral,iOS
ZLP006554,2024-05-30,23.0,Male,Hồ Chí Minh,1,1,1,3000000,Viễn thông,Organic,Android
ZLP006555,2024-03-31,26.0,Female,Bình Dương,3,0,1,1000000,Điện tử,Referral,Android
ZLP006556,2023-12-18,19.0,Female,Hồ Chí Minh,1,1,1,1000000,Thực phẩm & Ăn uống,Organic,Android
ZLP006557,2023-04-06,27.0,Female,Cần Thơ,2,1,1,1000000,Chăm sóc sức khỏe,Unknown,Unknown
ZLP006558,2024-01-31,34.0,Female,Cần Thơ,2,1,1,5000000,Thời trang,Social,iOS
ZLP006559,2023-12-18,32.0,Female,Đồng Nai,3,0,1,1000000,Chăm sóc sức khỏe,Referral,Android
ZLP006560,2023-12-02,36.0,Male,Hồ Chí Minh,1,1,1,2000000,Chăm sóc sức khỏe,Organic,Android
ZLP006561,2024-04-30,26.0,Female,Đồng Nai,3,1,0,3000000,Chăm sóc sức khỏe,Social,iOS
ZLP006562,2024-01-01,36.0,Female,Thanh Hóa,3,1,1,2000000,Thực phẩm & Ăn uống,Social,Android
ZLP006563,2024-05-30,26.0,Male,Hải Phòng,2,1,1,5000000,Thực phẩm & Ăn uống,Unknown,Android
ZLP006564,2023-12-18,36.0,Female,Bình Dương,3,1,1,5000000,Chăm sóc sức khỏe,Unknown,Android
ZLP006565,2023-10-03,27.0,Female,Cần Thơ,2,1,1,2000000,Điện & Nước,Organic,iOS
ZLP006566,2024-01-01,32.0,Male,Hà Nội,1,1,1,2000000,Viễn thông,Referral,iOS
ZLP006567,2024-09-27,36.0,Female,Bình Dương,3,1,1,1000000,Điện & Nước,Campaign,Android
ZLP006568,2024-06-29,26.0,Female,Bình Dương,3,1,1,5000000,Điện & Nước,Organic,Android
ZLP006569,2023-11-02,29.0,Female,Cần Thơ,2,1,1,1000000,Thời trang,Referral,Android
ZLP006570,2023-12-18,35.0,Female,Đồng Nai,3,1,1,3000000,Du lịch & Vận chuyển,Social,Android
ZLP006571,2024-09-27,27.0,Female,Hà Nội,1,1,1,1000000,Điện & Nước,Organic,iOS
ZLP006572,2023-10-03,20.0,Male,Hồ Chí Minh,1,1,1,1000000,Chăm sóc sức khỏe,Social,iOS
ZLP006573,2023-11-02,40.0,Female,Đà Nẵng,2,1,1,1000000,Thực phẩm & Ăn uống,Organic,Android
ZLP006574,2023-11-02,25.0,Female,Hồ Chí Minh,1,1,1,2000000,Thời trang,Unknown,Android
ZLP006575,2024-01-31,28.0,Female,Hà Nội,1,1,1,1000000,Điện tử,Social,iOS
ZLP006576,2023-12-18,34.0,Female,Hồ Chí Minh,1,0,1,1000000,Điện tử,Organic,Android
ZLP006577,2023-07-05,24.0,Male,Hà Nội,1,0,1,1000000,Điện & Nước,Campaign,Android
ZLP006578,2024-03-01,21.0,Male,Đồng Nai,3,1,1,1000000,Điện & Nước,Campaign,Android
ZLP006579,2023-07-05,29.0,Male,Hồ Chí Minh,2,1,1,2000000,Du lịch & Vận chuyển,Referral,Android
ZLP006580,2024-03-01,18.0,Male,Hồ Chí Minh,1,1,1,2000000,Điện & Nước,Campaign,iOS
ZLP006581,2024-01-15,26.0,Male,Hà Nội,1,1,1,500000,Viễn thông,Organic,Android
ZLP006582,2024-01-15,29.0,Male,Hà Nội,1,0,0,2000000,Thực phẩm & Ăn uống,Organic,Android
ZLP006583,2023-04-06,26.0,Female,Hồ Chí Minh,1,1,1,3000000,Chăm sóc sức khỏe,Social,Android
ZLP006584,2024-03-31,18.0,Female,Hà Nội,1,1,0,2000000,Thời trang,Organic,Android
ZLP006585,2024-01-01,37.0,Female,Nghệ An,3,1,1,5000000,Thời trang,Organic,iOS
ZLP006586,2023-12-18,28.0,Female,Hồ Chí Minh,1,1,1,500000,Điện tử,Organic,Android
ZLP006587,2024-03-01,36.0,Male,Bình Dương,3,0,1,3000000,Chăm sóc sức khỏe,Organic,Android
ZLP006588,2024-03-01,26.0,Male,Hải Phòng,2,1,1,2000000,Viễn thông,Organic,Android
ZLP006589,2023-01-01,22.0,Female,Nghệ An,3,1,1,2000000,Điện & Nước,Organic,Android
ZLP006590,2023-10-03,29.0,Female,Hồ Chí Minh,1,0,1,2000000,Điện & Nước,Organic,Android
ZLP006591,2023-11-02,26.0,Female,Đà Nẵng,2,1,1,1000000,Điện & Nước,Unknown,Android
ZLP006592,2024-03-31,20.0,Male,Hồ Chí Minh,1,1,1,1000000,Điện & Nước,Unknown,iOS
ZLP006593,2024-01-31,36.0,Male,Hà Nội,1,1,1,2000000,Điện tử,Organic,Android
ZLP006594,2024-05-30,24.0,Female,Hồ Chí Minh,1,1,1,500000,Du lịch & Vận chuyển,Campaign,iOS
ZLP006595,2024-05-30,18.0,Female,Hải Phòng,2,1,1,2000000,Điện tử,Unknown,Android
ZLP006596,2024-07-29,35.0,Female,Hồ Chí Minh,1,0,1,3000000,Viễn thông,Referral,iOS
ZLP006597,2023-12-18,24.0,Female,Đà Nẵng,2,1,1,1000000,Thời trang,Campaign,Android
ZLP006598,2023-12-02,24.0,Female,Đà Nẵng,2,1,1,1000000,Thực phẩm & Ăn uống,Campaign,Android
ZLP006599,2024-06-29,18.0,Female,Thanh Hóa,3,1,1,1000000,Chăm sóc sức khỏe,Unknown,iOS
ZLP006600,2023-11-02,38.0,Female,Cần Thơ,2,1,1,500000,Giải trí,Unknown,iOS
ZLP006601,2024-01-01,20.0,Female,Hà Nội,1,1,1,500000,Điện tử,Referral,Android
ZLP006602,2023-11-02,28.0,Female,Hồ Chí Minh,1,1,1,1000000,Thực phẩm & Ăn uống,Organic,Android
ZLP006603,2024-08-28,33.0,Female,Hồ Chí Minh,1,1,1,500000,Thực phẩm & Ăn uống,Campaign,Android
ZLP006604,2023-12-18,30.0,Female,Bình Dương,3,1,1,1000000,Chăm sóc sức khỏe,Campaign,Android
ZLP006605,2023-11-02,27.0,Male,Bình Dương,3,1,1,1000000,Điện & Nước,Campaign,iOS
ZLP006606,2024-04-30,18.0,Female,Cần Thơ,2,1,1,5000000,Điện & Nước,Campaign,iOS
ZLP006607,2023-11-02,23.0,Female,Hồ Chí Minh,1,1,1,5000000,Thực phẩm & Ăn uống,Unknown,Android
ZLP006608,2024-09-27,29.0,Male,Đồng Nai,3,1,1,1000000,Điện tử,Organic,Android
ZLP006609,2023-12-18,23.0,Female,Cần Thơ,2,1,1,1000000,Điện & Nước,Campaign,Android
ZLP006610,2024-03-31,29.0,Male,Nghệ An,3,0,1,2000000,Thực phẩm & Ăn uống,Social,Android
ZLP006611,2023-12-02,32.0,Female,Đà Nẵng,2,1,1,1000000,Viễn thông,Campaign,Android
ZLP006612,2024-06-29,33.0,Female,Hà Nội,1,1,1,2000000,Thực phẩm & Ăn uống,Organic,Android
ZLP006613,2024-08-28,20.0,Male,Hà Nội,1,1,1,2000000,Thực phẩm & Ăn uống,Social,iOS
ZLP006614,2024-06-29,41.0,Female,Hồ Chí Minh,1,1,1,1000000,Điện tử,Unknown,Android
ZLP006615,2024-07-29,27.0,Female,Bình Dương,3,1,1,3000000,Thời trang,Social,Android
ZLP006616,2023-07-05,27.0,Female,Bình Dương,3,1,1,3000000,Du lịch & Vận chuyển,Unknown,iOS
ZLP006617,2024-09-27,34.0,Male,Hồ Chí Minh,1,1,0,5000000,Viễn thông,Campaign,iOS
ZLP006618,2024-03-01,42.0,Female,Hồ Chí Minh,1,1,1,1000000,Thực phẩm & Ăn uống,Referral,Android
ZLP006619,2024-07-29,19.0,Female,Hồ Chí Minh,1,0,1,3000000,Thực phẩm & Ăn uống,Referral,Android
ZLP006620,2024-04-30,26.0,Female,An Giang,3,1,1,2000000,Điện & Nước,Referral,Android
ZLP006621,2023-11-02,18.0,Male,Hồ Chí Minh,1,1,0,2000000,Điện & Nước,Organic,iOS
ZLP006622,2024-03-01,29.0,Female,Hà Nội,1,1,1,3000000,Thực phẩm & Ăn uống,Social,Android
ZLP006623,2023-07-05,30.0,Male,Hà Nội,1,1,1,5000000,Điện tử,Social,Android
ZLP006624,2024-04-30,27.0,Female,Hà Nội,1,1,1,3000000,Điện & Nước,Campaign,iOS
ZLP006625,2023-12-18,24.0,Female,Bình Dương,3,1,1,1000000,Viễn thông,Organic,iOS
ZLP006626,2023-10-03,18.0,Male,Hải Phòng,2,1,1,2000000,Điện tử,Referral,Android
ZLP006627,2024-11-26,30.0,Female,Hồ Chí Minh,1,1,1,2000000,Thời trang,Campaign,Android
ZLP006628,2024-08-28,36.0,Male,Bình Dương,3,1,1,3000000,Điện & Nước,Referral,Android
ZLP006629,2024-08-28,24.0,Female,Hà Nội,1,1,1,2000000,Giải trí,Campaign,iOS
ZLP006630,2024-06-29,30.0,Female,Thanh Hóa,3,0,0,1000000,Điện & Nước,Organic,Android
ZLP006631,2024-04-30,18.0,Female,Hà Nội,1,1,1,2000000,Điện & Nước,Social,iOS
ZLP006632,2024-03-31,30.0,Female,Hồ Chí Minh,1,1,1,500000,Viễn thông,Referral,Unknown
ZLP006633,2023-07-05,25.0,Female,Đà Nẵng,2,1,1,5000000,Điện & Nước,Unknown,iOS
ZLP006634,2024-08-28,23.0,Female,Hồ Chí Minh,1,0,1,500000,Điện & Nước,Referral,Android
ZLP006635,2024-08-28,23.0,Female,Hồ Chí Minh,1,1,1,2000000,Thời trang,Referral,iOS
ZLP006636,2024-05-30,25.0,Male,Bình Dương,3,0,1,3000000,Du lịch & Vận chuyển,Organic,iOS
ZLP006637,2024-09-27,30.0,Female,Bình Dương,3,0,1,2000000,Thực phẩm & Ăn uống,Unknown,iOS
ZLP006638,2024-01-31,20.0,Female,Hà Nội,1,1,1,3000000,Viễn thông,Unknown,Android
ZLP006639,2024-01-01,25.0,Male,Cần Thơ,2,1,1,3000000,Du lịch & Vận chuyển,Unknown,iOS
ZLP006640,2024-11-26,27.0,Male,Đà Nẵng,2,1,1,500000,Điện & Nước,Organic,Android
ZLP006641,2024-01-01,21.0,Male,Cần Thơ,2,1,1,2000000,Thực phẩm & Ăn uống,Referral,Android
ZLP006642,2024-03-31,38.0,Male,Đà Nẵng,2,1,1,2000000,Viễn thông,Campaign,iOS
ZLP006643,2023-12-18,22.0,Male,Cần Thơ,2,1,1,2000000,Thực phẩm & Ăn uống,Unknown,Android
ZLP006644,2024-03-31,23.0,Female,Hồ Chí Minh,1,1,0,2000000,Thực phẩm & Ăn uống,Campaign,Android
ZLP006645,2024-04-30,22.0,Female,Hồ Chí Minh,1,1,1,2000000,Thời trang,Organic,Android
ZLP006646,2024-03-01,27.0,Female,Hà Nội,1,1,1,1000000,Thực phẩm & Ăn uống,Social,Android
ZLP006647,2024-01-15,31.0,Male,Hà Nội,1,1,1,2000000,Giải trí,Organic,Android
ZLP006648,2023-12-02,22.0,Female,Đồng Nai,3,1,1,500000,Điện & Nước,Social,Unknown
ZLP006649,2024-03-31,34.0,Female,Hà Nội,1,1,1,1000000,Điện tử,Organic,Android
ZLP006650,2024-08-28,29.0,Female,Hồ Chí Minh,1,1,0,2000000,Điện & Nước,Campaign,Android
ZLP006651,2023-01-01,27.0,Female,Hồ Chí Minh,1,1,0,2000000,Thực phẩm & Ăn uống,Referral,Android
ZLP006652,2023-10-03,25.0,Male,Hồ Chí Minh,1,0,1,1000000,Viễn thông,Campaign,Android
ZLP006653,2023-07-05,23.0,Female,Bình Dương,3,0,1,3000000,Giải trí,Social,iOS
ZLP006654,2024-09-27,30.0,Female,Hà Nội,1,1,1,1000000,Điện tử,Unknown,Android
ZLP006655,2024-03-31,24.0,Male,Bình Dương,3,1,1,5000000,Thực phẩm & Ăn uống,Campaign,Android
ZLP006656,2024-09-27,38.0,Male,Hà Nội,1,1,1,2000000,Giải trí,Campaign,Android
ZLP006657,2024-03-01,20.0,Male,Hải Phòng,2,1,1,1000000,Điện tử,Organic,iOS
ZLP006658,2024-01-01,37.0,Male,Thanh Hóa,3,1,1,3000000,Giải trí,Referral,Android
ZLP006659,2024-06-29,27.0,Male,Cần Thơ,2,1,1,2000000,Điện tử,Campaign,iOS
ZLP006660,2023-10-03,29.0,Female,Hải Phòng,2,1,1,2000000,Điện & Nước,Campaign,iOS
ZLP006661,2023-12-18,32.0,Female,Đà Nẵng,2,1,1,1000000,Thời trang,Unknown,iOS
ZLP006662,2024-01-01,24.0,Female,Nghệ An,3,1,1,1000000,Giải trí,Organic,Unknown
ZLP006663,2023-12-02,33.0,Female,Hải Phòng,2,1,1,1000000,Viễn thông,Social,Android
ZLP006664,2023-12-18,18.0,Female,Thanh Hóa,3,0,1,500000,Chăm sóc sức khỏe,Unknown,iOS
ZLP006665,2023-07-05,23.0,Female,Cần Thơ,2,1,1,2000000,Viễn thông,Social,Android
ZLP006666,2023-11-02,22.0,Female,Đồng Nai,3,1,1,3000000,Thực phẩm & Ăn uống,Unknown,Android
ZLP006667,2023-12-02,20.0,Male,Đà Nẵng,2,0,1,3000000,Điện & Nước,Social,Android
ZLP006668,2024-06-29,26.0,Female,Hồ Chí Minh,1,1,1,500000,Thực phẩm & Ăn uống,Organic,iOS
ZLP006669,2023-10-03,30.0,Female,Hà Nội,1,0,1,3000000,Chăm sóc sức khỏe,Campaign,Android
ZLP006670,2023-12-02,32.0,Male,An Giang,3,0,1,2000000,Điện & Nước,Unknown,Android
ZLP006671,2023-04-06,29.0,Female,Hồ Chí Minh,1,1,1,1000000,Viễn thông,Campaign,iOS
ZLP006672,2024-01-31,24.0,Female,Đà Nẵng,2,1,1,3000000,Thời trang,Referral,Android
ZLP006673,2024-03-01,30.0,Female,Hà Nội,1,0,0,1000000,Giải trí,Unknown,Android
ZLP006674,2024-07-29,28.0,Male,Hà Nội,1,1,1,1000000,Viễn thông,Campaign,Android
ZLP006675,2024-06-29,27.0,Female,Hải Phòng,2,1,1,1000000,Điện & Nước,Referral,iOS
ZLP006676,2023-12-02,32.0,Male,Hải Phòng,2,0,1,2000000,Viễn thông,Unknown,Android
ZLP006677,2023-10-03,28.0,Male,Đà Nẵng,2,1,1,500000,Viễn thông,Organic,Android
ZLP006678,2023-10-03,22.0,Male,Hồ Chí Minh,1,1,1,3000000,Thời trang,Organic,Android
ZLP006679,2024-11-26,24.0,Female,Hà Nội,1,0,1,2000000,Giải trí,Organic,Android
ZLP006680,2024-03-31,24.0,Female,Hà Nội,1,1,1,2000000,Thực phẩm & Ăn uống,Organic,Android
ZLP006681,2023-04-06,26.0,Male,Hà Nội,1,1,1,500000,Viễn thông,Unknown,iOS
ZLP006682,2023-10-03,29.0,Female,Hồ Chí Minh,1,1,1,3000000,Điện tử,Organic,Android
ZLP006683,2024-01-15,32.0,Male,Đà Nẵng,2,1,1,2000000,Điện & Nước,Campaign,iOS
ZLP006684,2023-11-02,27.0,Male,Hà Nội,1,1,1,2000000,Điện & Nước,Organic,iOS
ZLP006685,2024-06-29,28.0,Female,Cần Thơ,2,1,1,3000000,Thời trang,Campaign,Android
ZLP006686,2024-01-31,28.0,Male,Hà Nội,1,1,1,500000,Viễn thông,Organic,iOS
ZLP006687,2024-03-01,24.0,Female,Hà Nội,1,1,1,1000000,Thực phẩm & Ăn uống,Unknown,iOS
ZLP006688,2024-01-01,22.0,Male,Hồ Chí Minh,1,1,1,2000000,Viễn thông,Campaign,Android
ZLP006689,2023-11-02,27.0,Male,Thanh Hóa,3,1,1,2000000,Du lịch & Vận chuyển,Organic,Android
ZLP006690,2024-03-01,23.0,Female,Đà Nẵng,2,0,1,1000000,Thực phẩm & Ăn uống,Social,Android
ZLP006691,2024-04-30,30.0,Female,Hồ Chí Minh,1,1,1,1000000,Thực phẩm & Ăn uống,Campaign,iOS
ZLP006692,2023-12-18,23.0,Male,Đà Nẵng,2,1,1,1000000,Viễn thông,Social,Android
ZLP006693,2024-01-15,27.0,Female,Hải Phòng,2,1,1,5000000,Điện & Nước,Campaign,iOS
ZLP006694,2024-07-29,30.0,Female,Đồng Nai,3,0,1,1000000,Thực phẩm & Ăn uống,Campaign,Android
ZLP006695,2023-10-03,31.0,Female,Bình Dương,3,1,1,1000000,Chăm sóc sức khỏe,Campaign,Android
ZLP006696,2024-01-31,21.0,Male,Hồ Chí Minh,1,1,1,3000000,Thực phẩm & Ăn uống,Campaign,Android
ZLP006697,2023-12-02,33.0,Female,Cần Thơ,2,1,1,2000000,Chăm sóc sức khỏe,Campaign,Unknown
ZLP006698,2024-04-30,34.0,Female,Hồ Chí Minh,3,1,1,2000000,Điện & Nước,Campaign,Android
ZLP006699,2023-01-01,21.0,Male,Đà Nẵng,2,1,1,2000000,Viễn thông,Referral,iOS
ZLP006700,2024-03-31,23.0,Female,An Giang,3,1,1,2000000,Điện & Nước,Campaign,iOS
ZLP006701,2023-07-05,35.0,Female,Hồ Chí Minh,1,1,0,2000000,Thực phẩm & Ăn uống,Referral,Android
ZLP006702,2023-04-06,27.0,Female,Hồ Chí Minh,1,1,1,500000,Du lịch & Vận chuyển,Referral,Android
ZLP006703,2024-04-30,18.0,Female,Hải Phòng,2,1,0,3000000,Thực phẩm & Ăn uống,Referral,iOS
ZLP006704,2024-03-31,19.0,Female,Cần Thơ,2,1,1,1000000,Thời trang,Unknown,iOS
ZLP006705,2024-08-28,26.0,Female,Hồ Chí Minh,1,1,1,1000000,Du lịch & Vận chuyển,Organic,Android
ZLP006706,2024-01-15,21.0,Female,Hà Nội,1,1,1,1000000,Thực phẩm & Ăn uống,Referral,iOS
ZLP006707,2024-01-15,25.0,Female,Hải Phòng,2,1,1,3000000,Thực phẩm & Ăn uống,Unknown,Android
ZLP006708,2024-04-30,28.0,Female,Hồ Chí Minh,1,1,1,2000000,Điện & Nước,Referral,Android
ZLP006709,2023-12-02,36.0,Male,Hồ Chí Minh,1,1,1,3000000,Thực phẩm & Ăn uống,Unknown,Android
ZLP006710,2023-04-06,26.0,Male,Hồ Chí Minh,1,1,1,2000000,Điện tử,Campaign,iOS
ZLP006711,2023-11-02,34.0,Female,An Giang,3,1,0,1000000,Chăm sóc sức khỏe,Referral,Android
ZLP006712,2023-11-02,36.0,Male,An Giang,3,1,0,1000000,Điện tử,Unknown,iOS
ZLP006713,2023-12-02,36.0,Female,Đà Nẵng,2,1,1,2000000,Điện & Nước,Organic,Android
ZLP006714,2024-09-27,29.0,Female,Đà Nẵng,2,1,1,1000000,Điện & Nước,Organic,Android
ZLP006715,2024-06-29,18.0,Female,Hà Nội,1,1,1,1000000,Điện tử,Unknown,iOS
ZLP006716,2024-09-27,30.0,Other,Hồ Chí Minh,1,1,1,3000000,Giải trí,Campaign,iOS
ZLP006717,2024-11-26,34.0,Female,Đồng Nai,3,1,0,3000000,Điện tử,Referral,Android
ZLP006718,2024-01-01,27.0,Male,Hồ Chí Minh,1,1,1,1000000,Viễn thông,Referral,Android
ZLP006719,2023-11-02,38.0,Female,Hà Nội,1,1,1,3000000,Điện & Nước,Referral,iOS
ZLP006720,2024-01-31,33.0,Male,Cần Thơ,2,1,1,2000000,Du lịch & Vận chuyển,Referral,iOS
ZLP006721,2024-08-28,31.0,Male,Hồ Chí Minh,1,1,1,500000,Điện & Nước,Campaign,Android
ZLP006722,2024-01-01,34.0,Male,Đà Nẵng,2,1,1,2000000,Điện & Nước,Campaign,iOS
ZLP006723,2024-01-15,30.0,Male,Đà Nẵng,2,1,1,1000000,Thời trang,Unknown,iOS
ZLP006724,2023-10-03,18.0,Male,Bình Dương,3,1,1,1000000,Viễn thông,Unknown,iOS
ZLP006725,2023-12-18,25.0,Male,Hồ Chí Minh,1,1,1,1000000,Viễn thông,Organic,Android
ZLP006726,2023-12-18,35.0,Female,Hà Nội,1,1,0,5000000,Điện & Nước,Organic,Android
ZLP006727,2023-12-02,23.0,Female,Đà Nẵng,2,1,1,2000000,Giải trí,Campaign,Android
ZLP006728,2024-08-28,26.0,Male,Thanh Hóa,3,1,1,3000000,Điện & Nước,Referral,iOS
ZLP006729,2023-04-06,21.0,Male,Hồ Chí Minh,1,1,1,1000000,Du lịch & Vận chuyển,Campaign,Android
ZLP006730,2024-11-26,38.0,Female,Thanh Hóa,3,1,1,1000000,Viễn thông,Organic,Android
ZLP006731,2023-01-01,38.0,Female,Bình Dương,3,1,1,3000000,Chăm sóc sức khỏe,Organic,iOS
ZLP006732,2024-09-27,22.0,Female,Đồng Nai,3,0,1,2000000,Giải trí,Social,Android
ZLP006733,2024-01-31,28.0,Male,Hồ Chí Minh,1,1,0,3000000,Thực phẩm & Ăn uống,Campaign,Android
ZLP006734,2024-04-30,23.0,Female,Hà Nội,1,1,1,500000,Chăm sóc sức khỏe,Campaign,iOS
ZLP006735,2023-10-03,31.0,Female,Hồ Chí Minh,1,1,1,5000000,Viễn thông,Unknown,Android
ZLP006736,2024-03-31,31.0,Female,Hà Nội,1,1,1,2000000,Thực phẩm & Ăn uống,Organic,iOS
ZLP006737,2024-08-28,32.0,Male,Thanh Hóa,3,0,1,1000000,Thời trang,Campaign,Android
ZLP006738,2023-10-03,29.0,Male,Hồ Chí Minh,1,1,1,2000000,Chăm sóc sức khỏe,Referral,Android
ZLP006739,2023-10-03,45.0,Male,Đà Nẵng,2,1,1,3000000,Thời trang,Unknown,Android
ZLP006740,2023-12-02,21.0,Male,Hồ Chí Minh,1,1,0,500000,Điện & Nước,Social,iOS
ZLP006741,2023-10-03,18.0,Female,Bình Dương,3,1,1,5000000,Viễn thông,Campaign,iOS
ZLP006742,2023-07-05,25.0,Female,Hồ Chí Minh,1,1,1,2000000,Chăm sóc sức khỏe,Campaign,Android
ZLP006743,2024-03-31,18.0,Female,Hồ Chí Minh,1,0,1,1000000,Viễn thông,Social,iOS
ZLP006744,2023-11-02,19.0,Female,Hà Nội,1,1,1,1000000,Thực phẩm & Ăn uống,Organic,Android
ZLP006745,2024-03-31,21.0,Female,Đồng Nai,3,1,1,2000000,Thực phẩm & Ăn uống,Referral,Android
ZLP006746,2024-07-29,22.0,Male,Hồ Chí Minh,1,1,1,1000000,Điện & Nước,Social,Android
ZLP006747,2024-03-31,22.0,Female,Hồ Chí Minh,1,1,1,2000000,Thực phẩm & Ăn uống,Organic,iOS
ZLP006748,2023-07-05,31.0,Female,Hồ Chí Minh,1,1,1,3000000,Chăm sóc sức khỏe,Organic,Android
ZLP006749,2024-01-31,24.0,Male,Hồ Chí Minh,3,1,1,2000000,Chăm sóc sức khỏe,Campaign,iOS
ZLP006750,2023-12-18,26.0,Male,Đà Nẵng,2,1,1,2000000,Thời trang,Organic,Android
ZLP006751,2023-12-02,33.0,Female,Bình Dương,3,0,1,1000000,Điện tử,Social,Android
ZLP006752,2023-12-02,23.0,Female,Cần Thơ,2,1,1,5000000,Thời trang,Organic,iOS
ZLP006753,2024-09-27,26.0,Male,Hồ Chí Minh,1,1,1,1000000,Điện & Nước,Campaign,iOS
ZLP006754,2024-05-30,30.0,Female,Đà Nẵng,2,1,0,1000000,Điện tử,Social,Android
ZLP006755,2023-10-03,18.0,Female,Hồ Chí Minh,1,1,1,2000000,Giải trí,Organic,Android
ZLP006756,2024-01-01,27.0,Female,Hà Nội,1,1,1,3000000,Viễn thông,Social,iOS
ZLP006757,2023-12-02,30.0,Male,Đà Nẵng,2,1,1,5000000,Giải trí,Organic,Android
ZLP006758,2024-11-26,30.0,Male,Đà Nẵng,2,1,1,5000000,Giải trí,Unknown,Android
ZLP006759,2024-11-26,40.0,Female,Hồ Chí Minh,1,1,1,5000000,Điện & Nước,Campaign,Android
ZLP006760,2023-12-02,28.0,Female,Hồ Chí Minh,1,1,1,2000000,Du lịch & Vận chuyển,Organic,iOS
ZLP006761,2023-12-02,32.0,Male,Đồng Nai,3,1,1,1000000,Điện tử,Campaign,Android
ZLP006762,2024-03-01,26.0,Male,Bình Dương,3,1,1,2000000,Thực phẩm & Ăn uống,Campaign,Android
ZLP006763,2024-01-01,27.0,Male,Hồ Chí Minh,1,1,1,500000,Thực phẩm & Ăn uống,Organic,Android
ZLP006764,2023-11-02,38.0,Male,Hồ Chí Minh,1,1,1,1000000,Thời trang,Unknown,Android
ZLP006765,2024-03-31,18.0,Female,An Giang,3,1,1,500000,Chăm sóc sức khỏe,Referral,Android
ZLP006766,2023-12-02,30.0,Female,Đồng Nai,3,1,0,1000000,Điện & Nước,Social,iOS
ZLP006767,2024-03-31,40.0,Male,Thanh Hóa,3,1,0,2000000,Thời trang,Social,Android
ZLP006768,2023-12-18,29.0,Male,Hồ Chí Minh,1,0,1,2000000,Điện tử,Referral,Android
ZLP006769,2024-04-30,37.0,Female,Hà Nội,1,1,1,1000000,Điện & Nước,Organic,iOS
ZLP006770,2024-03-31,24.0,Male,Hồ Chí Minh,1,1,1,3000000,Du lịch & Vận chuyển,Campaign,Unknown
ZLP006771,2024-01-15,27.0,Female,Cần Thơ,2,1,1,2000000,Giải trí,Organic,iOS
ZLP006772,2024-04-30,28.0,Female,Hồ Chí Minh,1,1,0,5000000,Thời trang,Organic,iOS
ZLP006773,2024-01-01,18.0,Female,Hồ Chí Minh,1,1,1,2000000,Điện & Nước,Referral,Android
ZLP006774,2023-07-05,20.0,Male,Hồ Chí Minh,1,1,1,1000000,Du lịch & Vận chuyển,Social,iOS
ZLP006775,2023-10-03,21.0,Male,Bình Dương,3,1,1,1000000,Chăm sóc sức khỏe,Social,iOS
ZLP006776,2023-11-02,32.0,Female,Hà Nội,1,1,1,2000000,Điện & Nước,Social,Android
ZLP006777,2023-04-06,33.0,Male,Cần Thơ,2,1,1,3000000,Thời trang,Unknown,Android
ZLP006778,2024-04-30,29.0,Male,Hải Phòng,2,1,1,1000000,Điện & Nước,Unknown,iOS
ZLP006779,2023-12-18,32.0,Female,Bình Dương,3,1,0,3000000,Điện & Nước,Campaign,Android
ZLP006780,2023-07-05,27.0,Female,Hà Nội,1,1,1,2000000,Viễn thông,Social,Android
ZLP006781,2024-06-29,35.0,Female,Thanh Hóa,3,0,1,1000000,Thực phẩm & Ăn uống,Organic,iOS
ZLP006782,2024-03-31,28.0,Male,Hà Nội,1,1,0,2000000,Du lịch & Vận chuyển,Unknown,Android
ZLP006783,2024-01-01,28.0,Female,Hồ Chí Minh,1,1,1,2000000,Điện & Nước,Referral,Android
ZLP006784,2023-11-02,26.0,Female,Thanh Hóa,3,1,1,500000,Điện tử,Organic,iOS
ZLP006785,2023-10-03,32.0,Male,Hồ Chí Minh,1,1,1,2000000,Giải trí,Organic,Android
ZLP006786,2024-01-01,25.0,Female,Đà Nẵng,2,1,1,3000000,Thời trang,Organic,iOS
ZLP006787,2024-08-28,33.0,Male,Hà Nội,1,1,1,2000000,Chăm sóc sức khỏe,Social,Android
ZLP006788,2023-10-03,21.0,Male,Đà Nẵng,2,1,1,1000000,Du lịch & Vận chuyển,Unknown,iOS
ZLP006789,2024-01-31,21.0,Male,Đà Nẵng,2,1,1,5000000,Điện tử,Campaign,iOS
ZLP006790,2024-11-26,32.0,Female,Hồ Chí Minh,1,1,1,1000000,Điện tử,Unknown,Android
ZLP006791,2024-03-31,27.0,Female,Đà Nẵng,2,1,1,1000000,Điện & Nước,Social,iOS
ZLP006792,2024-01-01,27.0,Male,Bình Dương,3,1,1,1000000,Thực phẩm & Ăn uống,Organic,iOS
ZLP006793,2024-04-30,33.0,Male,Hồ Chí Minh,1,1,1,3000000,Thực phẩm & Ăn uống,Referral,Android
ZLP006794,2024-06-29,27.0,Male,Hà Nội,1,1,1,2000000,Thực phẩm & Ăn uống,Unknown,Android
ZLP006795,2024-03-01,27.0,Male,Hồ Chí Minh,1,1,1,2000000,Thực phẩm & Ăn uống,Social,Android
ZLP006796,2024-07-29,36.0,Male,Đồng Nai,3,1,1,5000000,Du lịch & Vận chuyển,Unknown,iOS
ZLP006797,2024-01-15,37.0,Male,Bình Dương,3,1,1,3000000,Du lịch & Vận chuyển,Campaign,Android
ZLP006798,2024-06-29,37.0,Male,Hải Phòng,2,1,0,1000000,Điện & Nước,Unknown,Android
ZLP006799,2024-09-27,26.0,Female,Hồ Chí Minh,1,0,1,3000000,Thời trang,Campaign,iOS
ZLP006800,2024-01-15,35.0,Female,Hồ Chí Minh,1,1,1,3000000,Giải trí,Organic,Android
ZLP006801,2024-03-01,22.0,Female,Hồ Chí Minh,1,1,1,1000000,Thời trang,Campaign,Android
ZLP006802,2024-03-01,22.0,Male,Hồ Chí Minh,1,1,1,1000000,Chăm sóc sức khỏe,Referral,Android
ZLP006803,2024-05-30,18.0,Male,Đà Nẵng,2,1,1,3000000,Thực phẩm & Ăn uống,Organic,Android
ZLP006804,2024-06-29,38.0,Female,Thanh Hóa,3,1,1,1000000,Thực phẩm & Ăn uống,Referral,Android
ZLP006805,2023-01-01,22.0,Male,Hà Nội,1,0,1,1000000,Viễn thông,Referral,iOS
ZLP006806,2024-04-30,27.0,Male,Nghệ An,3,0,1,3000000,Điện & Nước,Organic,Android
ZLP006807,2024-05-30,22.0,Female,Hồ Chí Minh,1,1,1,3000000,Du lịch & Vận chuyển,Campaign,Android
ZLP006808,2024-04-30,32.0,Female,An Giang,3,1,1,500000,Thực phẩm & Ăn uống,Unknown,Android
ZLP006809,2024-04-30,25.0,Male,Hồ Chí Minh,1,1,1,2000000,Thực phẩm & Ăn uống,Referral,Android
ZLP006810,2023-04-06,27.0,Male,An Giang,3,1,1,2000000,Điện tử,Social,Android
ZLP006811,2024-01-01,30.0,Female,Hồ Chí Minh,1,1,1,2000000,Thực phẩm & Ăn uống,Campaign,iOS
ZLP006812,2024-06-29,19.0,Male,Nghệ An,3,0,1,5000000,Thực phẩm & Ăn uống,Organic,Android
ZLP006813,2024-09-27,22.0,Female,Hồ Chí Minh,1,1,1,2000000,Du lịch & Vận chuyển,Referral,iOS
ZLP006814,2023-11-02,18.0,Female,Hà Nội,1,1,1,2000000,Chăm sóc sức khỏe,Social,iOS
ZLP006815,2024-01-31,19.0,Female,Hà Nội,1,1,0,5000000,Giải trí,Organic,Android
ZLP006816,2024-06-29,29.0,Female,Hà Nội,1,1,1,500000,Thời trang,Organic,iOS
ZLP006817,2024-05-30,18.0,Male,Cần Thơ,2,1,0,500000,Điện tử,Campaign,iOS
ZLP006818,2024-03-01,19.0,Male,Thanh Hóa,3,1,1,2000000,Viễn thông,Campaign,iOS
ZLP006819,2023-01-01,27.0,Female,Cần Thơ,2,1,1,1000000,Điện & Nước,Unknown,Android
ZLP006820,2024-04-30,24.0,Female,Bình Dương,3,1,1,500000,Điện & Nước,Organic,Android
ZLP006821,2024-05-30,39.0,Female,Hồ Chí Minh,1,1,1,1000000,Thời trang,Campaign,Android
ZLP006822,2024-04-30,39.0,Female,Cần Thơ,2,1,1,2000000,Điện & Nước,Social,Android
ZLP006823,2024-05-30,22.0,Female,Hồ Chí Minh,1,1,1,3000000,Du lịch & Vận chuyển,Referral,Android
ZLP006824,2024-01-01,31.0,Female,Hải Phòng,2,1,1,500000,Điện tử,Campaign,Android
ZLP006825,2024-11-26,32.0,Female,Hà Nội,1,1,1,2000000,Viễn thông,Referral,Android
ZLP006826,2024-05-30,24.0,Female,Cần Thơ,2,1,1,1000000,Viễn thông,Organic,Android
ZLP006827,2024-01-31,19.0,Female,Hồ Chí Minh,1,1,1,2000000,Điện tử,Unknown,Android
ZLP006828,2024-09-27,27.0,Male,Hồ Chí Minh,1,1,1,2000000,Chăm sóc sức khỏe,Organic,Android
ZLP006829,2024-08-28,26.0,Female,Hà Nội,1,1,1,5000000,Chăm sóc sức khỏe,Organic,Android
ZLP006830,2024-06-29,25.0,Female,Hà Nội,1,1,1,500000,Thời trang,Campaign,Android
ZLP006831,2024-01-31,30.0,Male,Hồ Chí Minh,1,1,1,2000000,Điện & Nước,Referral,Android
ZLP006832,2024-01-15,23.0,Female,Hồ Chí Minh,1,1,1,1000000,Chăm sóc sức khỏe,Organic,Android
ZLP006833,2023-12-02,21.0,Female,Hải Phòng,2,0,1,2000000,Chăm sóc sức khỏe,Organic,Android
ZLP006834,2023-11-02,28.0,Female,Hồ Chí Minh,1,1,1,3000000,Chăm sóc sức khỏe,Organic,Android
ZLP006835,2024-01-15,30.0,Male,Hải Phòng,2,1,1,5000000,Điện & Nước,Organic,Android
ZLP006836,2024-01-31,20.0,Female,Hồ Chí Minh,1,1,1,2000000,Điện tử,Organic,Android
ZLP006837,2023-11-02,33.0,Male,Hồ Chí Minh,1,1,1,3000000,Giải trí,Campaign,Android
ZLP006838,2024-09-27,18.0,Female,Đà Nẵng,2,1,1,1000000,Viễn thông,Organic,Android
ZLP006839,2024-01-31,24.0,Male,Đà Nẵng,2,1,1,500000,Điện tử,Campaign,iOS
ZLP006840,2024-01-15,26.0,Female,Hà Nội,1,1,1,3000000,Viễn thông,Campaign,iOS
ZLP006841,2024-01-01,24.0,Female,Đà Nẵng,2,1,1,1000000,Viễn thông,Referral,Android
ZLP006842,2023-04-06,24.0,Male,Hà Nội,1,1,1,500000,Thực phẩm & Ăn uống,Organic,Android
ZLP006843,2024-08-28,39.0,Female,Cần Thơ,2,1,1,1000000,Du lịch & Vận chuyển,Campaign,iOS
ZLP006844,2023-12-02,22.0,Female,Đà Nẵng,2,1,1,1000000,Điện & Nước,Social,iOS
ZLP006845,2024-03-31,42.0,Male,Hà Nội,1,1,1,500000,Giải trí,Unknown,Android
ZLP006846,2024-03-01,30.0,Male,Đồng Nai,3,0,1,3000000,Chăm sóc sức khỏe,Campaign,Android
ZLP006847,2024-03-01,28.0,Male,Bình Dương,3,0,1,2000000,Thực phẩm & Ăn uống,Unknown,iOS
ZLP006848,2024-01-15,30.0,Male,Hà Nội,1,1,1,2000000,Thực phẩm & Ăn uống,Referral,Android
ZLP006849,2023-10-03,43.0,Female,Hải Phòng,2,0,1,1000000,Thực phẩm & Ăn uống,Campaign,Android
ZLP006850,2023-12-02,22.0,Female,An Giang,3,1,1,2000000,Du lịch & Vận chuyển,Organic,Android
ZLP006851,2024-01-15,21.0,Male,Đà Nẵng,2,1,1,3000000,Điện & Nước,Campaign,Android
ZLP006852,2024-06-29,23.0,Female,Hồ Chí Minh,1,1,1,5000000,Thời trang,Unknown,iOS
ZLP006853,2024-01-01,28.0,Female,An Giang,3,1,1,5000000,Điện & Nước,Referral,iOS
ZLP006854,2023-11-02,18.0,Male,Hồ Chí Minh,1,1,1,2000000,Điện & Nước,Organic,iOS
ZLP006855,2023-07-05,28.0,Male,Hồ Chí Minh,1,1,1,5000000,Điện tử,Unknown,Android
ZLP006856,2024-03-31,38.0,Male,Hà Nội,1,1,1,1000000,Viễn thông,Campaign,Android
ZLP006857,2023-12-18,28.0,Female,Bình Dương,3,0,1,500000,Điện & Nước,Campaign,Android
ZLP006858,2023-10-03,26.0,Female,An Giang,3,1,1,3000000,Điện & Nước,Referral,iOS
ZLP006859,2024-03-31,24.0,Female,Cần Thơ,2,1,1,1000000,Viễn thông,Campaign,Android
ZLP006860,2023-11-02,33.0,Male,Nghệ An,3,1,1,500000,Điện tử,Organic,iOS
ZLP006861,2024-01-15,23.0,Female,Hồ Chí Minh,1,0,1,5000000,Thời trang,Campaign,iOS
ZLP006862,2023-12-02,39.0,Female,Hồ Chí Minh,1,0,1,3000000,Điện tử,Campaign,Android
ZLP006863,2024-09-27,39.0,Female,Cần Thơ,2,1,1,1000000,Thực phẩm & Ăn uống,Referral,iOS
ZLP006864,2023-11-02,29.0,Male,Nghệ An,3,1,1,3000000,Điện & Nước,Organic,Android
ZLP006865,2023-12-18,27.0,Female,Đà Nẵng,2,1,0,3000000,Chăm sóc sức khỏe,Referral,iOS
ZLP006866,2024-11-26,27.0,Female,Hồ Chí Minh,1,1,1,5000000,Điện & Nước,Organic,iOS
ZLP006867,2023-12-02,34.0,Male,Hồ Chí Minh,1,1,1,2000000,Thực phẩm & Ăn uống,Campaign,Android
ZLP006868,2024-03-31,23.0,Female,Hồ Chí Minh,1,1,1,3000000,Viễn thông,Campaign,Android
ZLP006869,2023-12-02,24.0,Female,Hà Nội,1,1,1,3000000,Viễn thông,Unknown,Android
ZLP006870,2023-07-05,20.0,Female,Hồ Chí Minh,1,0,1,2000000,Thời trang,Referral,iOS
ZLP006871,2024-03-01,30.0,Female,An Giang,3,1,1,2000000,Điện & Nước,Unknown,Android
ZLP006872,2024-08-28,31.0,Female,Đà Nẵng,2,1,1,2000000,Thực phẩm & Ăn uống,Campaign,iOS
ZLP006873,2024-01-01,19.0,Female,Cần Thơ,2,1,1,2000000,Thời trang,Unknown,Android
ZLP006874,2024-03-01,25.0,Male,Hồ Chí Minh,1,1,1,5000000,Chăm sóc sức khỏe,Organic,Android
ZLP006875,2024-03-01,19.0,Male,Hồ Chí Minh,1,1,1,1000000,Thực phẩm & Ăn uống,Referral,Android
ZLP006876,2023-12-18,22.0,Female,Đà Nẵng,2,1,0,500000,Viễn thông,Social,Android
ZLP006877,2024-03-01,31.0,Male,Hải Phòng,2,1,1,3000000,Thực phẩm & Ăn uống,Referral,Android
ZLP006878,2023-11-02,23.0,Male,Đà Nẵng,2,0,1,1000000,Thực phẩm & Ăn uống,Social,iOS
ZLP006879,2023-12-18,26.0,Female,Hải Phòng,2,1,1,2000000,Viễn thông,Referral,Android
ZLP006880,2024-01-01,18.0,Female,Đồng Nai,3,0,1,500000,Viễn thông,Social,Android
ZLP006881,2024-07-29,29.0,Male,Hồ Chí Minh,1,1,1,2000000,Thực phẩm & Ăn uống,Organic,iOS
ZLP006882,2023-12-02,27.0,Male,Hồ Chí Minh,1,1,1,5000000,Chăm sóc sức khỏe,Organic,Android
ZLP006883,2024-03-31,23.0,Male,Cần Thơ,2,1,1,3000000,Viễn thông,Campaign,iOS
ZLP006884,2023-11-02,26.0,Male,Hà Nội,1,1,0,1000000,Chăm sóc sức khỏe,Social,iOS
ZLP006885,2023-11-02,29.0,Female,Hà Nội,1,1,1,5000000,Viễn thông,Campaign,iOS
ZLP006886,2024-03-31,23.0,Female,Hà Nội,1,1,1,1000000,Thời trang,Referral,iOS
ZLP006887,2024-05-30,19.0,Female,Hà Nội,1,1,1,2000000,Giải trí,Campaign,Android
ZLP006888,2024-01-01,38.0,Female,An Giang,3,0,1,2000000,Giải trí,Social,iOS
ZLP006889,2023-12-02,24.0,Female,Hồ Chí Minh,1,0,1,5000000,Thực phẩm & Ăn uống,Organic,iOS
ZLP006890,2024-08-28,27.0,Male,Hồ Chí Minh,1,1,1,500000,Điện & Nước,Referral,iOS
ZLP006891,2023-10-03,34.0,Female,Hồ Chí Minh,2,0,1,2000000,Du lịch & Vận chuyển,Campaign,Android
ZLP006892,2024-04-30,49.0,Male,Bình Dương,3,1,1,1000000,Điện & Nước,Unknown,Android
ZLP006893,2024-04-30,20.0,Male,Cần Thơ,2,1,1,500000,Du lịch & Vận chuyển,Referral,Unknown
ZLP006894,2024-04-30,30.0,Female,Nghệ An,3,1,1,5000000,Điện tử,Organic,Android
ZLP006895,2024-09-27,23.0,Female,Đồng Nai,3,1,1,2000000,Du lịch & Vận chuyển,Social,Android
ZLP006896,2024-04-30,24.0,Female,Đà Nẵng,2,1,1,3000000,Điện tử,Campaign,Android
ZLP006897,2023-12-02,23.0,Male,Hồ Chí Minh,1,1,1,1000000,Giải trí,Unknown,Android
ZLP006898,2023-12-02,21.0,Male,Hà Nội,1,1,1,3000000,Thực phẩm & Ăn uống,Campaign,iOS
ZLP006899,2023-12-18,27.0,Female,Bình Dương,3,1,1,3000000,Viễn thông,Organic,Android
ZLP006900,2023-04-06,19.0,Female,Hải Phòng,2,1,1,2000000,Thực phẩm & Ăn uống,Campaign,Android
ZLP006901,2024-08-28,33.0,Female,Nghệ An,3,1,1,2000000,Thực phẩm & Ăn uống,Social,Android
ZLP006902,2023-07-05,28.0,Female,Cần Thơ,2,1,1,5000000,Thực phẩm & Ăn uống,Referral,Android
ZLP006903,2024-04-30,30.0,Male,Đà Nẵng,2,1,1,3000000,Du lịch & Vận chuyển,Campaign,iOS
ZLP006904,2024-04-30,25.0,Female,Hồ Chí Minh,1,1,0,2000000,Thời trang,Unknown,iOS
ZLP006905,2024-07-29,25.0,Male,Hồ Chí Minh,1,0,1,2000000,Điện tử,Campaign,iOS
ZLP006906,2024-01-31,29.0,Female,Hồ Chí Minh,1,1,1,3000000,Viễn thông,Unknown,iOS
ZLP006907,2024-04-30,21.0,Female,Hồ Chí Minh,1,1,0,500000,Giải trí,Organic,Android
ZLP006908,2023-12-02,25.0,Female,Hà Nội,1,1,1,2000000,Viễn thông,Organic,iOS
ZLP006909,2024-05-30,22.0,Female,Hà Nội,1,1,1,5000000,Điện & Nước,Unknown,iOS
ZLP006910,2023-12-02,22.0,Male,Cần Thơ,2,1,1,5000000,Chăm sóc sức khỏe,Organic,Android
ZLP006911,2024-08-28,18.0,Female,Đà Nẵng,2,1,1,3000000,Chăm sóc sức khỏe,Campaign,Android
ZLP006912,2023-10-03,36.0,Male,Đà Nẵng,2,1,1,1000000,Thực phẩm & Ăn uống,Social,Android
ZLP006913,2023-12-02,23.0,Male,Hà Nội,1,1,1,5000000,Thời trang,Campaign,Android
ZLP006914,2024-01-15,34.0,Male,Hồ Chí Minh,1,1,1,2000000,Thực phẩm & Ăn uống,Campaign,Android
ZLP006915,2024-05-30,34.0,Female,Nghệ An,3,1,1,1000000,Viễn thông,Organic,Android
ZLP006916,2024-05-30,20.0,Male,Hồ Chí Minh,1,1,1,2000000,Chăm sóc sức khỏe,Unknown,Android
ZLP006917,2023-11-02,21.0,Male,Nghệ An,3,1,1,3000000,Điện tử,Organic,Android
ZLP006918,2023-10-03,43.0,Female,Hà Nội,1,1,1,1000000,Thực phẩm & Ăn uống,Campaign,Android
ZLP006919,2023-12-02,38.0,Female,Đà Nẵng,2,1,1,5000000,Thực phẩm & Ăn uống,Referral,Android
ZLP006920,2024-01-15,27.0,Male,Hồ Chí Minh,1,1,1,5000000,Viễn thông,Organic,Android
ZLP006921,2024-01-31,29.0,Male,Hồ Chí Minh,1,1,1,500000,Thời trang,Campaign,Android
ZLP006922,2024-01-01,24.0,Female,Hà Nội,1,1,1,5000000,Du lịch & Vận chuyển,Campaign,iOS
ZLP006923,2024-03-31,30.0,Female,Bình Dương,3,0,1,5000000,Điện tử,Social,iOS
ZLP006924,2023-12-18,23.0,Male,Hồ Chí Minh,1,1,1,500000,Thực phẩm & Ăn uống,Campaign,iOS
ZLP006925,2024-09-27,18.0,Female,Đà Nẵng,2,1,1,1000000,Điện & Nước,Organic,Android
ZLP006926,2023-11-02,20.0,Female,Hồ Chí Minh,1,1,1,1000000,Du lịch & Vận chuyển,Referral,iOS
ZLP006927,2024-03-01,28.0,Female,Hà Nội,1,1,1,1000000,Viễn thông,Unknown,Android
ZLP006928,2024-03-01,21.0,Female,An Giang,3,1,1,3000000,Viễn thông,Social,Android
ZLP006929,2023-12-02,27.0,Female,Hải Phòng,2,1,1,1000000,Thực phẩm & Ăn uống,Organic,iOS
ZLP006930,2023-12-18,21.0,Female,Đà Nẵng,2,1,1,5000000,Thực phẩm & Ăn uống,Social,Android
ZLP006931,2023-12-18,23.0,Male,Hồ Chí Minh,1,1,1,5000000,Giải trí,Organic,Android
ZLP006932,2023-10-03,33.0,Female,Hồ Chí Minh,1,1,1,1000000,Điện & Nước,Referral,iOS
ZLP006933,2024-01-01,29.0,Female,Nghệ An,3,1,1,2000000,Điện tử,Organic,Android
ZLP006934,2023-12-18,27.0,Male,Hồ Chí Minh,1,1,1,2000000,Điện & Nước,Organic,Android
ZLP006935,2023-10-03,33.0,Female,Đồng Nai,3,1,1,2000000,Viễn thông,Referral,iOS
ZLP006936,2024-01-01,30.0,Male,Hà Nội,1,1,1,1000000,Điện tử,Unknown,iOS
ZLP006937,2023-12-18,36.0,Male,Thanh Hóa,3,1,1,1000000,Chăm sóc sức khỏe,Campaign,Android
ZLP006938,2023-10-03,25.0,Male,Hà Nội,1,1,0,500000,Thực phẩm & Ăn uống,Referral,Android
ZLP006939,2023-10-03,25.0,Female,Hà Nội,1,1,1,1000000,Chăm sóc sức khỏe,Campaign,Android
ZLP006940,2024-03-31,20.0,Female,Cần Thơ,2,1,1,5000000,Du lịch & Vận chuyển,Referral,iOS
ZLP006941,2024-04-30,25.0,Male,Nghệ An,3,1,1,1000000,Du lịch & Vận chuyển,Organic,Android
ZLP006942,2024-09-27,33.0,Female,Thanh Hóa,3,1,1,500000,Thực phẩm & Ăn uống,Referral,iOS
ZLP006943,2023-07-05,35.0,Male,Bình Dương,3,1,1,2000000,Viễn thông,Unknown,Unknown
ZLP006944,2023-07-05,33.0,Female,Bình Dương,3,1,1,500000,Điện tử,Unknown,Unknown
ZLP006945,2023-04-06,18.0,Female,Đà Nẵng,2,1,1,500000,Điện tử,Organic,Android
ZLP006946,2024-01-31,34.0,Female,Bình Dương,3,0,1,2000000,Thực phẩm & Ăn uống,Organic,iOS
ZLP006947,2024-03-01,18.0,Female,Hải Phòng,2,1,0,2000000,Viễn thông,Organic,Android
ZLP006948,2023-12-18,33.0,Male,Hà Nội,1,1,1,500000,Thời trang,Organic,Android
ZLP006949,2024-06-29,25.0,Female,Cần Thơ,2,1,1,2000000,Thực phẩm & Ăn uống,Unknown,Android
ZLP006950,2024-04-30,32.0,Female,Đà Nẵng,2,1,1,2000000,Điện & Nước,Unknown,iOS
ZLP006951,2024-11-26,20.0,Male,Đà Nẵng,2,1,1,2000000,Thời trang,Unknown,iOS
ZLP006952,2023-10-03,35.0,Female,An Giang,3,1,1,3000000,Điện tử,Organic,iOS
ZLP006953,2023-04-06,19.0,Female,Hà Nội,1,1,1,1000000,Thực phẩm & Ăn uống,Unknown,iOS
ZLP006954,2023-11-02,23.0,Male,Hồ Chí Minh,1,1,1,2000000,Chăm sóc sức khỏe,Referral,Android
ZLP006955,2023-01-01,22.0,Female,Hà Nội,1,1,1,3000000,Điện & Nước,Organic,Android
ZLP006956,2024-09-27,18.0,Female,Hồ Chí Minh,1,1,1,5000000,Thực phẩm & Ăn uống,Campaign,iOS
ZLP006957,2023-12-02,28.0,Female,Hà Nội,1,1,1,3000000,Giải trí,Unknown,iOS
ZLP006958,2024-01-31,38.0,Male,An Giang,3,1,1,2000000,Viễn thông,Organic,Android
ZLP006959,2023-12-02,44.0,Male,Cần Thơ,2,1,1,2000000,Điện & Nước,Organic,iOS
ZLP006960,2023-11-02,28.0,Male,Hải Phòng,2,1,1,2000000,Thực phẩm & Ăn uống,Campaign,Android
ZLP006961,2023-10-03,34.0,Female,Hồ Chí Minh,1,0,1,3000000,Viễn thông,Organic,iOS
ZLP006962,2023-12-02,29.0,Female,An Giang,3,1,1,3000000,Viễn thông,Organic,Android
ZLP006963,2024-03-01,30.0,Female,Cần Thơ,2,1,1,1000000,Giải trí,Organic,Android
ZLP006964,2024-11-26,25.0,Male,Hồ Chí Minh,1,1,1,1000000,Thực phẩm & Ăn uống,Unknown,iOS
ZLP006965,2024-01-31,29.0,Male,Cần Thơ,2,1,1,1000000,Điện & Nước,Social,Android
ZLP006966,2024-01-31,31.0,Female,Nghệ An,3,1,1,1000000,Du lịch & Vận chuyển,Campaign,iOS
ZLP006967,2023-04-06,24.0,Female,Hồ Chí Minh,1,1,0,5000000,Thực phẩm & Ăn uống,Campaign,Android
ZLP006968,2024-07-29,27.0,Female,Đà Nẵng,2,1,1,1000000,Điện tử,Referral,iOS
ZLP006969,2023-04-06,27.0,Female,An Giang,3,1,1,1000000,Thực phẩm & Ăn uống,Campaign,iOS
ZLP006970,2024-08-28,32.0,Female,Hồ Chí Minh,1,0,1,3000000,Du lịch & Vận chuyển,Organic,Android
ZLP006971,2024-01-31,21.0,Female,Cần Thơ,2,1,1,500000,Viễn thông,Referral,iOS
ZLP006972,2023-10-03,27.0,Female,Hà Nội,1,1,1,1000000,Điện tử,Organic,Android
ZLP006973,2024-01-01,39.0,Male,Hà Nội,1,1,1,2000000,Chăm sóc sức khỏe,Campaign,Android
ZLP006974,2024-11-26,34.0,Female,Cần Thơ,2,1,1,2000000,Viễn thông,Social,iOS
ZLP006975,2023-12-02,36.0,Female,Hồ Chí Minh,1,0,1,1000000,Chăm sóc sức khỏe,Organic,Android
ZLP006976,2023-11-02,28.0,Male,Bình Dương,3,1,1,2000000,Chăm sóc sức khỏe,Referral,Android
ZLP006977,2023-07-05,29.0,Male,Hồ Chí Minh,1,0,1,1000000,Giải trí,Organic,Android
ZLP006978,2024-03-01,34.0,Male,Hà Nội,1,1,1,2000000,Du lịch & Vận chuyển,Unknown,Android
ZLP006979,2023-07-05,37.0,Female,Đà Nẵng,2,1,0,2000000,Thực phẩm & Ăn uống,Referral,Android
ZLP006980,2024-05-30,27.0,Male,Hà Nội,1,1,1,3000000,Thời trang,Unknown,iOS
ZLP006981,2024-09-27,20.0,Male,Hà Nội,1,1,1,2000000,Du lịch & Vận chuyển,Referral,Android
ZLP006982,2024-09-27,35.0,Female,Hải Phòng,2,1,1,2000000,Điện & Nước,Organic,Android
ZLP006983,2023-07-05,26.0,Female,Nghệ An,3,1,1,2000000,Thời trang,Unknown,iOS
ZLP006984,2024-01-31,23.0,Female,Hải Phòng,2,1,1,1000000,Viễn thông,Referral,Android
ZLP006985,2023-07-05,20.0,Female,Đà Nẵng,2,1,1,1000000,Điện tử,Campaign,iOS
ZLP006986,2024-01-31,24.0,Female,Hải Phòng,2,1,0,3000000,Chăm sóc sức khỏe,Campaign,Android
ZLP006987,2024-06-29,19.0,Male,An Giang,3,1,1,1000000,Điện tử,Organic,iOS
ZLP006988,2024-01-31,40.0,Female,Hà Nội,1,1,1,2000000,Giải trí,Campaign,Android
ZLP006989,2024-07-29,27.0,Male,Hà Nội,1,1,1,500000,Thực phẩm & Ăn uống,Campaign,iOS
ZLP006990,2024-06-29,27.0,Female,Hồ Chí Minh,1,1,1,3000000,Thời trang,Social,iOS
ZLP006991,2023-12-02,31.0,Female,Hà Nội,1,1,1,5000000,Thực phẩm & Ăn uống,Organic,Android
ZLP006992,2024-03-01,33.0,Male,Nghệ An,3,1,1,1000000,Giải trí,Unknown,Android
ZLP006993,2023-01-01,33.0,Female,Đà Nẵng,2,1,1,2000000,Du lịch & Vận chuyển,Social,Unknown
ZLP006994,2023-12-18,34.0,Male,Cần Thơ,2,1,1,2000000,Giải trí,Organic,Android
ZLP006995,2023-11-02,24.0,Other,Hồ Chí Minh,1,1,1,3000000,Giải trí,Organic,Android
ZLP006996,2024-09-27,26.0,Female,Hồ Chí Minh,1,0,1,500000,Du lịch & Vận chuyển,Organic,Android
ZLP006997,2023-12-18,32.0,Female,Hà Nội,1,1,1,2000000,Du lịch & Vận chuyển,Referral,Android
ZLP006998,2024-03-31,24.0,Female,Nghệ An,3,0,1,2000000,Điện & Nước,Campaign,Android
ZLP006999,2024-04-30,27.0,Female,Hà Nội,1,1,1,2000000,Điện & Nước,Unknown,Android
ZLP007000,2024-05-30,30.0,Female,Hải Phòng,2,1,1,1000000,Du lịch & Vận chuyển,Referral,Android
ZLP007001,2024-05-30,32.0,Female,Hồ Chí Minh,1,1,1,1000000,Điện tử,Campaign,iOS
ZLP007002,2023-12-02,18.0,Female,Cần Thơ,2,1,1,3000000,Du lịch & Vận chuyển,Unknown,iOS
ZLP007003,2024-04-30,32.0,Female,Cần Thơ,2,1,1,500000,Chăm sóc sức khỏe,Organic,Android
ZLP007004,2024-01-31,26.0,Female,Hải Phòng,2,1,1,2000000,Điện & Nước,Campaign,Android
ZLP007005,2024-03-01,32.0,Female,Hồ Chí Minh,1,0,1,1000000,Du lịch & Vận chuyển,Campaign,iOS
ZLP007006,2023-01-01,32.0,Female,Hồ Chí Minh,1,0,1,1000000,Chăm sóc sức khỏe,Organic,iOS
ZLP007007,2023-11-02,37.0,Female,Hồ Chí Minh,1,1,1,2000000,Thời trang,Unknown,Unknown
ZLP007008,2024-09-27,36.0,Male,Nghệ An,3,1,1,3000000,Thời trang,Referral,iOS
ZLP007009,2023-12-02,36.0,Male,Hồ Chí Minh,1,1,0,2000000,Thời trang,Social,iOS
ZLP007010,2024-01-01,36.0,Male,Hồ Chí Minh,1,0,1,3000000,Thực phẩm & Ăn uống,Unknown,Android
ZLP007011,2023-10-03,29.0,Female,Đà Nẵng,2,1,1,2000000,Chăm sóc sức khỏe,Campaign,iOS
ZLP007012,2023-10-03,28.0,Male,Đà Nẵng,2,1,1,2000000,Du lịch & Vận chuyển,Social,iOS
ZLP007013,2023-11-02,33.0,Other,Hải Phòng,2,1,1,2000000,Viễn thông,Campaign,iOS
ZLP007014,2024-01-31,32.0,Female,Nghệ An,3,1,1,5000000,Điện & Nước,Unknown,iOS
ZLP007015,2024-09-27,26.0,Female,Đà Nẵng,2,1,1,2000000,Viễn thông,Organic,Android
ZLP007016,2023-12-02,30.0,Male,An Giang,3,0,1,2000000,Điện tử,Organic,Android
ZLP007017,2023-12-02,27.0,Female,Bình Dương,3,1,1,2000000,Chăm sóc sức khỏe,Organic,Android
ZLP007018,2024-01-31,22.0,Female,Hồ Chí Minh,1,0,0,1000000,Thực phẩm & Ăn uống,Organic,Android
ZLP007019,2023-12-02,35.0,Female,An Giang,3,0,1,1000000,Điện & Nước,Campaign,Android
ZLP007020,2024-08-28,28.0,Male,Hồ Chí Minh,2,1,1,500000,Chăm sóc sức khỏe,Organic,Android
ZLP007021,2023-12-18,40.0,Female,Hà Nội,1,1,0,3000000,Viễn thông,Organic,iOS
ZLP007022,2024-01-15,18.0,Female,Bình Dương,3,1,1,1000000,Viễn thông,Organic,Android
ZLP007023,2024-01-31,24.0,Female,Hà Nội,1,0,1,2000000,Điện & Nước,Campaign,iOS
ZLP007024,2024-05-30,28.0,Female,Hồ Chí Minh,1,1,1,5000000,Du lịch & Vận chuyển,Organic,Android
ZLP007025,2024-01-31,34.0,Female,Bình Dương,3,1,1,2000000,Viễn thông,Campaign,iOS
ZLP007026,2023-11-02,30.0,Female,Đồng Nai,3,1,1,500000,Điện & Nước,Unknown,Android
ZLP007027,2023-10-03,29.0,Female,Bình Dương,3,1,1,3000000,Giải trí,Campaign,Android
ZLP007028,2024-09-27,21.0,Female,Hồ Chí Minh,1,1,1,1000000,Thực phẩm & Ăn uống,Organic,Android
ZLP007029,2024-06-29,21.0,Female,Nghệ An,3,1,1,2000000,Điện tử,Unknown,Android
ZLP007030,2023-01-01,29.0,Male,Hồ Chí Minh,1,1,0,2000000,Viễn thông,Campaign,Android
ZLP007031,2024-06-29,19.0,Male,Hà Nội,1,1,1,1000000,Điện tử,Social,iOS
ZLP007032,2024-03-01,24.0,Male,Hồ Chí Minh,1,1,1,1000000,Viễn thông,Social,Android
ZLP007033,2024-01-15,31.0,Male,Hồ Chí Minh,1,1,1,1000000,Thời trang,Unknown,iOS
ZLP007034,2023-01-01,22.0,Female,Hà Nội,1,1,1,500000,Thực phẩm & Ăn uống,Campaign,iOS
ZLP007035,2024-05-30,37.0,Male,Cần Thơ,2,1,1,1000000,Chăm sóc sức khỏe,Campaign,Android
ZLP007036,2023-11-02,35.0,Female,Hải Phòng,2,0,1,5000000,Điện tử,Unknown,iOS
ZLP007037,2024-04-30,18.0,Female,Thanh Hóa,3,1,1,2000000,Du lịch & Vận chuyển,Campaign,Android
ZLP007038,2023-01-01,22.0,Male,Đồng Nai,3,1,1,3000000,Thực phẩm & Ăn uống,Organic,Android
ZLP007039,2024-06-29,18.0,Female,Hà Nội,1,1,1,2000000,Điện tử,Social,iOS
ZLP007040,2023-01-01,23.0,Female,Bình Dương,3,1,1,2000000,Giải trí,Organic,Android
ZLP007041,2023-11-02,32.0,Female,Hải Phòng,2,1,1,1000000,Thực phẩm & Ăn uống,Referral,iOS
ZLP007042,2023-11-02,25.0,Female,Hà Nội,1,1,1,1000000,Viễn thông,Organic,Android
ZLP007043,2023-10-03,30.0,Female,Đồng Nai,3,1,1,2000000,Điện tử,Organic,Android
ZLP007044,2024-01-15,18.0,Male,Hà Nội,1,1,1,3000000,Thực phẩm & Ăn uống,Campaign,iOS
ZLP007045,2023-12-02,32.0,Male,Hà Nội,1,1,0,500000,Thực phẩm & Ăn uống,Organic,Android
ZLP007046,2024-11-26,24.0,Male,Đà Nẵng,2,1,1,2000000,Thời trang,Social,Android
ZLP007047,2024-01-31,28.0,Male,Cần Thơ,2,1,1,500000,Du lịch & Vận chuyển,Referral,Android
ZLP007048,2024-01-31,27.0,Other,Bình Dương,3,1,1,2000000,Điện & Nước,Campaign,iOS
ZLP007049,2023-11-02,20.0,Male,Hà Nội,1,1,1,2000000,Thực phẩm & Ăn uống,Referral,Android
ZLP007050,2023-12-18,21.0,Male,Đà Nẵng,2,1,1,3000000,Điện & Nước,Referral,iOS
ZLP007051,2023-10-03,33.0,Male,An Giang,3,1,1,1000000,Du lịch & Vận chuyển,Referral,Android
ZLP007052,2024-05-30,30.0,Female,Thanh Hóa,3,1,1,1000000,Điện & Nước,Campaign,iOS
ZLP007053,2023-12-02,34.0,Male,Hồ Chí Minh,1,1,1,2000000,Điện & Nước,Social,Android
ZLP007054,2024-05-30,29.0,Male,Hồ Chí Minh,1,1,1,5000000,Giải trí,Unknown,Android
ZLP007055,2023-12-18,28.0,Female,Cần Thơ,2,0,1,1000000,Thời trang,Organic,iOS
ZLP007056,2024-11-26,18.0,Male,Hà Nội,1,1,1,2000000,Chăm sóc sức khỏe,Unknown,Android
ZLP007057,2023-10-03,26.0,Male,Hồ Chí Minh,1,1,1,2000000,Thực phẩm & Ăn uống,Referral,Android
ZLP007058,2023-01-01,27.0,Female,Hà Nội,1,1,1,500000,Thực phẩm & Ăn uống,Social,Android
ZLP007059,2024-03-01,39.0,Male,Đồng Nai,3,1,0,3000000,Du lịch & Vận chuyển,Campaign,Android
ZLP007060,2024-09-27,32.0,Female,Đồng Nai,3,1,1,1000000,Giải trí,Referral,Android
ZLP007061,2024-03-31,37.0,Female,Hà Nội,1,1,1,3000000,Thời trang,Organic,iOS
ZLP007062,2023-07-05,31.0,Female,Hà Nội,1,1,1,2000000,Du lịch & Vận chuyển,Referral,Android
ZLP007063,2024-01-31,23.0,Male,Đà Nẵng,2,1,1,2000000,Chăm sóc sức khỏe,Referral,iOS
ZLP007064,2024-08-28,28.0,Male,Hồ Chí Minh,1,1,1,500000,Thời trang,Campaign,Android
ZLP007065,2023-01-01,29.0,Male,Đà Nẵng,2,1,1,3000000,Giải trí,Referral,iOS
ZLP007066,2023-10-03,22.0,Female,Hồ Chí Minh,1,1,1,1000000,Viễn thông,Campaign,iOS
ZLP007067,2024-06-29,25.0,Female,Hà Nội,1,1,1,2000000,Du lịch & Vận chuyển,Social,Android
ZLP007068,2024-08-28,26.0,Male,Hà Nội,1,1,1,3000000,Viễn thông,Social,iOS
ZLP007069,2024-04-30,37.0,Female,Cần Thơ,2,1,1,2000000,Điện & Nước,Social,Android
ZLP007070,2024-11-26,18.0,Female,Hồ Chí Minh,2,1,1,1000000,Chăm sóc sức khỏe,Campaign,iOS
ZLP007071,2023-07-05,35.0,Female,Hà Nội,1,1,1,5000000,Du lịch & Vận chuyển,Unknown,iOS
ZLP007072,2024-01-31,22.0,Male,Hồ Chí Minh,1,1,1,1000000,Viễn thông,Referral,Android
ZLP007073,2024-04-30,19.0,Female,Hồ Chí Minh,1,1,1,5000000,Thời trang,Campaign,Android
ZLP007074,2024-04-30,35.0,Male,Cần Thơ,2,1,1,1000000,Điện tử,Organic,Android
ZLP007075,2024-06-29,32.0,Female,Hồ Chí Minh,1,1,1,2000000,Thực phẩm & Ăn uống,Unknown,Android
ZLP007076,2024-08-28,35.0,Male,Hồ Chí Minh,1,1,1,1000000,Điện & Nước,Referral,Android
ZLP007077,2023-12-18,32.0,Male,Cần Thơ,2,1,1,500000,Thực phẩm & Ăn uống,Organic,Android
ZLP007078,2023-04-06,40.0,Female,Bình Dương,3,0,1,1000000,Thực phẩm & Ăn uống,Campaign,iOS
ZLP007079,2023-12-18,31.0,Female,Hà Nội,1,1,1,500000,Điện tử,Campaign,Android
ZLP007080,2024-03-31,27.0,Male,Hà Nội,1,1,1,5000000,Viễn thông,Unknown,Android
ZLP007081,2023-11-02,30.0,Male,Nghệ An,3,0,1,3000000,Chăm sóc sức khỏe,Campaign,Android
ZLP007082,2024-06-29,35.0,Female,Nghệ An,3,1,1,500000,Thực phẩm & Ăn uống,Campaign,Android
ZLP007083,2023-11-02,23.0,Female,Hà Nội,1,1,1,1000000,Du lịch & Vận chuyển,Social,iOS
ZLP007084,2023-01-01,24.0,Female,Đồng Nai,3,1,1,2000000,Thời trang,Campaign,Android
ZLP007085,2024-01-15,26.0,Female,Đà Nẵng,2,1,1,2000000,Thực phẩm & Ăn uống,Organic,Android
ZLP007086,2024-04-30,18.0,Male,Thanh Hóa,3,1,1,3000000,Viễn thông,Social,iOS
ZLP007087,2023-12-02,28.0,Female,Hà Nội,1,1,1,2000000,Điện & Nước,Unknown,iOS
ZLP007088,2024-05-30,18.0,Female,Đồng Nai,3,1,1,2000000,Thực phẩm & Ăn uống,Organic,Android
ZLP007089,2024-01-01,28.0,Female,Đồng Nai,3,1,1,2000000,Thực phẩm & Ăn uống,Unknown,Android
ZLP007090,2023-10-03,33.0,Male,Hà Nội,1,1,0,2000000,Thời trang,Campaign,Android
ZLP007091,2023-07-05,25.0,Female,Đồng Nai,3,0,1,1000000,Chăm sóc sức khỏe,Organic,iOS
ZLP007092,2024-04-30,38.0,Female,Hồ Chí Minh,1,1,1,1000000,Thực phẩm & Ăn uống,Organic,Android
ZLP007093,2023-12-18,19.0,Female,Hồ Chí Minh,1,0,1,500000,Viễn thông,Unknown,Android
ZLP007094,2024-08-28,35.0,Female,Hà Nội,1,1,1,2000000,Du lịch & Vận chuyển,Campaign,Android
ZLP007095,2024-01-31,32.0,Female,Nghệ An,3,1,1,2000000,Điện tử,Organic,iOS
ZLP007096,2023-12-02,18.0,Female,Đà Nẵng,2,1,1,3000000,Viễn thông,Organic,Android
ZLP007097,2023-12-02,44.0,Male,Cần Thơ,2,1,1,1000000,Điện & Nước,Unknown,Android
ZLP007098,2023-10-03,27.0,Male,Cần Thơ,2,0,1,2000000,Viễn thông,Referral,iOS
ZLP007099,2024-03-01,22.0,Female,Hồ Chí Minh,1,1,1,1000000,Điện & Nước,Social,iOS
ZLP007100,2024-03-01,19.0,Female,Hà Nội,1,1,1,2000000,Du lịch & Vận chuyển,Unknown,Android
ZLP007101,2024-06-29,26.0,Male,Bình Dương,3,1,1,3000000,Thời trang,Organic,iOS
ZLP007102,2023-11-02,27.0,Female,Thanh Hóa,3,1,1,3000000,Chăm sóc sức khỏe,Campaign,Android
ZLP007103,2023-12-02,28.0,Male,Hồ Chí Minh,1,1,0,5000000,Chăm sóc sức khỏe,Campaign,iOS
ZLP007104,2023-07-05,26.0,Male,Hà Nội,1,1,1,5000000,Điện & Nước,Social,Android
ZLP007105,2023-12-02,31.0,Female,Hồ Chí Minh,1,0,1,3000000,Thực phẩm & Ăn uống,Campaign,iOS
ZLP007106,2023-12-18,25.0,Female,Hồ Chí Minh,1,1,1,1000000,Giải trí,Unknown,Android
ZLP007107,2024-11-26,18.0,Male,Hà Nội,1,1,1,1000000,Viễn thông,Organic,iOS
ZLP007108,2024-03-31,27.0,Female,Đà Nẵng,2,1,1,2000000,Điện & Nước,Campaign,iOS
ZLP007109,2024-05-30,18.0,Female,Hồ Chí Minh,1,1,1,5000000,Thực phẩm & Ăn uống,Campaign,iOS
ZLP007110,2023-12-02,30.0,Female,Hồ Chí Minh,1,0,1,2000000,Thực phẩm & Ăn uống,Organic,Android
ZLP007111,2023-10-03,22.0,Male,Đồng Nai,3,1,1,1000000,Điện & Nước,Referral,Android
ZLP007112,2023-11-02,28.0,Female,Nghệ An,3,1,1,5000000,Thực phẩm & Ăn uống,Organic,Android
ZLP007113,2023-11-02,35.0,Male,Hà Nội,1,1,1,2000000,Viễn thông,Referral,iOS
ZLP007114,2024-03-01,27.0,Male,Bình Dương,3,1,1,2000000,Viễn thông,Organic,iOS
ZLP007115,2023-12-02,34.0,Female,Hồ Chí Minh,1,1,0,3000000,Viễn thông,Social,Android
ZLP007116,2024-07-29,25.0,Female,An Giang,3,1,0,3000000,Điện & Nước,Organic,Android
ZLP007117,2024-11-26,38.0,Male,Cần Thơ,2,0,1,3000000,Điện & Nước,Campaign,iOS
ZLP007118,2023-12-02,25.0,Female,Đồng Nai,3,1,1,3000000,Thời trang,Organic,Android
ZLP007119,2024-04-30,22.0,Female,Hồ Chí Minh,1,1,1,2000000,Giải trí,Organic,Android
ZLP007120,2024-03-31,32.0,Female,Đà Nẵng,2,1,1,2000000,Chăm sóc sức khỏe,Referral,Android
ZLP007121,2023-11-02,25.0,Female,Đà Nẵng,2,0,1,2000000,Chăm sóc sức khỏe,Social,iOS
ZLP007122,2024-08-28,22.0,Male,Hà Nội,1,1,1,3000000,Điện tử,Referral,iOS
ZLP007123,2023-11-02,25.0,Female,Hồ Chí Minh,1,1,1,1000000,Giải trí,Unknown,Android
ZLP007124,2024-05-30,27.0,Male,Đà Nẵng,2,1,1,1000000,Giải trí,Unknown,iOS
ZLP007125,2023-12-02,36.0,Female,Bình Dương,3,1,1,1000000,Chăm sóc sức khỏe,Campaign,Android
ZLP007126,2023-12-18,18.0,Male,Hồ Chí Minh,1,1,1,2000000,Điện tử,Organic,iOS
ZLP007127,2024-01-01,28.0,Male,Đà Nẵng,2,1,1,500000,Viễn thông,Unknown,Android
ZLP007128,2024-07-29,31.0,Female,Hồ Chí Minh,1,1,1,3000000,Điện & Nước,Unknown,Android
ZLP007129,2023-10-03,29.0,Male,Hồ Chí Minh,1,1,0,1000000,Điện & Nước,Referral,Android
ZLP007130,2023-04-06,35.0,Male,Cần Thơ,2,1,1,1000000,Điện tử,Unknown,Android
ZLP007131,2023-12-18,27.0,Female,Hà Nội,1,1,1,1000000,Điện & Nước,Organic,iOS
ZLP007132,2023-04-06,26.0,Female,Hà Nội,1,1,1,2000000,Chăm sóc sức khỏe,Campaign,iOS
ZLP007133,2024-04-30,31.0,Female,Hà Nội,1,1,1,1000000,Thực phẩm & Ăn uống,Social,iOS
ZLP007134,2024-05-30,28.0,Male,Cần Thơ,2,1,1,1000000,Viễn thông,Organic,Android
ZLP007135,2024-07-29,25.0,Male,Hà Nội,1,1,1,5000000,Thực phẩm & Ăn uống,Referral,Android
ZLP007136,2024-05-30,31.0,Male,Nghệ An,3,1,1,3000000,Điện tử,Organic,Android
ZLP007137,2024-08-28,24.0,Female,Hà Nội,1,1,1,3000000,Viễn thông,Social,iOS
ZLP007138,2024-05-30,24.0,Female,Bình Dương,3,1,1,2000000,Điện & Nước,Campaign,Android
ZLP007139,2024-09-27,24.0,Male,Hồ Chí Minh,1,1,1,3000000,Điện tử,Unknown,Unknown
ZLP007140,2023-10-03,36.0,Male,Đà Nẵng,2,1,1,3000000,Du lịch & Vận chuyển,Referral,Android
ZLP007141,2024-01-15,18.0,Male,Đà Nẵng,2,1,1,5000000,Thời trang,Campaign,Android
ZLP007142,2024-11-26,30.0,Male,Hà Nội,1,1,0,500000,Thực phẩm & Ăn uống,Organic,iOS
ZLP007143,2024-03-31,28.0,Male,Hà Nội,1,1,1,500000,Điện tử,Campaign,iOS
ZLP007144,2024-08-28,18.0,Female,Hồ Chí Minh,1,1,1,1000000,Điện tử,Organic,Android
ZLP007145,2023-01-01,29.0,Male,Hồ Chí Minh,1,1,1,5000000,Điện & Nước,Unknown,iOS
ZLP007146,2024-07-29,30.0,Female,Hồ Chí Minh,1,1,1,2000000,Viễn thông,Organic,iOS
ZLP007147,2024-04-30,31.0,Female,Bình Dương,3,0,1,2000000,Du lịch & Vận chuyển,Social,iOS
ZLP007148,2023-10-03,18.0,Male,Đồng Nai,3,1,1,2000000,Giải trí,Campaign,iOS
ZLP007149,2023-01-01,36.0,Female,Hà Nội,1,1,1,3000000,Thực phẩm & Ăn uống,Organic,Android
ZLP007150,2023-11-02,23.0,Female,Hà Nội,1,1,1,5000000,Thời trang,Campaign,Android
ZLP007151,2024-08-28,32.0,Male,Hồ Chí Minh,1,1,1,3000000,Điện & Nước,Unknown,iOS
ZLP007152,2024-03-31,27.0,Female,Hồ Chí Minh,1,1,1,3000000,Điện tử,Campaign,Android
ZLP007153,2024-09-27,22.0,Male,Đồng Nai,3,1,1,1000000,Viễn thông,Organic,iOS
ZLP007154,2024-01-01,31.0,Female,Cần Thơ,2,1,1,2000000,Điện & Nước,Organic,iOS
ZLP007155,2024-09-27,25.0,Female,Hồ Chí Minh,1,1,1,3000000,Viễn thông,Campaign,Android
ZLP007156,2024-01-01,18.0,Female,Hồ Chí Minh,1,1,0,3000000,Điện tử,Campaign,Android
ZLP007157,2023-11-02,35.0,Female,Đồng Nai,3,1,1,2000000,Thực phẩm & Ăn uống,Social,Android
ZLP007158,2023-10-03,23.0,Female,Hồ Chí Minh,1,1,1,500000,Thực phẩm & Ăn uống,Campaign,Android
ZLP007159,2024-11-26,22.0,Female,Hà Nội,1,1,1,500000,Điện tử,Organic,Android
ZLP007160,2023-12-02,25.0,Female,Cần Thơ,2,1,1,1000000,Chăm sóc sức khỏe,Organic,iOS
ZLP007161,2023-10-03,29.0,Male,Đà Nẵng,2,1,1,2000000,Chăm sóc sức khỏe,Organic,iOS
ZLP007162,2023-01-01,27.0,Female,Hà Nội,1,1,1,2000000,Thực phẩm & Ăn uống,Referral,iOS
ZLP007163,2023-12-02,31.0,Male,An Giang,3,1,1,5000000,Điện tử,Social,Android
ZLP007164,2024-08-28,19.0,Male,Hồ Chí Minh,1,1,1,2000000,Du lịch & Vận chuyển,Social,iOS
ZLP007165,2024-01-31,23.0,Female,Bình Dương,3,1,0,1000000,Du lịch & Vận chuyển,Social,Unknown
ZLP007166,2024-03-01,27.0,Male,Hồ Chí Minh,1,1,1,1000000,Thực phẩm & Ăn uống,Unknown,Android
ZLP007167,2024-09-27,39.0,Male,Cần Thơ,2,1,1,3000000,Thực phẩm & Ăn uống,Unknown,iOS
ZLP007168,2024-01-15,27.0,Female,Hải Phòng,2,1,1,2000000,Du lịch & Vận chuyển,Organic,Android
ZLP007169,2024-07-29,34.0,Male,Hà Nội,1,1,1,2000000,Viễn thông,Unknown,Android
ZLP007170,2023-12-02,28.0,Male,Bình Dương,3,1,1,2000000,Chăm sóc sức khỏe,Organic,Android
ZLP007171,2024-11-26,25.0,Female,Đồng Nai,3,1,1,1000000,Du lịch & Vận chuyển,Organic,iOS
ZLP007172,2023-07-05,26.0,Female,Hồ Chí Minh,1,1,1,500000,Điện tử,Campaign,Android
ZLP007173,2024-04-30,26.0,Female,Bình Dương,3,1,1,1000000,Điện tử,Organic,Android
ZLP007174,2024-03-31,31.0,Female,An Giang,3,1,1,1000000,Điện & Nước,Campaign,Android
ZLP007175,2023-10-03,36.0,Female,Đà Nẵng,2,0,1,2000000,Viễn thông,Campaign,iOS
ZLP007176,2023-12-18,30.0,Female,Hồ Chí Minh,1,1,1,2000000,Điện tử,Referral,iOS
ZLP007177,2023-12-02,27.0,Female,Hồ Chí Minh,1,1,1,5000000,Chăm sóc sức khỏe,Referral,Android
ZLP007178,2023-07-05,22.0,Female,Hồ Chí Minh,1,1,1,3000000,Điện & Nước,Organic,Android
ZLP007179,2024-03-01,25.0,Female,Hồ Chí Minh,1,1,1,2000000,Điện & Nước,Organic,Android
ZLP007180,2024-11-26,23.0,Male,Đà Nẵng,2,0,1,2000000,Viễn thông,Social,iOS
ZLP007181,2024-01-31,29.0,Male,Hồ Chí Minh,1,1,1,2000000,Thời trang,Campaign,iOS
ZLP007182,2024-01-31,25.0,Male,Hồ Chí Minh,1,1,1,1000000,Thực phẩm & Ăn uống,Campaign,Android
ZLP007183,2023-04-06,32.0,Female,Hà Nội,1,1,1,5000000,Điện & Nước,Unknown,Android
ZLP007184,2023-10-03,27.0,Male,Hà Nội,1,0,1,2000000,Điện & Nước,Campaign,Android
ZLP007185,2024-01-15,28.0,Female,Đà Nẵng,2,1,1,5000000,Điện tử,Organic,Android
ZLP007186,2024-11-26,32.0,Female,Bình Dương,3,1,1,5000000,Viễn thông,Referral,iOS
ZLP007187,2024-07-29,18.0,Female,Hồ Chí Minh,1,0,1,2000000,Điện & Nước,Social,Android
ZLP007188,2023-12-02,40.0,Male,Hồ Chí Minh,1,0,1,1000000,Điện & Nước,Unknown,Android
ZLP007189,2024-01-31,26.0,Female,Hồ Chí Minh,1,1,1,2000000,Chăm sóc sức khỏe,Referral,iOS
ZLP007190,2024-01-31,18.0,Male,Hà Nội,1,1,1,2000000,Thực phẩm & Ăn uống,Campaign,iOS
ZLP007191,2024-04-30,28.0,Female,Hồ Chí Minh,1,1,1,3000000,Thực phẩm & Ăn uống,Campaign,Unknown
ZLP007192,2024-04-30,28.0,Female,Bình Dương,3,0,1,500000,Điện & Nước,Organic,Android
ZLP007193,2024-06-29,27.0,Male,Hồ Chí Minh,1,1,1,2000000,Thực phẩm & Ăn uống,Organic,Android
ZLP007194,2023-01-01,33.0,Female,Nghệ An,3,1,1,5000000,Thời trang,Campaign,iOS
ZLP007195,2024-09-27,32.0,Male,Hà Nội,1,1,1,5000000,Điện & Nước,Campaign,iOS
ZLP007196,2023-04-06,29.0,Other,Hà Nội,1,1,1,1000000,Du lịch & Vận chuyển,Social,iOS
ZLP007197,2024-01-01,30.0,Male,Đồng Nai,3,1,1,3000000,Chăm sóc sức khỏe,Organic,Android
ZLP007198,2024-09-27,27.0,Male,Bình Dương,3,1,1,1000000,Chăm sóc sức khỏe,Organic,iOS
ZLP007199,2024-01-15,38.0,Male,Cần Thơ,2,1,1,3000000,Thời trang,Organic,Android
ZLP007200,2023-04-06,19.0,Male,Nghệ An,3,0,1,1000000,Thực phẩm & Ăn uống,Referral,Android
ZLP007201,2023-11-02,28.0,Female,Hà Nội,1,1,1,5000000,Thời trang,Referral,Android
ZLP007202,2024-01-31,28.0,Female,Đồng Nai,3,1,1,2000000,Viễn thông,Referral,iOS
ZLP007203,2023-07-05,32.0,Female,Hà Nội,1,1,1,2000000,Điện & Nước,Organic,Android
ZLP007204,2023-12-18,22.0,Male,Hải Phòng,2,1,1,1000000,Thời trang,Campaign,Android
ZLP007205,2023-12-02,18.0,Male,Hồ Chí Minh,1,1,1,1000000,Thực phẩm & Ăn uống,Social,Android
ZLP007206,2024-06-29,28.0,Female,Hà Nội,1,1,1,2000000,Điện & Nước,Referral,Android
ZLP007207,2023-07-05,29.0,Male,Cần Thơ,2,1,1,3000000,Thời trang,Unknown,iOS
ZLP007208,2024-03-31,36.0,Female,Hồ Chí Minh,1,0,1,3000000,Thời trang,Organic,Android
ZLP007209,2023-12-18,27.0,Female,Hồ Chí Minh,1,1,1,3000000,Du lịch & Vận chuyển,Social,iOS
ZLP007210,2024-03-01,34.0,Male,Hà Nội,1,0,1,3000000,Điện tử,Campaign,Android
ZLP007211,2023-11-02,42.0,Female,Cần Thơ,2,1,1,5000000,Viễn thông,Social,Android
ZLP007212,2024-03-01,25.0,Female,Hải Phòng,2,1,1,3000000,Chăm sóc sức khỏe,Campaign,iOS
ZLP007213,2024-03-31,20.0,Female,Cần Thơ,2,1,1,1000000,Giải trí,Organic,iOS
ZLP007214,2023-04-06,25.0,Male,Đồng Nai,3,1,1,3000000,Điện tử,Campaign,Android
ZLP007215,2024-06-29,28.0,Male,Đà Nẵng,2,1,1,1000000,Chăm sóc sức khỏe,Campaign,Android
ZLP007216,2024-07-29,31.0,Male,Hồ Chí Minh,1,1,0,5000000,Viễn thông,Referral,Android
ZLP007217,2023-04-06,24.0,Male,Hồ Chí Minh,1,1,1,1000000,Giải trí,Social,iOS
ZLP007218,2024-03-01,37.0,Male,Đà Nẵng,2,1,1,1000000,Điện & Nước,Organic,Unknown
ZLP007219,2024-03-01,21.0,Female,Hồ Chí Minh,1,1,1,1000000,Điện tử,Unknown,Android
ZLP007220,2023-01-01,18.0,Female,Hồ Chí Minh,1,1,1,2000000,Thực phẩm & Ăn uống,Organic,Android
ZLP007221,2023-12-02,34.0,Female,Hà Nội,1,1,1,1000000,Thực phẩm & Ăn uống,Unknown,iOS
ZLP007222,2024-11-26,18.0,Male,Cần Thơ,2,1,1,5000000,Viễn thông,Organic,Android
ZLP007223,2024-01-31,27.0,Female,Hà Nội,1,1,1,1000000,Thực phẩm & Ăn uống,Campaign,Android
ZLP007224,2024-09-27,46.0,Male,Đồng Nai,3,1,1,1000000,Chăm sóc sức khỏe,Campaign,Android
ZLP007225,2024-03-31,27.0,Female,Bình Dương,3,1,1,500000,Giải trí,Campaign,Android
ZLP007226,2023-01-01,21.0,Female,Bình Dương,3,1,1,1000000,Thực phẩm & Ăn uống,Social,Android
ZLP007227,2023-07-05,27.0,Female,Thanh Hóa,3,1,1,2000000,Điện tử,Organic,Android
ZLP007228,2024-04-30,27.0,Other,Hà Nội,1,1,1,1000000,Chăm sóc sức khỏe,Organic,Android
ZLP007229,2024-01-31,28.0,Female,Cần Thơ,2,1,1,1000000,Điện & Nước,Campaign,Android
ZLP007230,2023-10-03,31.0,Male,Hải Phòng,2,1,1,500000,Giải trí,Campaign,Android
ZLP007231,2024-03-01,21.0,Male,Đà Nẵng,2,1,1,1000000,Viễn thông,Campaign,Android
ZLP007232,2024-06-29,38.0,Male,Đồng Nai,3,1,1,3000000,Du lịch & Vận chuyển,Campaign,Android
ZLP007233,2024-05-30,29.0,Male,Hà Nội,1,1,1,2000000,Giải trí,Social,Android
ZLP007234,2023-11-02,32.0,Female,Đà Nẵng,2,1,1,1000000,Điện & Nước,Social,iOS
ZLP007235,2023-11-02,24.0,Male,Hồ Chí Minh,1,1,0,1000000,Du lịch & Vận chuyển,Social,Android
ZLP007236,2024-11-26,35.0,Female,Thanh Hóa,3,0,0,2000000,Thời trang,Unknown,iOS
ZLP007237,2024-08-28,26.0,Male,Đồng Nai,3,0,1,1000000,Chăm sóc sức khỏe,Organic,Android
ZLP007238,2023-12-02,29.0,Female,Hải Phòng,2,0,1,2000000,Điện & Nước,Organic,iOS
ZLP007239,2024-06-29,22.0,Female,Bình Dương,3,1,0,5000000,Chăm sóc sức khỏe,Referral,iOS
ZLP007240,2023-10-03,22.0,Male,Hồ Chí Minh,1,1,1,500000,Thời trang,Referral,Android
ZLP007241,2023-11-02,32.0,Female,Hồ Chí Minh,1,1,1,1000000,Thực phẩm & Ăn uống,Referral,iOS
ZLP007242,2023-10-03,25.0,Female,Hải Phòng,2,1,1,1000000,Thời trang,Referral,iOS
ZLP007243,2023-07-05,22.0,Male,Hà Nội,1,1,1,2000000,Điện tử,Unknown,Unknown
ZLP007244,2024-07-29,24.0,Female,Hồ Chí Minh,1,1,1,500000,Viễn thông,Referral,Android
ZLP007245,2024-01-31,32.0,Male,Đà Nẵng,2,1,1,2000000,Giải trí,Organic,Android
ZLP007246,2023-11-02,24.0,Female,Hà Nội,1,0,1,5000000,Viễn thông,Organic,Unknown
ZLP007247,2024-07-29,27.0,Female,Cần Thơ,2,1,1,500000,Du lịch & Vận chuyển,Campaign,Android
ZLP007248,2024-06-29,28.0,Female,Hà Nội,1,1,1,1000000,Điện & Nước,Referral,iOS
ZLP007249,2023-07-05,18.0,Female,Bình Dương,3,0,1,3000000,Du lịch & Vận chuyển,Organic,iOS
ZLP007250,2024-03-31,19.0,Male,Hải Phòng,2,1,1,1000000,Chăm sóc sức khỏe,Organic,Android
ZLP007251,2024-04-30,30.0,Female,Hồ Chí Minh,1,0,1,500000,Điện & Nước,Unknown,Android
ZLP007252,2024-04-30,23.0,Female,Hà Nội,1,0,1,2000000,Điện tử,Unknown,Android
ZLP007253,2024-04-30,34.0,Female,Hà Nội,1,1,1,500000,Thực phẩm & Ăn uống,Organic,Android
ZLP007254,2023-10-03,33.0,Female,Nghệ An,3,1,1,3000000,Thực phẩm & Ăn uống,Organic,Android
ZLP007255,2023-12-02,32.0,Male,Hà Nội,1,1,1,500000,Điện & Nước,Social,iOS
ZLP007256,2024-07-29,38.0,Other,Hà Nội,1,1,1,2000000,Viễn thông,Social,Android
ZLP007257,2024-08-28,27.0,Male,Cần Thơ,2,1,0,3000000,Giải trí,Referral,Android
ZLP007258,2023-12-02,31.0,Female,Hà Nội,1,1,1,1000000,Thực phẩm & Ăn uống,Campaign,Android
ZLP007259,2023-01-01,24.0,Male,Nghệ An,3,1,1,1000000,Điện & Nước,Unknown,iOS
ZLP007260,2024-07-29,42.0,Other,An Giang,3,1,1,1000000,Thực phẩm & Ăn uống,Organic,Android
ZLP007261,2023-12-18,39.0,Female,Đà Nẵng,2,1,1,3000000,Giải trí,Unknown,iOS
ZLP007262,2023-12-02,28.0,Female,Cần Thơ,2,1,1,3000000,Thực phẩm & Ăn uống,Organic,Android
ZLP007263,2023-12-02,30.0,Male,Hồ Chí Minh,1,1,1,1000000,Điện & Nước,Campaign,iOS
ZLP007264,2023-12-18,36.0,Female,Bình Dương,3,1,1,3000000,Thời trang,Campaign,iOS
ZLP007265,2023-12-18,27.0,Female,Bình Dương,3,1,1,3000000,Du lịch & Vận chuyển,Unknown,Android
ZLP007266,2024-01-31,24.0,Female,Hà Nội,1,1,1,5000000,Chăm sóc sức khỏe,Campaign,Android
ZLP007267,2023-07-05,33.0,Male,Hồ Chí Minh,1,1,1,2000000,Điện tử,Social,Android
ZLP007268,2024-11-26,28.0,Female,An Giang,3,1,1,3000000,Viễn thông,Social,Android
ZLP007269,2024-09-27,29.0,Male,Hà Nội,1,1,1,2000000,Chăm sóc sức khỏe,Unknown,Android
ZLP007270,2024-09-27,22.0,Female,Cần Thơ,2,1,1,3000000,Chăm sóc sức khỏe,Unknown,Android
ZLP007271,2024-08-28,18.0,Male,Hồ Chí Minh,1,1,1,500000,Chăm sóc sức khỏe,Unknown,Android
ZLP007272,2024-03-31,29.0,Male,Hà Nội,1,1,1,1000000,Thực phẩm & Ăn uống,Unknown,Android
ZLP007273,2023-11-02,33.0,Male,Đồng Nai,3,1,1,3000000,Thực phẩm & Ăn uống,Organic,Android
ZLP007274,2023-04-06,26.0,Male,Hà Nội,1,1,1,3000000,Điện & Nước,Referral,Android
ZLP007275,2023-07-05,36.0,Male,Cần Thơ,2,1,1,1000000,Chăm sóc sức khỏe,Organic,iOS
ZLP007276,2023-12-02,23.0,Female,Hồ Chí Minh,1,0,1,2000000,Điện tử,Organic,iOS
ZLP007277,2024-01-15,21.0,Female,Hà Nội,1,1,1,2000000,Điện & Nước,Organic,Android
ZLP007278,2024-11-26,27.0,Male,An Giang,3,1,1,500000,Điện & Nước,Unknown,iOS
ZLP007279,2024-01-01,27.0,Female,Đà Nẵng,2,0,1,500000,Giải trí,Social,Android
ZLP007280,2024-01-15,32.0,Female,An Giang,3,1,1,500000,Điện & Nước,Referral,Android
ZLP007281,2024-04-30,23.0,Female,An Giang,3,1,1,2000000,Thời trang,Organic,Unknown
ZLP007282,2023-10-03,36.0,Male,Nghệ An,3,1,1,1000000,Thực phẩm & Ăn uống,Social,iOS
ZLP007283,2024-09-27,39.0,Male,An Giang,3,1,1,1000000,Chăm sóc sức khỏe,Campaign,Android
ZLP007284,2024-01-15,27.0,Female,Hồ Chí Minh,1,1,1,5000000,Điện & Nước,Organic,Android
ZLP007285,2023-12-02,35.0,Male,Nghệ An,3,1,1,1000000,Điện tử,Organic,Android
ZLP007286,2024-09-27,21.0,Male,Hồ Chí Minh,1,1,1,2000000,Thời trang,Social,iOS
ZLP007287,2024-03-01,34.0,Male,Hồ Chí Minh,1,1,1,3000000,Chăm sóc sức khỏe,Referral,Android
ZLP007288,2024-01-15,34.0,Male,Hồ Chí Minh,1,1,1,1000000,Thực phẩm & Ăn uống,Organic,Android
ZLP007289,2024-01-31,33.0,Other,Hà Nội,1,1,1,1000000,Điện tử,Organic,Android
ZLP007290,2024-05-30,27.0,Male,Cần Thơ,2,1,1,2000000,Thực phẩm & Ăn uống,Organic,Android
ZLP007291,2023-10-03,18.0,Female,Hà Nội,1,1,1,2000000,Giải trí,Social,Android
ZLP007292,2024-07-29,24.0,Other,Hồ Chí Minh,1,1,1,2000000,Thời trang,Unknown,Android
ZLP007293,2024-11-26,24.0,Female,Hà Nội,1,1,1,2000000,Điện tử,Campaign,Android
ZLP007294,2024-01-31,22.0,Male,Hà Nội,1,1,1,5000000,Điện & Nước,Organic,iOS
ZLP007295,2024-03-31,28.0,Male,Bình Dương,3,1,1,500000,Thực phẩm & Ăn uống,Campaign,iOS
ZLP007296,2024-07-29,25.0,Female,Hồ Chí Minh,1,1,1,3000000,Điện & Nước,Unknown,iOS
ZLP007297,2023-12-18,23.0,Male,Hồ Chí Minh,1,1,1,1000000,Điện & Nước,Unknown,iOS
ZLP007298,2024-11-26,21.0,Female,Hồ Chí Minh,1,0,1,1000000,Thực phẩm & Ăn uống,Unknown,iOS
ZLP007299,2024-03-31,23.0,Male,Hà Nội,1,1,0,500000,Thực phẩm & Ăn uống,Referral,Android
ZLP007300,2023-12-18,34.0,Female,Đà Nẵng,2,1,1,2000000,Thực phẩm & Ăn uống,Campaign,Android
ZLP007301,2024-03-31,24.0,Female,Hà Nội,1,1,0,3000000,Thực phẩm & Ăn uống,Social,Android
ZLP007302,2024-01-15,24.0,Female,Hà Nội,1,1,1,500000,Điện & Nước,Social,Android
ZLP007303,2023-07-05,25.0,Female,Hà Nội,1,1,0,1000000,Thực phẩm & Ăn uống,Unknown,Android
ZLP007304,2024-06-29,30.0,Male,Hà Nội,1,1,1,1000000,Chăm sóc sức khỏe,Social,iOS
ZLP007305,2024-01-31,27.0,Male,Thanh Hóa,3,1,1,1000000,Chăm sóc sức khỏe,Unknown,Android
ZLP007306,2024-06-29,18.0,Male,Hồ Chí Minh,1,1,1,3000000,Thực phẩm & Ăn uống,Social,Android
ZLP007307,2023-10-03,34.0,Male,Đồng Nai,3,1,1,3000000,Điện tử,Referral,Android
ZLP007308,2024-01-31,36.0,Female,Bình Dương,3,1,1,3000000,Điện tử,Campaign,Android
ZLP007309,2024-05-30,21.0,Male,Hồ Chí Minh,1,1,1,2000000,Điện & Nước,Social,Android
ZLP007310,2024-11-26,22.0,Male,Thanh Hóa,3,1,1,2000000,Thời trang,Campaign,Android
ZLP007311,2024-08-28,25.0,Other,Bình Dương,3,1,1,1000000,Chăm sóc sức khỏe,Campaign,iOS
ZLP007312,2024-07-29,23.0,Male,Bình Dương,3,1,1,2000000,Thời trang,Organic,Android
ZLP007313,2023-11-02,29.0,Female,Hà Nội,1,1,1,2000000,Thời trang,Campaign,Android
ZLP007314,2024-07-29,18.0,Male,Đà Nẵng,2,1,1,5000000,Thời trang,Campaign,iOS
ZLP007315,2023-10-03,21.0,Male,Hồ Chí Minh,1,1,1,5000000,Thực phẩm & Ăn uống,Campaign,Android
ZLP007316,2023-11-02,37.0,Female,Hồ Chí Minh,1,0,0,5000000,Chăm sóc sức khỏe,Organic,Android
ZLP007317,2023-07-05,22.0,Female,Hải Phòng,2,1,1,1000000,Thời trang,Referral,Android
ZLP007318,2024-07-29,35.0,Male,An Giang,3,1,0,1000000,Viễn thông,Referral,iOS
ZLP007319,2023-07-05,30.0,Male,Hồ Chí Minh,1,1,0,3000000,Thực phẩm & Ăn uống,Social,iOS
ZLP007320,2023-10-03,18.0,Male,Đồng Nai,3,1,1,3000000,Thực phẩm & Ăn uống,Referral,Android
ZLP007321,2023-11-02,31.0,Male,Bình Dương,3,0,1,3000000,Thực phẩm & Ăn uống,Referral,iOS
ZLP007322,2024-01-31,27.0,Male,Hồ Chí Minh,1,1,1,1000000,Viễn thông,Organic,Android
ZLP007323,2024-08-28,27.0,Female,Hà Nội,1,0,0,3000000,Điện & Nước,Organic,iOS
ZLP007324,2023-12-18,29.0,Male,Hà Nội,1,1,1,2000000,Điện & Nước,Organic,iOS
ZLP007325,2024-01-31,30.0,Male,Bình Dương,3,1,1,2000000,Viễn thông,Social,Android
ZLP007326,2023-10-03,32.0,Female,Hải Phòng,2,1,1,3000000,Thực phẩm & Ăn uống,Campaign,iOS
ZLP007327,2023-11-02,35.0,Male,Hồ Chí Minh,1,1,1,2000000,Điện tử,Campaign,Android
ZLP007328,2023-10-03,30.0,Male,Đà Nẵng,2,1,1,2000000,Giải trí,Social,Android
ZLP007329,2023-12-18,19.0,Other,Đồng Nai,3,0,1,2000000,Du lịch & Vận chuyển,Organic,Android
ZLP007330,2024-03-01,25.0,Male,Đồng Nai,3,1,0,2000000,Chăm sóc sức khỏe,Unknown,Android
ZLP007331,2023-12-02,45.0,Female,Hồ Chí Minh,1,1,1,500000,Chăm sóc sức khỏe,Campaign,Unknown
ZLP007332,2024-07-29,32.0,Male,Đà Nẵng,2,1,1,2000000,Thời trang,Organic,iOS
ZLP007333,2024-11-26,42.0,Female,Hải Phòng,2,1,1,2000000,Viễn thông,Campaign,Android
ZLP007334,2023-07-05,36.0,Male,Hà Nội,1,1,1,2000000,Thực phẩm & Ăn uống,Unknown,Android
ZLP007335,2023-01-01,29.0,Male,Hà Nội,1,1,1,3000000,Điện & Nước,Campaign,Android
ZLP007336,2024-06-29,29.0,Male,Đồng Nai,3,1,1,1000000,Thời trang,Referral,Android
ZLP007337,2023-10-03,27.0,Male,Hồ Chí Minh,1,1,1,3000000,Điện & Nước,Referral,iOS
ZLP007338,2023-12-02,18.0,Female,Hải Phòng,2,1,1,2000000,Viễn thông,Campaign,Android
ZLP007339,2023-12-18,28.0,Female,Hồ Chí Minh,1,1,1,2000000,Điện tử,Unknown,Android
ZLP007340,2024-08-28,35.0,Male,Hồ Chí Minh,1,1,1,500000,Viễn thông,Unknown,iOS
ZLP007341,2024-03-31,24.0,Female,Hồ Chí Minh,1,1,1,1000000,Thực phẩm & Ăn uống,Social,Android
ZLP007342,2023-04-06,30.0,Female,Hồ Chí Minh,1,1,1,3000000,Chăm sóc sức khỏe,Organic,Android
ZLP007343,2023-01-01,33.0,Female,Hồ Chí Minh,1,1,1,500000,Điện & Nước,Social,Android
ZLP007344,2023-11-02,22.0,Male,Bình Dương,3,1,1,5000000,Điện & Nước,Organic,iOS
ZLP007345,2023-12-02,25.0,Female,Hồ Chí Minh,1,1,1,1000000,Viễn thông,Referral,Android
ZLP007346,2024-01-15,21.0,Male,Nghệ An,3,1,1,5000000,Điện tử,Campaign,iOS
ZLP007347,2024-07-29,23.0,Male,Đà Nẵng,2,0,1,2000000,Viễn thông,Organic,Android
ZLP007348,2023-12-02,20.0,Female,Hà Nội,1,1,1,2000000,Chăm sóc sức khỏe,Unknown,Android
ZLP007349,2023-12-18,22.0,Female,Hà Nội,1,1,1,500000,Thực phẩm & Ăn uống,Unknown,Android
ZLP007350,2023-12-02,36.0,Female,Bình Dương,3,1,1,1000000,Viễn thông,Unknown,Unknown
ZLP007351,2023-01-01,22.0,Female,Hà Nội,1,1,1,1000000,Viễn thông,Organic,Android
ZLP007352,2024-09-27,28.0,Male,Hồ Chí Minh,1,1,1,2000000,Thời trang,Unknown,Android
ZLP007353,2023-10-03,24.0,Female,Hải Phòng,2,0,1,2000000,Chăm sóc sức khỏe,Unknown,iOS
ZLP007354,2023-12-02,35.0,Male,Hà Nội,1,1,1,3000000,Thực phẩm & Ăn uống,Organic,Android
ZLP007355,2023-10-03,35.0,Male,Hồ Chí Minh,1,1,1,3000000,Viễn thông,Referral,Android
ZLP007356,2024-01-15,33.0,Female,Đà Nẵng,2,1,1,2000000,Thực phẩm & Ăn uống,Campaign,Android
ZLP007357,2024-09-27,29.0,Female,Cần Thơ,2,1,1,1000000,Du lịch & Vận chuyển,Organic,Android
ZLP007358,2023-07-05,26.0,Female,Hồ Chí Minh,1,1,1,1000000,Thực phẩm & Ăn uống,Social,iOS
ZLP007359,2024-01-01,20.0,Female,Đồng Nai,3,1,1,3000000,Điện tử,Organic,Android
ZLP007360,2023-01-01,39.0,Female,Cần Thơ,2,0,1,1000000,Viễn thông,Referral,Android
ZLP007361,2024-05-30,23.0,Male,Cần Thơ,2,1,1,2000000,Điện tử,Campaign,iOS
ZLP007362,2024-03-31,31.0,Female,Hà Nội,1,1,1,500000,Du lịch & Vận chuyển,Campaign,Android
ZLP007363,2024-04-30,34.0,Female,Nghệ An,3,1,1,1000000,Thời trang,Unknown,Android
ZLP007364,2024-01-01,24.0,Male,Hồ Chí Minh,1,1,1,2000000,Giải trí,Referral,iOS
ZLP007365,2024-08-28,34.0,Female,Đà Nẵng,2,1,1,2000000,Thời trang,Unknown,Android
ZLP007366,2023-12-18,32.0,Female,Hà Nội,1,1,1,2000000,Giải trí,Social,iOS
ZLP007367,2024-01-15,38.0,Female,Bình Dương,3,1,1,2000000,Điện tử,Unknown,iOS
ZLP007368,2024-04-30,25.0,Female,Hồ Chí Minh,1,1,0,1000000,Điện tử,Referral,Android
ZLP007369,2024-01-15,20.0,Male,Hồ Chí Minh,1,1,1,1000000,Chăm sóc sức khỏe,Social,iOS
ZLP007370,2023-10-03,24.0,Female,Đồng Nai,3,1,1,2000000,Điện & Nước,Unknown,Android
ZLP007371,2023-12-02,29.0,Male,Hà Nội,1,1,1,2000000,Viễn thông,Campaign,Android
ZLP007372,2023-07-05,28.0,Male,Hà Nội,1,1,1,500000,Viễn thông,Social,iOS
ZLP007373,2024-01-01,25.0,Male,Cần Thơ,2,1,1,2000000,Điện & Nước,Referral,iOS
ZLP007374,2024-03-01,18.0,Female,Bình Dương,3,0,1,2000000,Du lịch & Vận chuyển,Organic,Android
ZLP007375,2023-07-05,30.0,Female,Hồ Chí Minh,1,1,1,500000,Điện & Nước,Social,iOS
ZLP007376,2024-03-01,39.0,Female,Hồ Chí Minh,1,1,1,3000000,Viễn thông,Organic,Android
ZLP007377,2024-08-28,30.0,Female,Nghệ An,3,0,0,2000000,Thực phẩm & Ăn uống,Social,Android
ZLP007378,2023-12-02,31.0,Female,Đà Nẵng,2,1,1,1000000,Thời trang,Social,iOS
ZLP007379,2023-11-02,31.0,Female,Hà Nội,1,1,1,2000000,Điện tử,Social,Android
ZLP007380,2024-08-28,30.0,Female,Đồng Nai,3,1,0,2000000,Thời trang,Organic,Android
ZLP007381,2024-04-30,33.0,Female,Đà Nẵng,2,1,1,5000000,Điện tử,Unknown,Android
ZLP007382,2023-07-05,30.0,Female,Hồ Chí Minh,1,1,1,3000000,Thực phẩm & Ăn uống,Referral,Unknown
ZLP007383,2023-12-18,26.0,Male,Hồ Chí Minh,1,1,1,1000000,Giải trí,Social,Android
ZLP007384,2024-03-31,23.0,Female,Hà Nội,1,1,1,1000000,Điện & Nước,Unknown,Android
ZLP007385,2024-01-31,26.0,Male,Hải Phòng,2,1,1,3000000,Thực phẩm & Ăn uống,Campaign,Android
ZLP007386,2024-03-01,29.0,Female,Hồ Chí Minh,1,1,1,3000000,Chăm sóc sức khỏe,Organic,Android
ZLP007387,2024-01-31,26.0,Female,Hồ Chí Minh,1,0,1,1000000,Viễn thông,Organic,Android
ZLP007388,2024-06-29,29.0,Female,An Giang,3,1,1,500000,Điện tử,Campaign,iOS
ZLP007389,2023-12-02,30.0,Female,Hồ Chí Minh,1,1,1,3000000,Thực phẩm & Ăn uống,Organic,Unknown
ZLP007390,2024-04-30,32.0,Female,Cần Thơ,2,1,1,3000000,Điện & Nước,Campaign,iOS
ZLP007391,2024-11-26,35.0,Female,Hồ Chí Minh,1,1,1,1000000,Thực phẩm & Ăn uống,Unknown,Android
ZLP007392,2023-12-18,28.0,Female,Cần Thơ,2,0,1,2000000,Chăm sóc sức khỏe,Unknown,iOS
ZLP007393,2024-06-29,20.0,Male,Hà Nội,1,1,1,1000000,Điện & Nước,Organic,Android
ZLP007394,2023-11-02,25.0,Female,Hồ Chí Minh,1,1,1,1000000,Thực phẩm & Ăn uống,Campaign,Android
ZLP007395,2023-12-02,28.0,Female,Đà Nẵng,2,1,1,1000000,Điện tử,Social,iOS
ZLP007396,2024-09-27,18.0,Female,Bình Dương,3,1,1,2000000,Điện tử,Campaign,Android
ZLP007397,2023-01-01,36.0,Male,Bình Dương,3,1,0,3000000,Thực phẩm & Ăn uống,Campaign,Android
ZLP007398,2023-11-02,28.0,Female,Cần Thơ,2,0,1,2000000,Thực phẩm & Ăn uống,Referral,Unknown
ZLP007399,2024-01-15,30.0,Female,Đà Nẵng,2,1,1,1000000,Chăm sóc sức khỏe,Referral,Android
ZLP007400,2023-12-18,36.0,Male,Đà Nẵng,2,1,1,3000000,Viễn thông,Organic,Android
ZLP007401,2024-03-01,24.0,Female,Cần Thơ,2,1,1,500000,Giải trí,Organic,iOS
ZLP007402,2023-10-03,31.0,Female,Bình Dương,3,1,1,3000000,Thực phẩm & Ăn uống,Campaign,iOS
ZLP007403,2023-04-06,27.0,Female,Cần Thơ,2,1,1,3000000,Viễn thông,Campaign,Android
ZLP007404,2023-12-18,26.0,Other,Đà Nẵng,2,1,0,1000000,Điện & Nước,Campaign,iOS
ZLP007405,2024-01-15,23.0,Male,Hồ Chí Minh,1,1,1,1000000,Điện & Nước,Campaign,Android
ZLP007406,2024-01-31,37.0,Female,Hồ Chí Minh,1,1,1,3000000,Điện tử,Organic,Android
ZLP007407,2024-03-01,25.0,Female,Hồ Chí Minh,1,1,1,2000000,Thời trang,Campaign,Unknown
ZLP007408,2024-01-31,32.0,Female,An Giang,3,1,1,500000,Viễn thông,Social,iOS
ZLP007409,2023-11-02,18.0,Female,Bình Dương,3,1,1,3000000,Du lịch & Vận chuyển,Campaign,iOS
ZLP007410,2024-05-30,35.0,Female,Đà Nẵng,2,1,1,1000000,Chăm sóc sức khỏe,Social,iOS
ZLP007411,2023-07-05,34.0,Male,Hồ Chí Minh,1,1,1,1000000,Viễn thông,Unknown,Android
ZLP007412,2023-11-02,28.0,Male,Hồ Chí Minh,1,1,1,2000000,Thực phẩm & Ăn uống,Unknown,iOS
ZLP007413,2024-05-30,26.0,Male,An Giang,3,1,0,2000000,Viễn thông,Unknown,iOS
ZLP007414,2023-12-02,30.0,Female,An Giang,3,1,1,1000000,Thời trang,Campaign,Android
ZLP007415,2024-01-15,41.0,Female,Hồ Chí Minh,1,1,1,1000000,Điện tử,Unknown,iOS
ZLP007416,2023-12-02,18.0,Male,Đồng Nai,3,1,1,2000000,Thực phẩm & Ăn uống,Social,Android
ZLP007417,2024-01-15,32.0,Male,Hà Nội,1,1,1,2000000,Điện tử,Campaign,Android
ZLP007418,2023-12-02,22.0,Male,Hà Nội,1,1,1,3000000,Giải trí,Organic,Android
ZLP007419,2024-11-26,27.0,Female,Bình Dương,3,1,1,2000000,Thời trang,Campaign,Android
ZLP007420,2023-12-18,26.0,Female,Cần Thơ,2,1,1,2000000,Thời trang,Organic,Android
ZLP007421,2024-03-01,25.0,Female,Đồng Nai,3,1,1,500000,Thực phẩm & Ăn uống,Social,Android
ZLP007422,2024-08-28,27.0,Female,Hồ Chí Minh,1,0,0,3000000,Điện & Nước,Campaign,iOS
ZLP007423,2024-03-31,21.0,Female,Hà Nội,1,0,1,1000000,Giải trí,Unknown,iOS
ZLP007424,2024-01-31,34.0,Male,Hà Nội,1,1,1,2000000,Chăm sóc sức khỏe,Organic,Android
ZLP007425,2024-01-31,18.0,Female,Hà Nội,1,1,1,5000000,Điện tử,Campaign,iOS
ZLP007426,2024-01-15,31.0,Female,Đà Nẵng,2,1,1,3000000,Điện & Nước,Campaign,iOS
ZLP007427,2024-06-29,26.0,Female,Hà Nội,1,1,1,2000000,Điện tử,Referral,iOS
ZLP007428,2023-04-06,20.0,Female,Hà Nội,1,1,1,3000000,Điện tử,Social,Android
ZLP007429,2024-08-28,29.0,Female,Hà Nội,1,0,1,5000000,Thời trang,Unknown,Unknown
ZLP007430,2024-03-01,18.0,Female,Bình Dương,3,1,1,3000000,Thời trang,Campaign,Unknown
ZLP007431,2024-07-29,28.0,Female,Cần Thơ,2,1,0,2000000,Du lịch & Vận chuyển,Social,Android
ZLP007432,2023-01-01,19.0,Other,Hồ Chí Minh,2,1,1,2000000,Điện & Nước,Campaign,Unknown
ZLP007433,2024-07-29,30.0,Female,Hồ Chí Minh,1,1,1,1000000,Điện & Nước,Campaign,Android
ZLP007434,2023-07-05,22.0,Male,Hà Nội,1,1,1,2000000,Du lịch & Vận chuyển,Referral,Android
ZLP007435,2024-04-30,25.0,Male,Hồ Chí Minh,1,1,1,1000000,Điện & Nước,Campaign,iOS
ZLP007436,2023-12-18,29.0,Female,Hồ Chí Minh,1,0,1,2000000,Du lịch & Vận chuyển,Campaign,Android
ZLP007437,2024-03-31,23.0,Male,Hồ Chí Minh,1,1,1,2000000,Điện & Nước,Organic,Android
ZLP007438,2024-03-01,27.0,Male,Hồ Chí Minh,1,1,1,1000000,Chăm sóc sức khỏe,Referral,Android
ZLP007439,2023-10-03,27.0,Male,Cần Thơ,2,1,1,500000,Du lịch & Vận chuyển,Unknown,Android
ZLP007440,2024-01-15,31.0,Female,Thanh Hóa,3,1,1,2000000,Thời trang,Organic,iOS
ZLP007441,2023-12-02,38.0,Female,Hồ Chí Minh,1,1,1,1000000,Thời trang,Organic,iOS
ZLP007442,2024-01-31,44.0,Male,Đồng Nai,3,1,1,2000000,Điện & Nước,Referral,Android
ZLP007443,2024-05-30,28.0,Female,Hồ Chí Minh,1,1,1,5000000,Viễn thông,Organic,Android
ZLP007444,2023-07-05,32.0,Female,Cần Thơ,2,1,1,3000000,Du lịch & Vận chuyển,Unknown,iOS
ZLP007445,2024-01-15,18.0,Male,Cần Thơ,2,1,1,1000000,Chăm sóc sức khỏe,Referral,Android
ZLP007446,2024-03-01,37.0,Male,An Giang,3,1,1,1000000,Điện & Nước,Campaign,iOS
ZLP007447,2023-12-02,32.0,Female,Hồ Chí Minh,1,1,1,2000000,Chăm sóc sức khỏe,Referral,Android
ZLP007448,2024-09-27,25.0,Female,Hà Nội,1,1,1,2000000,Thực phẩm & Ăn uống,Organic,Unknown
ZLP007449,2024-01-15,35.0,Male,Hồ Chí Minh,1,1,1,2000000,Thời trang,Social,iOS
ZLP007450,2023-10-03,26.0,Female,Hà Nội,1,1,1,1000000,Điện & Nước,Organic,iOS
ZLP007451,2023-07-05,25.0,Male,An Giang,3,1,1,500000,Thực phẩm & Ăn uống,Organic,iOS
ZLP007452,2024-01-31,30.0,Female,Đồng Nai,3,1,1,1000000,Thực phẩm & Ăn uống,Referral,iOS
ZLP007453,2023-12-18,21.0,Male,Bình Dương,3,0,1,2000000,Điện tử,Campaign,Android
ZLP007454,2023-10-03,34.0,Male,Đà Nẵng,2,1,1,3000000,Điện tử,Campaign,Android
ZLP007455,2023-04-06,21.0,Female,Hải Phòng,2,1,1,3000000,Thời trang,Unknown,iOS
ZLP007456,2024-01-31,21.0,Female,Hà Nội,1,0,1,2000000,Điện & Nước,Social,iOS
ZLP007457,2024-03-01,22.0,Male,Hồ Chí Minh,1,1,1,3000000,Điện & Nước,Campaign,Android
ZLP007458,2023-10-03,32.0,Male,Hải Phòng,2,1,1,5000000,Điện & Nước,Unknown,Android
ZLP007459,2024-03-01,24.0,Female,Hồ Chí Minh,1,1,1,3000000,Du lịch & Vận chuyển,Campaign,Android
ZLP007460,2024-09-27,19.0,Female,Hồ Chí Minh,1,1,1,3000000,Du lịch & Vận chuyển,Campaign,iOS
ZLP007461,2024-11-26,24.0,Male,Hồ Chí Minh,1,1,1,5000000,Chăm sóc sức khỏe,Referral,iOS
ZLP007462,2024-08-28,27.0,Female,Cần Thơ,2,1,1,1000000,Điện & Nước,Organic,Android
ZLP007463,2024-06-29,20.0,Male,Cần Thơ,2,1,1,500000,Chăm sóc sức khỏe,Referral,iOS
ZLP007464,2023-11-02,21.0,Female,Hồ Chí Minh,1,1,1,5000000,Viễn thông,Campaign,iOS
ZLP007465,2023-10-03,40.0,Male,Bình Dương,3,1,1,2000000,Thời trang,Social,iOS
ZLP007466,2024-01-01,22.0,Male,Đồng Nai,3,0,1,3000000,Điện tử,Campaign,Android
ZLP007467,2024-03-01,26.0,Male,An Giang,3,1,1,3000000,Điện & Nước,Organic,iOS
ZLP007468,2024-07-29,25.0,Female,Đà Nẵng,2,1,1,2000000,Thời trang,Campaign,Android
ZLP007469,2023-11-02,25.0,Male,Đồng Nai,3,1,1,2000000,Viễn thông,Referral,iOS
ZLP007470,2024-01-15,31.0,Male,Bình Dương,3,1,1,2000000,Thực phẩm & Ăn uống,Unknown,Android
ZLP007471,2024-03-31,33.0,Male,Hồ Chí Minh,1,1,1,1000000,Thực phẩm & Ăn uống,Organic,Android
ZLP007472,2024-01-01,26.0,Female,Hà Nội,1,0,0,1000000,Điện tử,Campaign,Android
ZLP007473,2024-01-01,20.0,Female,Hà Nội,1,0,1,2000000,Thực phẩm & Ăn uống,Organic,Android
ZLP007474,2023-11-02,35.0,Male,Hồ Chí Minh,1,1,1,1000000,Viễn thông,Referral,Unknown
ZLP007475,2024-11-26,27.0,Female,Hà Nội,1,0,1,1000000,Du lịch & Vận chuyển,Social,Android
ZLP007476,2024-01-01,38.0,Male,Hà Nội,1,0,1,1000000,Giải trí,Organic,Unknown
ZLP007477,2024-01-31,18.0,Male,Hồ Chí Minh,1,1,1,3000000,Chăm sóc sức khỏe,Campaign,Android
ZLP007478,2023-11-02,29.0,Female,Hồ Chí Minh,1,1,1,3000000,Thời trang,Campaign,iOS
ZLP007479,2024-01-15,39.0,Female,Hà Nội,1,1,1,2000000,Du lịch & Vận chuyển,Campaign,iOS
ZLP007480,2023-11-02,25.0,Male,Bình Dương,3,1,1,2000000,Thời trang,Campaign,Android
ZLP007481,2023-11-02,26.0,Male,Hải Phòng,2,1,1,5000000,Điện & Nước,Referral,iOS
ZLP007482,2023-12-02,29.0,Female,Đà Nẵng,2,1,1,500000,Điện & Nước,Unknown,Android
ZLP007483,2023-01-01,24.0,Female,Hà Nội,1,1,1,1000000,Điện tử,Unknown,iOS
ZLP007484,2024-01-31,26.0,Other,Hà Nội,1,1,1,1000000,Điện tử,Campaign,iOS
ZLP007485,2023-12-18,25.0,Female,Hồ Chí Minh,1,1,1,1000000,Du lịch & Vận chuyển,Organic,Android
ZLP007486,2024-08-28,24.0,Male,Hồ Chí Minh,1,1,1,1000000,Chăm sóc sức khỏe,Unknown,iOS
ZLP007487,2023-04-06,35.0,Female,Đồng Nai,3,1,1,1000000,Thời trang,Organic,Android
ZLP007488,2023-04-06,30.0,Female,Hà Nội,1,1,0,1000000,Viễn thông,Social,iOS
ZLP007489,2024-08-28,29.0,Female,Đồng Nai,3,1,1,2000000,Thời trang,Campaign,Android
ZLP007490,2023-10-03,32.0,Female,Bình Dương,3,1,1,2000000,Thực phẩm & Ăn uống,Unknown,iOS
ZLP007491,2023-01-01,26.0,Female,Hồ Chí Minh,1,1,1,2000000,Viễn thông,Campaign,iOS
ZLP007492,2023-10-03,23.0,Female,Đà Nẵng,2,1,1,2000000,Chăm sóc sức khỏe,Unknown,iOS
ZLP007493,2024-06-29,24.0,Female,Hà Nội,1,1,1,1000000,Điện & Nước,Campaign,iOS
ZLP007494,2024-06-29,28.0,Female,Hà Nội,1,0,1,3000000,Thời trang,Referral,Android
ZLP007495,2023-12-02,21.0,Male,Đà Nẵng,2,1,1,2000000,Thời trang,Referral,Android
ZLP007496,2024-03-31,24.0,Male,Thanh Hóa,3,1,1,1000000,Viễn thông,Unknown,Android
ZLP007497,2024-01-15,24.0,Male,Đồng Nai,3,1,1,1000000,Thực phẩm & Ăn uống,Referral,iOS
ZLP007498,2024-08-28,40.0,Male,An Giang,3,1,1,3000000,Điện & Nước,Organic,iOS
ZLP007499,2023-04-06,18.0,Female,Hồ Chí Minh,1,1,1,3000000,Điện & Nước,Organic,Android
ZLP007500,2024-06-29,26.0,Female,Hồ Chí Minh,1,1,1,2000000,Điện & Nước,Social,Android
ZLP007501,2023-10-03,38.0,Male,Hồ Chí Minh,1,1,1,1000000,Điện & Nước,Social,iOS
ZLP007502,2023-12-18,28.0,Female,Hồ Chí Minh,1,1,0,2000000,Chăm sóc sức khỏe,Unknown,iOS
ZLP007503,2023-10-03,32.0,Male,Hà Nội,1,1,1,2000000,Thực phẩm & Ăn uống,Campaign,iOS
ZLP007504,2024-04-30,28.0,Male,Cần Thơ,2,1,1,3000000,Điện & Nước,Social,Android
ZLP007505,2024-03-31,23.0,Female,Đà Nẵng,2,1,1,2000000,Du lịch & Vận chuyển,Organic,iOS
ZLP007506,2024-01-31,18.0,Female,An Giang,3,1,1,1000000,Thời trang,Campaign,Android
ZLP007507,2024-04-30,29.0,Male,Nghệ An,3,1,1,500000,Điện & Nước,Unknown,Android
ZLP007508,2024-03-31,23.0,Female,Hồ Chí Minh,1,0,0,1000000,Điện tử,Organic,Android
ZLP007509,2024-05-30,27.0,Male,Hải Phòng,2,1,1,2000000,Thực phẩm & Ăn uống,Referral,iOS
ZLP007510,2023-11-02,25.0,Other,Hà Nội,1,1,1,1000000,Thời trang,Organic,Android
ZLP007511,2024-01-01,38.0,Male,Hà Nội,1,1,1,2000000,Thời trang,Campaign,Android
ZLP007512,2023-10-03,42.0,Male,Đồng Nai,3,1,0,2000000,Điện & Nước,Campaign,iOS
ZLP007513,2024-01-01,29.0,Female,Hồ Chí Minh,1,1,1,1000000,Giải trí,Referral,Android
ZLP007514,2024-04-30,25.0,Female,Hải Phòng,2,0,1,2000000,Viễn thông,Organic,iOS
ZLP007515,2024-04-30,20.0,Male,Cần Thơ,2,1,1,2000000,Thời trang,Campaign,iOS
ZLP007516,2024-04-30,30.0,Female,Hải Phòng,2,1,1,2000000,Chăm sóc sức khỏe,Organic,Android
ZLP007517,2023-12-02,38.0,Male,Thanh Hóa,3,1,1,3000000,Thực phẩm & Ăn uống,Organic,Android
ZLP007518,2024-03-31,26.0,Female,Đà Nẵng,2,1,1,2000000,Thời trang,Referral,Android
ZLP007519,2023-12-18,18.0,Female,Hồ Chí Minh,1,1,1,1000000,Giải trí,Organic,Android
ZLP007520,2024-09-27,32.0,Female,Hồ Chí Minh,1,1,1,3000000,Chăm sóc sức khỏe,Organic,Android
ZLP007521,2023-12-02,33.0,Female,Hà Nội,1,0,1,3000000,Chăm sóc sức khỏe,Social,iOS
ZLP007522,2024-03-01,18.0,Male,Hồ Chí Minh,1,1,1,3000000,Thực phẩm & Ăn uống,Organic,Android
ZLP007523,2024-05-30,29.0,Female,Đồng Nai,3,0,1,2000000,Thực phẩm & Ăn uống,Unknown,Android
ZLP007524,2024-08-28,30.0,Other,Hà Nội,1,1,1,1000000,Thực phẩm & Ăn uống,Referral,iOS
ZLP007525,2024-01-01,27.0,Female,Thanh Hóa,3,1,0,1000000,Điện tử,Organic,Android
ZLP007526,2023-12-18,23.0,Male,Bình Dương,3,1,1,2000000,Điện & Nước,Campaign,Android
ZLP007527,2024-01-01,34.0,Female,Hồ Chí Minh,1,1,1,1000000,Chăm sóc sức khỏe,Unknown,iOS
ZLP007528,2023-12-02,25.0,Female,Hà Nội,1,0,1,3000000,Điện & Nước,Referral,iOS
ZLP007529,2024-03-31,19.0,Female,Hà Nội,1,1,1,1000000,Điện & Nước,Referral,iOS
ZLP007530,2024-09-27,18.0,Female,Hồ Chí Minh,1,1,1,2000000,Thực phẩm & Ăn uống,Referral,iOS
ZLP007531,2023-10-03,27.0,Male,Đà Nẵng,2,0,1,2000000,Viễn thông,Campaign,Android
ZLP007532,2024-01-31,31.0,Female,Hồ Chí Minh,1,1,1,2000000,Thực phẩm & Ăn uống,Organic,iOS
ZLP007533,2024-08-28,28.0,Female,Bình Dương,3,1,1,3000000,Thực phẩm & Ăn uống,Organic,Android
ZLP007534,2023-07-05,25.0,Male,Hà Nội,1,1,1,2000000,Viễn thông,Referral,Android
ZLP007535,2024-01-15,24.0,Female,Đồng Nai,3,1,1,1000000,Thực phẩm & Ăn uống,Social,Android
ZLP007536,2024-07-29,21.0,Female,Đồng Nai,3,1,0,500000,Thực phẩm & Ăn uống,Campaign,Android
ZLP007537,2024-08-28,25.0,Female,Hồ Chí Minh,1,1,1,3000000,Thực phẩm & Ăn uống,Campaign,Android
ZLP007538,2024-01-15,18.0,Male,Hồ Chí Minh,1,1,1,3000000,Chăm sóc sức khỏe,Unknown,Android
ZLP007539,2023-01-01,23.0,Female,Bình Dương,3,1,1,1000000,Viễn thông,Unknown,Android
ZLP007540,2023-07-05,26.0,Female,Thanh Hóa,3,1,1,1000000,Viễn thông,Campaign,iOS
ZLP007541,2024-03-01,31.0,Female,Hà Nội,1,1,1,1000000,Thực phẩm & Ăn uống,Campaign,iOS
ZLP007542,2023-10-03,27.0,Female,Hồ Chí Minh,1,1,1,5000000,Điện & Nước,Organic,iOS
ZLP007543,2023-10-03,32.0,Female,Hồ Chí Minh,1,1,1,1000000,Điện & Nước,Unknown,Android
ZLP007544,2024-05-30,27.0,Male,Hà Nội,1,1,1,1000000,Chăm sóc sức khỏe,Organic,Android
ZLP007545,2024-05-30,34.0,Female,Hà Nội,1,1,1,1000000,Thực phẩm & Ăn uống,Unknown,Android
ZLP007546,2024-07-29,30.0,Female,Hà Nội,1,1,1,3000000,Điện & Nước,Referral,iOS
ZLP007547,2023-07-05,28.0,Male,Cần Thơ,2,0,1,3000000,Thực phẩm & Ăn uống,Social,Android
ZLP007548,2023-11-02,22.0,Female,Hồ Chí Minh,1,1,1,2000000,Thực phẩm & Ăn uống,Social,iOS
ZLP007549,2024-06-29,32.0,Female,Hồ Chí Minh,1,1,1,1000000,Viễn thông,Unknown,Android
ZLP007550,2024-04-30,38.0,Female,Hà Nội,1,1,1,2000000,Thực phẩm & Ăn uống,Social,iOS
ZLP007551,2024-06-29,30.0,Male,Hải Phòng,2,0,1,1000000,Viễn thông,Organic,iOS
ZLP007552,2024-11-26,39.0,Male,Hà Nội,1,1,1,500000,Thực phẩm & Ăn uống,Organic,iOS
ZLP007553,2024-07-29,18.0,Female,Nghệ An,3,1,1,3000000,Thực phẩm & Ăn uống,Organic,Android
ZLP007554,2024-01-15,21.0,Male,Đà Nẵng,2,1,1,3000000,Thời trang,Campaign,iOS
ZLP007555,2023-12-02,27.0,Male,Hồ Chí Minh,1,1,1,5000000,Giải trí,Organic,iOS
ZLP007556,2024-01-31,29.0,Female,Hồ Chí Minh,1,0,1,2000000,Viễn thông,Referral,iOS
ZLP007557,2024-03-31,35.0,Male,Bình Dương,3,1,1,1000000,Thực phẩm & Ăn uống,Referral,Android
ZLP007558,2023-12-02,27.0,Female,Đà Nẵng,2,1,1,3000000,Thời trang,Organic,iOS
ZLP007559,2024-05-30,27.0,Female,Cần Thơ,2,1,1,1000000,Thời trang,Unknown,Android
ZLP007560,2023-07-05,26.0,Female,Bình Dương,3,1,1,1000000,Điện tử,Organic,iOS
ZLP007561,2024-05-30,27.0,Female,Hồ Chí Minh,3,1,1,1000000,Viễn thông,Campaign,iOS
ZLP007562,2023-04-06,21.0,Male,Hồ Chí Minh,1,1,1,5000000,Thời trang,Organic,Android
ZLP007563,2024-01-15,33.0,Male,Đồng Nai,3,1,1,3000000,Viễn thông,Unknown,iOS
ZLP007564,2024-07-29,33.0,Female,Đà Nẵng,2,1,1,1000000,Điện & Nước,Unknown,iOS
ZLP007565,2023-07-05,27.0,Male,Hà Nội,1,1,1,500000,Chăm sóc sức khỏe,Organic,iOS
ZLP007566,2024-01-15,18.0,Female,Đà Nẵng,2,1,1,3000000,Thực phẩm & Ăn uống,Unknown,Android
ZLP007567,2023-10-03,25.0,Female,Cần Thơ,2,1,1,3000000,Thực phẩm & Ăn uống,Campaign,Android
ZLP007568,2024-08-28,20.0,Male,Hồ Chí Minh,1,1,1,2000000,Du lịch & Vận chuyển,Campaign,iOS
ZLP007569,2024-06-29,35.0,Female,Hà Nội,1,1,1,1000000,Điện tử,Unknown,Android
ZLP007570,2024-09-27,24.0,Male,Hà Nội,1,1,1,2000000,Điện tử,Referral,iOS
ZLP007571,2024-07-29,21.0,Male,Hà Nội,1,1,1,2000000,Viễn thông,Campaign,Android
ZLP007572,2024-05-30,28.0,Female,Hồ Chí Minh,1,1,1,5000000,Viễn thông,Organic,iOS
ZLP007573,2023-10-03,24.0,Female,Hồ Chí Minh,1,1,1,1000000,Thực phẩm & Ăn uống,Campaign,Android
ZLP007574,2023-12-02,36.0,Female,Hồ Chí Minh,1,1,1,2000000,Điện tử,Campaign,Android
ZLP007575,2024-01-15,23.0,Male,Hà Nội,1,1,1,1000000,Thực phẩm & Ăn uống,Campaign,iOS
ZLP007576,2024-03-01,19.0,Male,An Giang,3,1,1,2000000,Điện & Nước,Social,Android
ZLP007577,2024-05-30,18.0,Male,Hồ Chí Minh,1,1,1,1000000,Điện tử,Organic,Android
ZLP007578,2023-11-02,27.0,Male,Hà Nội,1,1,1,3000000,Chăm sóc sức khỏe,Unknown,iOS
ZLP007579,2023-10-03,24.0,Male,Hà Nội,1,1,1,1000000,Giải trí,Unknown,Android
ZLP007580,2024-01-15,19.0,Female,Đồng Nai,3,0,0,2000000,Thực phẩm & Ăn uống,Organic,Android
ZLP007581,2023-10-03,35.0,Female,Hồ Chí Minh,1,1,1,2000000,Viễn thông,Campaign,Android
ZLP007582,2024-04-30,32.0,Male,Hồ Chí Minh,1,1,1,3000000,Du lịch & Vận chuyển,Referral,Unknown
ZLP007583,2024-01-31,27.0,Male,Hồ Chí Minh,1,1,1,3000000,Điện tử,Campaign,iOS
ZLP007584,2024-05-30,27.0,Female,Thanh Hóa,3,1,1,500000,Điện & Nước,Campaign,Android
ZLP007585,2023-04-06,31.0,Female,Đà Nẵng,2,1,1,500000,Thời trang,Campaign,iOS
ZLP007586,2024-11-26,23.0,Female,Hồ Chí Minh,1,1,1,2000000,Điện & Nước,Referral,Android
ZLP007587,2023-01-01,21.0,Male,Hồ Chí Minh,1,1,1,2000000,Viễn thông,Campaign,Android
ZLP007588,2023-12-02,32.0,Male,Hồ Chí Minh,1,1,1,1000000,Điện & Nước,Campaign,iOS
ZLP007589,2024-03-31,30.0,Female,Hồ Chí Minh,1,1,1,3000000,Viễn thông,Campaign,Android
ZLP007590,2023-04-06,29.0,Female,Đồng Nai,3,0,1,1000000,Thực phẩm & Ăn uống,Unknown,Android
ZLP007591,2023-07-05,22.0,Female,Hà Nội,1,1,1,5000000,Viễn thông,Unknown,Android
ZLP007592,2023-07-05,31.0,Female,Cần Thơ,2,1,1,500000,Điện & Nước,Organic,Unknown
ZLP007593,2024-01-31,23.0,Male,Hà Nội,1,0,1,1000000,Thực phẩm & Ăn uống,Campaign,iOS
ZLP007594,2024-08-28,27.0,Female,Đà Nẵng,2,1,1,1000000,Điện tử,Unknown,Android
ZLP007595,2024-01-31,36.0,Female,Hồ Chí Minh,1,1,1,2000000,Điện & Nước,Referral,Android
ZLP007596,2024-03-01,24.0,Male,Hà Nội,1,1,1,1000000,Du lịch & Vận chuyển,Campaign,Android
ZLP007597,2023-12-02,18.0,Female,Cần Thơ,2,1,1,3000000,Điện tử,Referral,Android
ZLP007598,2023-01-01,21.0,Male,Hồ Chí Minh,1,1,1,1000000,Thực phẩm & Ăn uống,Social,iOS
ZLP007599,2023-01-01,33.0,Male,Cần Thơ,2,1,1,500000,Thực phẩm & Ăn uống,Organic,iOS
ZLP007600,2024-08-28,29.0,Male,Hải Phòng,2,1,1,3000000,Thực phẩm & Ăn uống,Social,Unknown
ZLP007601,2023-07-05,27.0,Male,Hồ Chí Minh,1,1,1,5000000,Thực phẩm & Ăn uống,Referral,Android
ZLP007602,2024-11-26,24.0,Male,An Giang,3,1,1,2000000,Điện & Nước,Social,iOS
ZLP007603,2023-10-03,30.0,Female,Hồ Chí Minh,1,1,1,3000000,Điện & Nước,Unknown,Android
ZLP007604,2024-03-31,22.0,Female,Hà Nội,1,1,1,1000000,Viễn thông,Campaign,Android
ZLP007605,2024-09-27,29.0,Male,Cần Thơ,2,1,1,1000000,Điện tử,Campaign,iOS
ZLP007606,2023-12-18,23.0,Male,Đà Nẵng,2,1,1,1000000,Viễn thông,Organic,Android
ZLP007607,2024-04-30,22.0,Other,Hồ Chí Minh,1,1,1,5000000,Chăm sóc sức khỏe,Campaign,Android
ZLP007608,2023-12-02,24.0,Male,Đồng Nai,3,1,1,2000000,Thực phẩm & Ăn uống,Campaign,Android
ZLP007609,2023-12-02,25.0,Male,Thanh Hóa,3,1,1,500000,Thời trang,Social,iOS
ZLP007610,2023-11-02,27.0,Male,Hồ Chí Minh,1,1,1,2000000,Thực phẩm & Ăn uống,Organic,Android
ZLP007611,2024-06-29,29.0,Female,An Giang,3,1,1,500000,Thực phẩm & Ăn uống,Organic,Android
ZLP007612,2023-11-02,18.0,Male,Đà Nẵng,2,1,1,1000000,Viễn thông,Referral,iOS
ZLP007613,2023-12-02,23.0,Female,Nghệ An,3,1,1,2000000,Thực phẩm & Ăn uống,Unknown,iOS
ZLP007614,2024-11-26,25.0,Male,Hồ Chí Minh,1,0,1,1000000,Điện & Nước,Referral,iOS
ZLP007615,2023-12-02,37.0,Male,Đồng Nai,3,1,1,500000,Thực phẩm & Ăn uống,Organic,Android
ZLP007616,2023-12-18,21.0,Male,Hồ Chí Minh,1,1,1,1000000,Thực phẩm & Ăn uống,Campaign,Android
ZLP007617,2024-11-26,28.0,Female,Hải Phòng,2,1,1,2000000,Điện tử,Organic,iOS
ZLP007618,2023-12-18,36.0,Female,Cần Thơ,2,1,1,2000000,Thực phẩm & Ăn uống,Unknown,Android
ZLP007619,2023-12-18,20.0,Female,Hà Nội,1,0,1,2000000,Điện tử,Unknown,Android
ZLP007620,2024-06-29,30.0,Male,Hồ Chí Minh,1,1,1,3000000,Điện & Nước,Organic,Android
ZLP007621,2023-12-02,23.0,Female,Đồng Nai,3,0,1,1000000,Điện & Nước,Referral,Android
ZLP007622,2023-11-02,24.0,Female,Cần Thơ,2,0,0,1000000,Thực phẩm & Ăn uống,Unknown,Android
ZLP007623,2023-12-18,23.0,Male,Hà Nội,1,1,1,3000000,Thực phẩm & Ăn uống,Campaign,iOS
ZLP007624,2024-04-30,23.0,Female,Hà Nội,1,1,1,1000000,Điện tử,Referral,Android
ZLP007625,2023-04-06,44.0,Male,Đồng Nai,3,1,1,2000000,Viễn thông,Organic,Android
ZLP007626,2023-12-18,33.0,Male,Hà Nội,1,1,1,5000000,Điện & Nước,Organic,Android
ZLP007627,2023-12-02,34.0,Male,Hồ Chí Minh,1,1,1,2000000,Điện tử,Unknown,Unknown
ZLP007628,2023-11-02,30.0,Female,An Giang,3,1,1,500000,Giải trí,Referral,Android
ZLP007629,2024-03-31,18.0,Male,Hà Nội,1,1,1,5000000,Thực phẩm & Ăn uống,Social,Android
ZLP007630,2023-12-02,30.0,Female,Hà Nội,1,0,1,500000,Thời trang,Campaign,Android
ZLP007631,2024-03-01,34.0,Female,Hồ Chí Minh,1,0,1,2000000,Thời trang,Organic,Android
ZLP007632,2024-01-15,22.0,Female,Hồ Chí Minh,3,1,1,1000000,Thời trang,Campaign,Android
ZLP007633,2023-11-02,33.0,Male,Hồ Chí Minh,1,1,1,2000000,Chăm sóc sức khỏe,Social,iOS
ZLP007634,2023-11-02,32.0,Male,Cần Thơ,2,1,1,2000000,Điện tử,Organic,Android
ZLP007635,2023-10-03,39.0,Female,Hải Phòng,2,1,1,2000000,Điện tử,Unknown,iOS
ZLP007636,2023-04-06,25.0,Female,Hồ Chí Minh,1,1,1,3000000,Điện & Nước,Organic,Android
ZLP007637,2024-03-01,21.0,Female,Đồng Nai,3,1,1,5000000,Điện & Nước,Organic,iOS
ZLP007638,2024-03-31,25.0,Male,Hà Nội,1,1,1,500000,Điện tử,Organic,Android
ZLP007639,2023-10-03,36.0,Female,Cần Thơ,2,0,1,3000000,Thời trang,Social,iOS
ZLP007640,2024-03-01,18.0,Female,Hà Nội,1,1,1,1000000,Chăm sóc sức khỏe,Organic,iOS
ZLP007641,2024-11-26,18.0,Male,Bình Dương,3,1,1,500000,Điện & Nước,Social,Unknown
ZLP007642,2023-07-05,28.0,Female,Hồ Chí Minh,1,1,1,5000000,Thời trang,Campaign,iOS
ZLP007643,2024-01-15,25.0,Male,Hồ Chí Minh,1,0,1,2000000,Thực phẩm & Ăn uống,Campaign,iOS
ZLP007644,2024-04-30,28.0,Male,Nghệ An,3,1,1,1000000,Chăm sóc sức khỏe,Campaign,iOS
ZLP007645,2023-04-06,33.0,Male,Hồ Chí Minh,1,1,1,2000000,Viễn thông,Referral,iOS
ZLP007646,2024-05-30,24.0,Male,Đồng Nai,3,0,1,1000000,Thực phẩm & Ăn uống,Referral,iOS
ZLP007647,2024-11-26,18.0,Male,Hồ Chí Minh,1,1,1,2000000,Điện & Nước,Referral,Android
ZLP007648,2023-07-05,40.0,Female,Hà Nội,1,0,1,2000000,Thực phẩm & Ăn uống,Unknown,Android
ZLP007649,2024-06-29,22.0,Male,Đồng Nai,3,1,1,3000000,Du lịch & Vận chuyển,Organic,Android
ZLP007650,2023-12-18,21.0,Male,Hồ Chí Minh,1,0,1,500000,Điện tử,Campaign,Android
ZLP007651,2023-10-03,34.0,Female,Hải Phòng,2,1,1,1000000,Điện tử,Campaign,Android
ZLP007652,2024-01-15,25.0,Male,Hà Nội,1,1,1,500000,Điện & Nước,Unknown,Android
ZLP007653,2023-07-05,27.0,Male,Hà Nội,1,1,1,500000,Thực phẩm & Ăn uống,Campaign,Android
ZLP007654,2024-01-15,30.0,Female,Cần Thơ,2,1,1,5000000,Chăm sóc sức khỏe,Campaign,Android
ZLP007655,2023-01-01,34.0,Female,Hà Nội,1,1,1,5000000,Chăm sóc sức khỏe,Campaign,Android
ZLP007656,2024-04-30,25.0,Male,Hà Nội,1,1,1,3000000,Giải trí,Organic,iOS
ZLP007657,2024-01-15,37.0,Male,Bình Dương,3,1,1,2000000,Thực phẩm & Ăn uống,Campaign,iOS
ZLP007658,2024-01-01,18.0,Female,Hà Nội,1,1,1,3000000,Điện & Nước,Social,iOS
ZLP007659,2023-11-02,32.0,Male,Hồ Chí Minh,1,1,1,500000,Du lịch & Vận chuyển,Campaign,iOS
ZLP007660,2023-12-18,22.0,Female,Đồng Nai,3,1,1,1000000,Giải trí,Campaign,iOS
ZLP007661,2023-10-03,36.0,Female,Đồng Nai,3,1,1,1000000,Du lịch & Vận chuyển,Unknown,Android
ZLP007662,2024-05-30,28.0,Female,Hà Nội,1,1,1,3000000,Chăm sóc sức khỏe,Social,Android
ZLP007663,2023-11-02,23.0,Male,Đà Nẵng,2,1,0,2000000,Viễn thông,Unknown,Android
ZLP007664,2024-03-01,31.0,Male,Bình Dương,3,1,1,2000000,Điện & Nước,Organic,iOS
ZLP007665,2023-12-02,33.0,Female,Đà Nẵng,2,1,1,1000000,Điện tử,Unknown,Android
ZLP007666,2024-03-31,31.0,Male,Hà Nội,1,1,1,2000000,Điện & Nước,Organic,Android
ZLP007667,2024-01-31,21.0,Male,Thanh Hóa,3,1,1,3000000,Giải trí,Campaign,Android
ZLP007668,2023-12-18,25.0,Female,Hồ Chí Minh,1,0,1,1000000,Thực phẩm & Ăn uống,Referral,Android
ZLP007669,2024-03-31,27.0,Male,Đà Nẵng,2,1,1,2000000,Điện & Nước,Campaign,Android
ZLP007670,2023-12-18,27.0,Male,Hải Phòng,2,0,1,1000000,Điện & Nước,Campaign,iOS
ZLP007671,2024-06-29,32.0,Female,Bình Dương,3,0,0,3000000,Viễn thông,Social,iOS
ZLP007672,2024-04-30,18.0,Male,Hải Phòng,2,1,1,2000000,Điện tử,Referral,Android
ZLP007673,2024-01-31,30.0,Male,Hà Nội,1,1,1,1000000,Điện tử,Social,Android
ZLP007674,2024-07-29,26.0,Male,Hồ Chí Minh,1,1,1,2000000,Viễn thông,Unknown,Android
ZLP007675,2024-06-29,22.0,Female,Hải Phòng,2,1,1,500000,Thời trang,Referral,Android
ZLP007676,2024-01-31,23.0,Male,Hà Nội,1,1,1,3000000,Điện & Nước,Campaign,Android
ZLP007677,2023-04-06,26.0,Female,Bình Dương,3,1,1,5000000,Điện & Nước,Organic,iOS
ZLP007678,2024-01-31,18.0,Female,Hồ Chí Minh,1,1,1,2000000,Thời trang,Organic,iOS
ZLP007679,2023-12-02,23.0,Female,Bình Dương,3,1,0,1000000,Điện tử,Campaign,Android
ZLP007680,2024-01-31,22.0,Male,Đà Nẵng,2,1,1,2000000,Du lịch & Vận chuyển,Referral,iOS
ZLP007681,2024-03-31,31.0,Female,Hồ Chí Minh,1,1,1,2000000,Thực phẩm & Ăn uống,Organic,Android
ZLP007682,2024-03-31,23.0,Male,Hà Nội,1,1,1,1000000,Điện & Nước,Unknown,iOS
ZLP007683,2024-03-31,26.0,Female,Bình Dương,3,1,1,500000,Du lịch & Vận chuyển,Referral,iOS
ZLP007684,2024-03-31,37.0,Male,Hồ Chí Minh,1,1,1,3000000,Thực phẩm & Ăn uống,Campaign,Android
ZLP007685,2023-07-05,33.0,Male,Cần Thơ,2,1,1,3000000,Thực phẩm & Ăn uống,Campaign,Android
ZLP007686,2023-10-03,33.0,Female,Đà Nẵng,2,1,1,3000000,Chăm sóc sức khỏe,Organic,Android
ZLP007687,2024-03-01,25.0,Male,Hồ Chí Minh,1,1,0,2000000,Thời trang,Organic,iOS
ZLP007688,2023-12-18,31.0,Male,Bình Dương,3,1,1,3000000,Viễn thông,Organic,Android
ZLP007689,2024-05-30,26.0,Male,Hà Nội,1,1,1,2000000,Thời trang,Social,Android
ZLP007690,2023-10-03,26.0,Female,Hồ Chí Minh,1,0,1,1000000,Thời trang,Campaign,Android
ZLP007691,2023-10-03,30.0,Male,Hà Nội,1,1,1,3000000,Du lịch & Vận chuyển,Organic,Android
ZLP007692,2024-01-31,24.0,Male,Cần Thơ,2,1,1,5000000,Viễn thông,Organic,iOS
ZLP007693,2024-01-15,36.0,Male,An Giang,3,1,1,3000000,Thời trang,Campaign,iOS
ZLP007694,2023-11-02,27.0,Female,Hồ Chí Minh,1,1,1,3000000,Du lịch & Vận chuyển,Referral,Android
ZLP007695,2023-12-18,31.0,Male,Hà Nội,1,0,1,3000000,Điện & Nước,Unknown,Android
ZLP007696,2023-04-06,36.0,Male,Hồ Chí Minh,1,1,1,2000000,Viễn thông,Organic,Android
ZLP007697,2023-04-06,34.0,Male,Bình Dương,3,1,1,3000000,Thực phẩm & Ăn uống,Unknown,Android
ZLP007698,2023-07-05,19.0,Male,Hà Nội,1,1,1,2000000,Điện tử,Campaign,Android
ZLP007699,2024-01-31,30.0,Female,Bình Dương,3,1,1,1000000,Chăm sóc sức khỏe,Campaign,iOS
ZLP007700,2024-07-29,33.0,Female,Hà Nội,1,1,1,3000000,Viễn thông,Campaign,iOS
ZLP007701,2023-11-02,33.0,Female,Hải Phòng,2,1,1,5000000,Viễn thông,Organic,Android
ZLP007702,2023-04-06,21.0,Male,Đà Nẵng,2,1,1,1000000,Chăm sóc sức khỏe,Campaign,iOS
ZLP007703,2024-04-30,24.0,Female,Nghệ An,3,1,1,3000000,Điện & Nước,Unknown,iOS
ZLP007704,2024-07-29,33.0,Male,Hồ Chí Minh,1,1,1,1000000,Viễn thông,Campaign,Android
ZLP007705,2023-10-03,23.0,Other,Đà Nẵng,2,0,0,5000000,Điện tử,Social,Android
ZLP007706,2023-12-18,26.0,Male,Đồng Nai,3,1,0,2000000,Điện & Nước,Unknown,Android
ZLP007707,2023-10-03,37.0,Female,Cần Thơ,2,1,1,2000000,Chăm sóc sức khỏe,Unknown,Android
ZLP007708,2023-07-05,27.0,Male,Hồ Chí Minh,1,1,1,3000000,Thực phẩm & Ăn uống,Referral,iOS
ZLP007709,2024-03-31,23.0,Male,Thanh Hóa,3,0,1,3000000,Thực phẩm & Ăn uống,Unknown,iOS
ZLP007710,2024-11-26,22.0,Female,Hà Nội,1,1,1,3000000,Điện & Nước,Organic,Android
ZLP007711,2024-03-31,29.0,Female,Hồ Chí Minh,1,1,1,5000000,Điện tử,Unknown,Android
ZLP007712,2024-11-26,20.0,Other,Hà Nội,1,1,1,500000,Du lịch & Vận chuyển,Campaign,Android
ZLP007713,2024-01-01,26.0,Female,Đà Nẵng,2,1,1,1000000,Điện tử,Organic,Android
ZLP007714,2024-08-28,29.0,Male,Đồng Nai,3,1,1,3000000,Viễn thông,Social,Android
ZLP007715,2023-11-02,35.0,Male,Hà Nội,1,1,1,5000000,Điện tử,Unknown,iOS
ZLP007716,2023-07-05,32.0,Other,Hà Nội,1,0,1,1000000,Thực phẩm & Ăn uống,Social,Android
ZLP007717,2024-04-30,23.0,Female,Đà Nẵng,2,1,1,500000,Chăm sóc sức khỏe,Referral,iOS
ZLP007718,2023-12-18,35.0,Female,Hà Nội,1,1,1,1000000,Thực phẩm & Ăn uống,Organic,iOS
ZLP007719,2023-12-02,26.0,Male,An Giang,3,1,1,2000000,Viễn thông,Organic,iOS
ZLP007720,2024-03-31,20.0,Female,Hải Phòng,2,1,1,3000000,Điện & Nước,Referral,iOS
ZLP007721,2023-12-02,26.0,Female,Hà Nội,1,1,1,500000,Viễn thông,Campaign,Android
ZLP007722,2024-01-31,36.0,Male,Hồ Chí Minh,1,1,1,1000000,Thời trang,Organic,iOS
ZLP007723,2023-12-02,28.0,Male,An Giang,3,1,1,3000000,Điện & Nước,Unknown,Android
ZLP007724,2024-05-30,28.0,Male,Hồ Chí Minh,1,1,1,1000000,Điện & Nước,Campaign,Unknown
ZLP007725,2023-12-02,37.0,Female,Hồ Chí Minh,1,1,1,3000000,Thực phẩm & Ăn uống,Referral,iOS
ZLP007726,2024-01-31,19.0,Female,Hồ Chí Minh,1,1,1,1000000,Thực phẩm & Ăn uống,Campaign,Unknown
ZLP007727,2023-01-01,20.0,Male,Hồ Chí Minh,1,1,1,2000000,Thực phẩm & Ăn uống,Unknown,iOS
ZLP007728,2024-06-29,18.0,Male,Đồng Nai,3,1,1,500000,Thực phẩm & Ăn uống,Referral,Android
ZLP007729,2024-03-01,30.0,Female,Đà Nẵng,2,1,1,1000000,Điện tử,Social,iOS
ZLP007730,2023-10-03,28.0,Male,Nghệ An,3,1,1,2000000,Giải trí,Unknown,Android
ZLP007731,2023-11-02,37.0,Male,Hồ Chí Minh,1,1,1,3000000,Viễn thông,Social,iOS
ZLP007732,2023-11-02,29.0,Female,Hà Nội,1,1,1,2000000,Giải trí,Organic,iOS
ZLP007733,2024-01-31,25.0,Female,Thanh Hóa,3,1,1,500000,Viễn thông,Campaign,Android
ZLP007734,2024-01-31,28.0,Male,Đồng Nai,3,1,1,3000000,Điện tử,Campaign,Android
ZLP007735,2023-11-02,27.0,Female,Bình Dương,3,1,1,500000,Điện tử,Campaign,iOS
ZLP007736,2024-04-30,18.0,Female,Hồ Chí Minh,1,1,1,5000000,Điện & Nước,Campaign,Android
ZLP007737,2024-08-28,44.0,Male,Đồng Nai,3,1,1,1000000,Điện tử,Referral,Android
ZLP007738,2023-04-06,31.0,Male,Hà Nội,1,1,1,2000000,Du lịch & Vận chuyển,Referral,Android
ZLP007739,2023-12-18,29.0,Female,Đà Nẵng,2,0,1,500000,Du lịch & Vận chuyển,Unknown,iOS
ZLP007740,2024-03-01,31.0,Male,Cần Thơ,2,1,1,2000000,Điện tử,Social,iOS
ZLP007741,2024-03-01,32.0,Male,Cần Thơ,2,0,1,2000000,Chăm sóc sức khỏe,Unknown,Android
ZLP007742,2023-01-01,27.0,Female,Bình Dương,3,1,1,2000000,Điện & Nước,Unknown,Android
ZLP007743,2023-11-02,24.0,Female,Cần Thơ,2,1,1,500000,Điện & Nước,Campaign,iOS
ZLP007744,2023-04-06,31.0,Female,Hồ Chí Minh,1,1,1,3000000,Viễn thông,Organic,Android
ZLP007745,2024-01-31,30.0,Male,Hà Nội,1,1,1,3000000,Thời trang,Organic,Android
ZLP007746,2024-03-31,23.0,Female,Cần Thơ,2,1,0,2000000,Thực phẩm & Ăn uống,Unknown,Android
ZLP007747,2023-10-03,36.0,Male,Hà Nội,1,1,1,2000000,Điện tử,Referral,iOS
ZLP007748,2023-12-02,29.0,Female,Hà Nội,1,1,1,2000000,Thực phẩm & Ăn uống,Referral,Android
ZLP007749,2023-12-02,32.0,Female,Hồ Chí Minh,1,1,0,1000000,Chăm sóc sức khỏe,Organic,iOS
ZLP007750,2024-06-29,36.0,Female,Hà Nội,1,1,1,5000000,Điện tử,Social,Android
ZLP007751,2023-11-02,28.0,Male,Thanh Hóa,3,1,1,1000000,Điện tử,Campaign,iOS
ZLP007752,2024-01-31,29.0,Female,Hà Nội,1,1,1,2000000,Chăm sóc sức khỏe,Organic,Android
ZLP007753,2024-05-30,32.0,Female,Đà Nẵng,2,1,1,2000000,Chăm sóc sức khỏe,Organic,Android
ZLP007754,2024-06-29,23.0,Female,Bình Dương,3,0,1,2000000,Chăm sóc sức khỏe,Organic,iOS
ZLP007755,2024-03-31,28.0,Male,Hồ Chí Minh,1,1,1,3000000,Điện & Nước,Organic,iOS
ZLP007756,2023-12-02,28.0,Female,An Giang,3,1,1,1000000,Thời trang,Social,Android
ZLP007757,2024-06-29,22.0,Male,Hà Nội,1,1,1,3000000,Điện & Nước,Social,Android
ZLP007758,2024-05-30,41.0,Female,Hải Phòng,2,1,1,2000000,Điện tử,Organic,Android
ZLP007759,2024-04-30,19.0,Female,Hồ Chí Minh,1,1,1,500000,Điện & Nước,Organic,Android
ZLP007760,2023-04-06,20.0,Female,Hồ Chí Minh,1,0,1,2000000,Giải trí,Referral,Android
ZLP007761,2023-04-06,35.0,Male,Hà Nội,1,0,1,3000000,Thời trang,Social,iOS
ZLP007762,2024-04-30,32.0,Male,Hà Nội,1,1,1,1000000,Viễn thông,Campaign,Android
ZLP007763,2024-09-27,21.0,Female,Hải Phòng,2,1,1,2000000,Thực phẩm & Ăn uống,Campaign,Android
ZLP007764,2024-05-30,31.0,Male,Hồ Chí Minh,1,1,1,2000000,Chăm sóc sức khỏe,Social,iOS
ZLP007765,2024-06-29,36.0,Female,Cần Thơ,2,1,1,2000000,Điện & Nước,Social,Unknown
ZLP007766,2024-01-31,27.0,Female,Hồ Chí Minh,1,1,1,3000000,Thời trang,Social,iOS
ZLP007767,2023-12-02,43.0,Male,Đồng Nai,3,1,1,1000000,Điện & Nước,Organic,iOS
ZLP007768,2024-03-31,18.0,Male,Đồng Nai,3,1,1,2000000,Chăm sóc sức khỏe,Unknown,Android
ZLP007769,2024-04-30,32.0,Female,Hà Nội,1,1,1,2000000,Viễn thông,Organic,Android
ZLP007770,2024-03-31,34.0,Male,Hồ Chí Minh,1,1,1,1000000,Thực phẩm & Ăn uống,Referral,iOS
ZLP007771,2024-09-27,33.0,Male,Cần Thơ,2,1,1,5000000,Thời trang,Campaign,Android
ZLP007772,2023-12-18,26.0,Male,Hồ Chí Minh,1,1,1,500000,Điện & Nước,Referral,Android
ZLP007773,2023-04-06,26.0,Female,Hồ Chí Minh,1,1,1,1000000,Du lịch & Vận chuyển,Organic,iOS
ZLP007774,2024-08-28,30.0,Female,Cần Thơ,2,1,0,3000000,Thực phẩm & Ăn uống,Referral,Android
ZLP007775,2023-10-03,32.0,Male,Thanh Hóa,3,0,1,1000000,Viễn thông,Unknown,iOS
ZLP007776,2024-04-30,31.0,Male,An Giang,3,1,1,3000000,Điện tử,Social,Android
ZLP007777,2024-07-29,34.0,Male,Đà Nẵng,2,1,1,3000000,Du lịch & Vận chuyển,Referral,Android
ZLP007778,2023-12-02,21.0,Female,Đà Nẵng,2,1,1,1000000,Du lịch & Vận chuyển,Campaign,Android
ZLP007779,2024-06-29,26.0,Male,Thanh Hóa,3,1,1,1000000,Thực phẩm & Ăn uống,Social,Android
ZLP007780,2023-12-02,27.0,Female,Đà Nẵng,2,1,1,1000000,Thực phẩm & Ăn uống,Organic,iOS
ZLP007781,2024-06-29,25.0,Male,Hà Nội,1,1,1,1000000,Du lịch & Vận chuyển,Referral,Android
ZLP007782,2023-04-06,34.0,Female,An Giang,3,1,1,1000000,Điện & Nước,Referral,iOS
ZLP007783,2024-03-31,28.0,Female,Hồ Chí Minh,1,1,1,3000000,Điện tử,Campaign,iOS
ZLP007784,2024-03-31,43.0,Female,Hồ Chí Minh,1,1,0,3000000,Điện & Nước,Unknown,iOS
ZLP007785,2024-01-15,29.0,Male,Cần Thơ,2,1,1,500000,Thực phẩm & Ăn uống,Unknown,iOS
ZLP007786,2024-04-30,28.0,Female,Hồ Chí Minh,1,1,1,3000000,Giải trí,Organic,Android
ZLP007787,2024-09-27,28.0,Male,Hà Nội,1,1,1,500000,Thời trang,Campaign,iOS
ZLP007788,2024-04-30,24.0,Male,Hà Nội,1,1,0,2000000,Thực phẩm & Ăn uống,Organic,iOS
ZLP007789,2024-11-26,27.0,Male,Đà Nẵng,2,1,1,1000000,Điện & Nước,Campaign,iOS
ZLP007790,2024-01-01,34.0,Female,Thanh Hóa,3,1,0,500000,Viễn thông,Organic,Android
ZLP007791,2024-01-15,28.0,Female,Hồ Chí Minh,1,1,1,3000000,Điện & Nước,Campaign,Android
ZLP007792,2023-11-02,23.0,Female,Hà Nội,1,1,1,2000000,Du lịch & Vận chuyển,Unknown,iOS
ZLP007793,2024-11-26,22.0,Female,Hồ Chí Minh,1,1,1,2000000,Thời trang,Organic,Android
ZLP007794,2023-04-06,25.0,Male,Cần Thơ,2,1,1,2000000,Điện & Nước,Campaign,Android
ZLP007795,2023-12-18,28.0,Female,Bình Dương,3,1,1,500000,Thực phẩm & Ăn uống,Organic,Android
ZLP007796,2023-12-02,35.0,Female,Hà Nội,1,0,1,3000000,Chăm sóc sức khỏe,Social,Android
ZLP007797,2023-12-18,19.0,Female,Hồ Chí Minh,1,1,1,3000000,Điện & Nước,Unknown,Android
ZLP007798,2024-08-28,26.0,Male,Cần Thơ,2,1,1,500000,Viễn thông,Campaign,Android
ZLP007799,2023-12-18,28.0,Female,Đà Nẵng,2,1,1,1000000,Thời trang,Social,Android
ZLP007800,2024-08-28,18.0,Female,Hồ Chí Minh,1,1,1,2000000,Điện & Nước,Referral,Android
ZLP007801,2023-12-18,22.0,Female,Hà Nội,1,0,1,2000000,Thực phẩm & Ăn uống,Campaign,Android
ZLP007802,2024-07-29,23.0,Male,Hà Nội,1,1,1,2000000,Giải trí,Organic,Android
ZLP007803,2024-01-15,23.0,Female,Thanh Hóa,3,1,0,2000000,Thời trang,Referral,iOS
ZLP007804,2023-12-02,29.0,Female,Hải Phòng,2,0,1,5000000,Điện tử,Campaign,Android
ZLP007805,2024-01-01,27.0,Male,Bình Dương,3,1,1,2000000,Điện tử,Unknown,Android
ZLP007806,2023-12-18,24.0,Male,Hải Phòng,2,1,1,2000000,Viễn thông,Unknown,Android
ZLP007807,2023-11-02,30.0,Male,Bình Dương,3,1,1,2000000,Chăm sóc sức khỏe,Organic,iOS
ZLP007808,2023-12-02,38.0,Female,An Giang,3,1,1,2000000,Điện & Nước,Campaign,Android
ZLP007809,2023-10-03,27.0,Male,Hồ Chí Minh,1,1,1,2000000,Du lịch & Vận chuyển,Campaign,Android
ZLP007810,2023-12-02,18.0,Male,Hà Nội,1,0,1,2000000,Viễn thông,Social,Android
ZLP007811,2024-03-01,31.0,Female,Bình Dương,3,1,1,2000000,Giải trí,Referral,Android
ZLP007812,2023-12-18,26.0,Female,Đà Nẵng,2,1,1,2000000,Chăm sóc sức khỏe,Referral,Unknown
ZLP007813,2024-04-30,28.0,Male,Hồ Chí Minh,1,1,1,1000000,Điện & Nước,Referral,iOS
ZLP007814,2024-11-26,25.0,Male,Hà Nội,1,1,1,2000000,Điện & Nước,Campaign,iOS
ZLP007815,2023-12-18,28.0,Female,Hà Nội,1,1,1,3000000,Điện & Nước,Unknown,Android
ZLP007816,2024-01-01,28.0,Female,Hồ Chí Minh,1,1,1,3000000,Viễn thông,Organic,Android
ZLP007817,2023-10-03,24.0,Male,Hà Nội,1,1,1,3000000,Điện tử,Organic,iOS
ZLP007818,2023-12-18,22.0,Female,Đà Nẵng,2,1,1,2000000,Thực phẩm & Ăn uống,Campaign,Android
ZLP007819,2024-04-30,25.0,Male,Hải Phòng,2,1,1,1000000,Thời trang,Organic,Android
ZLP007820,2023-11-02,29.0,Female,Bình Dương,3,1,1,2000000,Điện & Nước,Campaign,Android
ZLP007821,2023-10-03,31.0,Male,Hải Phòng,2,1,1,1000000,Điện & Nước,Organic,Android
ZLP007822,2023-12-18,27.0,Male,Hải Phòng,2,1,1,3000000,Điện tử,Campaign,Android
ZLP007823,2024-06-29,25.0,Male,Hà Nội,1,1,1,1000000,Chăm sóc sức khỏe,Organic,iOS
ZLP007824,2024-03-01,29.0,Male,Hà Nội,1,1,1,3000000,Thực phẩm & Ăn uống,Organic,Android
ZLP007825,2024-09-27,33.0,Female,Hồ Chí Minh,1,1,1,3000000,Điện & Nước,Campaign,iOS
ZLP007826,2024-08-28,34.0,Female,Nghệ An,3,1,1,3000000,Viễn thông,Social,Android
ZLP007827,2023-10-03,27.0,Female,Hồ Chí Minh,1,0,1,3000000,Thực phẩm & Ăn uống,Referral,Android
ZLP007828,2023-04-06,26.0,Male,Bình Dương,3,1,1,2000000,Thời trang,Organic,iOS
ZLP007829,2023-12-18,29.0,Male,Hà Nội,1,1,1,2000000,Thực phẩm & Ăn uống,Campaign,Android
ZLP007830,2024-01-15,21.0,Male,Nghệ An,3,1,1,1000000,Du lịch & Vận chuyển,Unknown,Android
ZLP007831,2024-01-15,26.0,Male,Hà Nội,1,1,1,1000000,Thực phẩm & Ăn uống,Campaign,Android
ZLP007832,2023-10-03,32.0,Female,Đồng Nai,3,0,1,1000000,Viễn thông,Campaign,Android
ZLP007833,2023-10-03,31.0,Male,Hà Nội,1,1,1,1000000,Viễn thông,Unknown,iOS
ZLP007834,2023-04-06,26.0,Female,Hà Nội,1,1,1,5000000,Thực phẩm & Ăn uống,Organic,Android
ZLP007835,2024-07-29,29.0,Female,Đà Nẵng,2,1,1,1000000,Chăm sóc sức khỏe,Referral,Android
ZLP007836,2024-09-27,23.0,Male,Thanh Hóa,3,1,1,3000000,Chăm sóc sức khỏe,Organic,Android
ZLP007837,2023-07-05,32.0,Female,Đà Nẵng,2,1,1,1000000,Viễn thông,Social,Android
ZLP007838,2023-11-02,27.0,Male,Nghệ An,3,0,1,5000000,Điện & Nước,Organic,iOS
ZLP007839,2023-07-05,26.0,Male,Đồng Nai,3,1,1,1000000,Chăm sóc sức khỏe,Unknown,iOS
ZLP007840,2024-07-29,25.0,Female,Đồng Nai,3,1,1,2000000,Viễn thông,Social,iOS
ZLP007841,2024-09-27,27.0,Male,Hà Nội,1,1,1,2000000,Chăm sóc sức khỏe,Organic,Android
ZLP007842,2023-11-02,25.0,Male,Hà Nội,1,1,1,3000000,Thời trang,Social,Unknown
ZLP007843,2023-12-02,31.0,Female,Hồ Chí Minh,1,1,1,1000000,Thực phẩm & Ăn uống,Unknown,Android
ZLP007844,2023-12-18,25.0,Male,Nghệ An,3,0,1,3000000,Điện & Nước,Organic,iOS
ZLP007845,2024-01-15,37.0,Female,Nghệ An,3,1,1,2000000,Điện tử,Unknown,iOS
ZLP007846,2024-03-31,36.0,Female,Bình Dương,3,1,1,1000000,Chăm sóc sức khỏe,Campaign,iOS
ZLP007847,2024-01-15,22.0,Male,Hà Nội,1,1,1,500000,Thực phẩm & Ăn uống,Organic,iOS
ZLP007848,2024-09-27,28.0,Female,Hồ Chí Minh,1,1,1,3000000,Thực phẩm & Ăn uống,Organic,Android
ZLP007849,2023-07-05,24.0,Female,Thanh Hóa,3,1,1,1000000,Điện tử,Social,Android
ZLP007850,2024-06-29,26.0,Male,Hồ Chí Minh,1,1,1,3000000,Thực phẩm & Ăn uống,Unknown,iOS
ZLP007851,2023-12-02,40.0,Male,Hải Phòng,2,1,1,1000000,Chăm sóc sức khỏe,Social,Android
ZLP007852,2023-12-18,26.0,Female,Hà Nội,1,1,1,2000000,Điện & Nước,Campaign,Android
ZLP007853,2024-04-30,30.0,Male,Hà Nội,1,1,1,2000000,Chăm sóc sức khỏe,Unknown,Android
ZLP007854,2024-09-27,31.0,Female,Hải Phòng,2,1,1,2000000,Viễn thông,Unknown,Android
ZLP007855,2024-04-30,21.0,Female,Hồ Chí Minh,1,1,1,1000000,Điện & Nước,Organic,Android
ZLP007856,2024-05-30,22.0,Female,Hà Nội,1,1,1,3000000,Điện & Nước,Campaign,Android
ZLP007857,2024-05-30,20.0,Female,Nghệ An,3,1,1,3000000,Chăm sóc sức khỏe,Unknown,iOS
ZLP007858,2023-12-02,22.0,Female,Bình Dương,3,1,1,2000000,Điện & Nước,Referral,Android
ZLP007859,2024-05-30,18.0,Female,Bình Dương,3,1,0,2000000,Giải trí,Campaign,Android
ZLP007860,2024-05-30,31.0,Female,Bình Dương,3,0,1,2000000,Thời trang,Referral,Android
ZLP007861,2024-01-31,40.0,Female,Hồ Chí Minh,1,1,1,5000000,Điện tử,Campaign,Android
ZLP007862,2024-01-31,28.0,Male,Hồ Chí Minh,1,1,0,3000000,Điện tử,Organic,iOS
ZLP007863,2024-05-30,19.0,Female,Hà Nội,1,1,0,1000000,Viễn thông,Organic,iOS
ZLP007864,2024-06-29,24.0,Female,Hà Nội,1,1,1,1000000,Chăm sóc sức khỏe,Organic,Android
ZLP007865,2023-12-02,25.0,Female,Hà Nội,1,1,1,5000000,Giải trí,Organic,Android
ZLP007866,2024-06-29,21.0,Male,Đồng Nai,3,1,1,1000000,Thực phẩm & Ăn uống,Referral,iOS
ZLP007867,2024-06-29,33.0,Male,Hồ Chí Minh,1,1,1,5000000,Chăm sóc sức khỏe,Organic,Android
ZLP007868,2023-11-02,32.0,Female,Cần Thơ,2,1,1,2000000,Chăm sóc sức khỏe,Campaign,Android
ZLP007869,2024-04-30,21.0,Female,Hồ Chí Minh,1,1,0,500000,Thời trang,Referral,iOS
ZLP007870,2023-10-03,32.0,Male,Hồ Chí Minh,1,1,1,1000000,Thực phẩm & Ăn uống,Campaign,iOS
ZLP007871,2023-07-05,37.0,Female,Hà Nội,1,0,1,2000000,Thực phẩm & Ăn uống,Organic,Android
ZLP007872,2024-01-31,39.0,Other,Hải Phòng,2,1,1,3000000,Viễn thông,Campaign,Android
ZLP007873,2024-08-28,45.0,Female,Hồ Chí Minh,1,1,1,1000000,Thực phẩm & Ăn uống,Campaign,Android
ZLP007874,2023-04-06,22.0,Female,Đà Nẵng,2,1,1,1000000,Giải trí,Campaign,iOS
ZLP007875,2024-06-29,44.0,Male,Cần Thơ,2,1,1,5000000,Thực phẩm & Ăn uống,Campaign,Android
ZLP007876,2024-01-15,25.0,Female,Hồ Chí Minh,1,1,1,500000,Điện tử,Campaign,Android
ZLP007877,2024-07-29,24.0,Female,Đà Nẵng,2,1,1,2000000,Viễn thông,Organic,iOS
ZLP007878,2024-07-29,29.0,Female,An Giang,3,1,1,2000000,Thực phẩm & Ăn uống,Referral,iOS
ZLP007879,2024-07-29,24.0,Male,Đà Nẵng,2,1,1,500000,Điện & Nước,Organic,Android
ZLP007880,2024-05-30,30.0,Male,Hồ Chí Minh,1,1,0,500000,Điện tử,Campaign,iOS
ZLP007881,2024-07-29,20.0,Female,Cần Thơ,2,1,1,2000000,Điện tử,Referral,iOS
ZLP007882,2023-10-03,26.0,Male,Đà Nẵng,2,1,1,1000000,Thực phẩm & Ăn uống,Referral,Android
ZLP007883,2023-12-02,35.0,Female,Hồ Chí Minh,1,1,1,2000000,Thực phẩm & Ăn uống,Campaign,iOS
ZLP007884,2023-11-02,27.0,Female,Hồ Chí Minh,1,1,0,2000000,Du lịch & Vận chuyển,Social,Android
ZLP007885,2024-05-30,28.0,Female,Hồ Chí Minh,1,1,1,2000000,Điện & Nước,Referral,Android
ZLP007886,2023-10-03,30.0,Female,Hồ Chí Minh,1,1,1,2000000,Du lịch & Vận chuyển,Campaign,Android
ZLP007887,2023-10-03,35.0,Male,Hồ Chí Minh,1,1,1,1000000,Thực phẩm & Ăn uống,Social,iOS
ZLP007888,2024-08-28,18.0,Female,Hà Nội,1,1,1,1000000,Chăm sóc sức khỏe,Organic,Android
ZLP007889,2024-04-30,31.0,Female,Hà Nội,1,1,1,1000000,Chăm sóc sức khỏe,Campaign,Android
ZLP007890,2024-07-29,26.0,Female,An Giang,3,1,1,2000000,Điện & Nước,Referral,iOS
ZLP007891,2023-10-03,28.0,Female,Cần Thơ,2,1,1,5000000,Chăm sóc sức khỏe,Social,iOS
ZLP007892,2023-12-18,34.0,Female,Hải Phòng,2,1,1,1000000,Điện tử,Campaign,Android
ZLP007893,2023-12-02,20.0,Female,Đà Nẵng,2,0,1,2000000,Điện & Nước,Unknown,iOS
ZLP007894,2023-01-01,21.0,Male,Hồ Chí Minh,1,1,0,3000000,Giải trí,Organic,Android
ZLP007895,2023-12-02,18.0,Female,Hà Nội,1,0,0,3000000,Thời trang,Campaign,Android
ZLP007896,2023-12-18,24.0,Female,Đồng Nai,3,1,0,5000000,Điện & Nước,Campaign,Android
ZLP007897,2023-07-05,35.0,Male,Hồ Chí Minh,1,1,1,1000000,Điện & Nước,Social,Android
ZLP007898,2024-01-31,27.0,Female,Hồ Chí Minh,1,1,1,500000,Thời trang,Organic,iOS
ZLP007899,2023-12-18,19.0,Female,Hà Nội,1,1,1,1000000,Điện & Nước,Unknown,Android
ZLP007900,2023-04-06,25.0,Female,Hà Nội,1,1,1,1000000,Điện & Nước,Campaign,Android
ZLP007901,2024-04-30,19.0,Female,Hà Nội,1,1,1,2000000,Giải trí,Campaign,iOS
ZLP007902,2024-04-30,21.0,Female,Hồ Chí Minh,1,1,1,3000000,Điện tử,Organic,iOS
ZLP007903,2024-06-29,30.0,Male,Hồ Chí Minh,1,1,1,2000000,Thời trang,Unknown,Android
ZLP007904,2024-01-15,20.0,Male,Bình Dương,3,1,1,1000000,Viễn thông,Unknown,iOS
ZLP007905,2024-11-26,34.0,Female,Hà Nội,1,1,1,1000000,Viễn thông,Campaign,Android
ZLP007906,2024-08-28,27.0,Female,Cần Thơ,2,1,1,5000000,Thực phẩm & Ăn uống,Organic,Android
ZLP007907,2024-01-31,27.0,Female,Đà Nẵng,2,1,1,2000000,Điện tử,Organic,Android
ZLP007908,2024-01-01,26.0,Male,Đà Nẵng,2,1,1,5000000,Điện & Nước,Organic,Android
ZLP007909,2023-01-01,32.0,Male,Hồ Chí Minh,1,1,1,3000000,Điện & Nước,Campaign,iOS
ZLP007910,2024-04-30,32.0,Female,Đà Nẵng,2,1,1,5000000,Du lịch & Vận chuyển,Social,iOS
ZLP007911,2024-01-31,30.0,Male,Hồ Chí Minh,1,1,1,3000000,Chăm sóc sức khỏe,Social,iOS
ZLP007912,2024-09-27,31.0,Female,Hà Nội,1,1,1,2000000,Điện tử,Campaign,Android
ZLP007913,2024-03-01,26.0,Female,Đà Nẵng,2,1,0,3000000,Thực phẩm & Ăn uống,Social,Android
ZLP007914,2024-11-26,31.0,Female,Hồ Chí Minh,1,1,1,2000000,Điện & Nước,Unknown,iOS
ZLP007915,2024-07-29,25.0,Male,Hồ Chí Minh,1,1,1,1000000,Điện & Nước,Campaign,Android
ZLP007916,2024-09-27,28.0,Female,Hồ Chí Minh,1,1,1,1000000,Du lịch & Vận chuyển,Campaign,Android
ZLP007917,2023-12-02,26.0,Female,Hồ Chí Minh,1,1,1,2000000,Thực phẩm & Ăn uống,Organic,Android
ZLP007918,2023-10-03,25.0,Male,Hà Nội,1,1,1,1000000,Điện tử,Organic,Android
ZLP007919,2024-06-29,23.0,Male,Thanh Hóa,3,1,1,1000000,Thực phẩm & Ăn uống,Campaign,Android
ZLP007920,2024-06-29,27.0,Male,Hà Nội,1,1,1,2000000,Điện tử,Social,Android
ZLP007921,2023-11-02,35.0,Female,Hà Nội,1,1,1,5000000,Viễn thông,Campaign,Android
ZLP007922,2024-05-30,35.0,Female,Cần Thơ,2,1,1,2000000,Thực phẩm & Ăn uống,Organic,Android
ZLP007923,2024-03-01,20.0,Female,Cần Thơ,2,1,1,2000000,Thực phẩm & Ăn uống,Organic,Android
ZLP007924,2023-07-05,35.0,Other,Nghệ An,3,1,1,1000000,Viễn thông,Unknown,Android
ZLP007925,2024-01-15,26.0,Female,Hải Phòng,2,0,1,1000000,Thời trang,Referral,Android
ZLP007926,2024-09-27,31.0,Female,Đồng Nai,3,1,1,2000000,Thời trang,Social,Android
ZLP007927,2024-01-15,22.0,Male,Nghệ An,3,0,1,3000000,Thực phẩm & Ăn uống,Social,iOS
ZLP007928,2024-06-29,28.0,Female,Hồ Chí Minh,1,0,1,2000000,Thời trang,Social,Android
ZLP007929,2023-01-01,29.0,Female,Cần Thơ,2,1,1,2000000,Điện & Nước,Unknown,iOS
ZLP007930,2024-04-30,19.0,Female,Hải Phòng,2,0,1,3000000,Thực phẩm & Ăn uống,Social,iOS
ZLP007931,2024-09-27,31.0,Female,Cần Thơ,2,0,1,500000,Viễn thông,Campaign,iOS
ZLP007932,2024-01-15,36.0,Female,Thanh Hóa,3,1,1,1000000,Điện tử,Organic,iOS
ZLP007933,2023-12-02,26.0,Female,Hồ Chí Minh,1,0,1,3000000,Điện & Nước,Campaign,iOS
ZLP007934,2024-03-31,27.0,Female,Hà Nội,1,1,1,2000000,Viễn thông,Campaign,iOS
ZLP007935,2024-08-28,26.0,Male,Hồ Chí Minh,3,1,1,500000,Du lịch & Vận chuyển,Campaign,iOS
ZLP007936,2023-10-03,33.0,Female,Hà Nội,1,1,1,1000000,Viễn thông,Referral,Android
ZLP007937,2023-12-18,18.0,Female,Bình Dương,3,1,1,2000000,Điện & Nước,Referral,iOS
ZLP007938,2023-10-03,42.0,Male,Hồ Chí Minh,1,1,1,1000000,Điện tử,Organic,Android
ZLP007939,2024-01-15,36.0,Male,Bình Dương,3,0,1,3000000,Điện & Nước,Campaign,Android
ZLP007940,2024-01-31,26.0,Female,Nghệ An,3,0,1,500000,Thực phẩm & Ăn uống,Referral,iOS
ZLP007941,2024-09-27,18.0,Female,Hà Nội,1,1,1,1000000,Chăm sóc sức khỏe,Organic,iOS
ZLP007942,2023-12-18,29.0,Male,Hồ Chí Minh,1,1,0,1000000,Giải trí,Referral,Android
ZLP007943,2024-01-31,19.0,Female,Hồ Chí Minh,1,0,1,5000000,Viễn thông,Organic,Android
ZLP007944,2024-08-28,30.0,Female,An Giang,3,1,1,3000000,Viễn thông,Social,Android
ZLP007945,2023-12-02,30.0,Female,Bình Dương,3,0,0,3000000,Thời trang,Campaign,iOS
ZLP007946,2024-03-31,22.0,Male,Hồ Chí Minh,1,1,1,2000000,Viễn thông,Unknown,Android
ZLP007947,2024-05-30,34.0,Male,Hồ Chí Minh,1,0,1,3000000,Điện & Nước,Referral,iOS
ZLP007948,2023-12-02,32.0,Male,Đồng Nai,3,1,1,3000000,Thực phẩm & Ăn uống,Campaign,Android
ZLP007949,2023-10-03,33.0,Male,Đồng Nai,3,0,1,2000000,Điện & Nước,Organic,Android
ZLP007950,2024-01-15,28.0,Male,Hồ Chí Minh,1,0,1,5000000,Du lịch & Vận chuyển,Social,iOS
ZLP007951,2023-12-02,19.0,Female,Hà Nội,1,0,1,3000000,Thực phẩm & Ăn uống,Campaign,Android
ZLP007952,2023-11-02,33.0,Female,Đồng Nai,3,1,1,5000000,Thực phẩm & Ăn uống,Organic,iOS
ZLP007953,2024-11-26,26.0,Male,Đà Nẵng,2,1,0,3000000,Chăm sóc sức khỏe,Unknown,Unknown
ZLP007954,2024-01-15,19.0,Male,Nghệ An,3,1,1,3000000,Thực phẩm & Ăn uống,Organic,Android
ZLP007955,2024-07-29,36.0,Female,Hà Nội,1,1,1,5000000,Điện tử,Unknown,iOS
ZLP007956,2023-11-02,40.0,Female,Cần Thơ,2,1,1,2000000,Viễn thông,Campaign,Android
ZLP007957,2024-09-27,27.0,Male,Đà Nẵng,2,1,1,3000000,Thực phẩm & Ăn uống,Referral,Android
ZLP007958,2024-06-29,40.0,Female,Nghệ An,3,0,0,1000000,Điện tử,Campaign,Android
ZLP007959,2024-06-29,28.0,Male,Hà Nội,1,1,1,3000000,Thực phẩm & Ăn uống,Organic,iOS
ZLP007960,2023-12-18,25.0,Male,Hồ Chí Minh,1,0,1,3000000,Điện & Nước,Referral,iOS
ZLP007961,2024-01-15,24.0,Male,Hà Nội,1,1,1,3000000,Điện tử,Organic,Android
ZLP007962,2024-03-01,37.0,Female,Hải Phòng,2,1,1,3000000,Thực phẩm & Ăn uống,Referral,Android
ZLP007963,2024-06-29,23.0,Male,Hà Nội,1,0,1,2000000,Viễn thông,Organic,iOS
ZLP007964,2024-07-29,32.0,Male,Hà Nội,1,1,1,2000000,Giải trí,Organic,Android
ZLP007965,2023-07-05,24.0,Male,Đà Nẵng,2,1,1,500000,Du lịch & Vận chuyển,Campaign,Android
ZLP007966,2024-08-28,25.0,Female,Hồ Chí Minh,1,1,1,1000000,Điện & Nước,Social,iOS
ZLP007967,2024-09-27,34.0,Male,Hồ Chí Minh,1,1,1,2000000,Thời trang,Referral,Android
ZLP007968,2024-03-01,25.0,Male,Hà Nội,1,1,1,2000000,Thực phẩm & Ăn uống,Organic,Android
ZLP007969,2023-10-03,25.0,Male,Cần Thơ,2,1,1,1000000,Điện & Nước,Unknown,iOS
ZLP007970,2024-06-29,34.0,Male,Bình Dương,3,0,1,1000000,Điện & Nước,Campaign,Android
ZLP007971,2024-01-31,37.0,Female,Đồng Nai,3,1,1,1000000,Thời trang,Referral,iOS
ZLP007972,2024-06-29,31.0,Male,An Giang,3,1,1,3000000,Viễn thông,Campaign,Android
ZLP007973,2024-06-29,24.0,Male,Hà Nội,1,1,1,2000000,Điện tử,Campaign,Android
ZLP007974,2023-07-05,24.0,Female,Bình Dương,3,1,1,500000,Thực phẩm & Ăn uống,Campaign,Android
ZLP007975,2024-03-01,27.0,Male,Hồ Chí Minh,1,1,1,3000000,Điện tử,Organic,Android
ZLP007976,2024-01-15,29.0,Male,Hồ Chí Minh,1,1,1,1000000,Chăm sóc sức khỏe,Social,iOS
ZLP007977,2024-09-27,22.0,Male,Hồ Chí Minh,1,1,1,2000000,Điện tử,Referral,iOS
ZLP007978,2023-12-02,32.0,Female,Hà Nội,1,0,1,1000000,Thực phẩm & Ăn uống,Referral,iOS
ZLP007979,2023-11-02,28.0,Female,Hồ Chí Minh,1,1,1,5000000,Giải trí,Organic,iOS
ZLP007980,2024-08-28,18.0,Female,Hà Nội,1,1,1,500000,Viễn thông,Referral,iOS
ZLP007981,2023-10-03,22.0,Female,Cần Thơ,2,1,1,3000000,Thực phẩm & Ăn uống,Organic,Android
ZLP007982,2024-04-30,24.0,Female,Hà Nội,1,1,1,2000000,Thực phẩm & Ăn uống,Referral,Android
ZLP007983,2023-12-02,27.0,Female,Đà Nẵng,2,1,1,500000,Thực phẩm & Ăn uống,Campaign,iOS
ZLP007984,2024-01-31,39.0,Female,Hà Nội,1,1,1,500000,Điện & Nước,Organic,iOS
ZLP007985,2024-03-01,29.0,Male,Hồ Chí Minh,1,1,1,1000000,Thực phẩm & Ăn uống,Unknown,Android
ZLP007986,2023-12-18,22.0,Female,Hồ Chí Minh,1,1,1,3000000,Viễn thông,Organic,Android
ZLP007987,2024-11-26,29.0,Female,Hồ Chí Minh,1,1,1,500000,Du lịch & Vận chuyển,Social,iOS
ZLP007988,2023-10-03,25.0,Other,Hồ Chí Minh,1,1,1,3000000,Điện tử,Organic,iOS
ZLP007989,2023-12-18,29.0,Male,Cần Thơ,2,0,1,2000000,Viễn thông,Unknown,Android
ZLP007990,2024-01-01,31.0,Female,Đồng Nai,3,1,1,1000000,Thời trang,Organic,Android
ZLP007991,2024-03-01,35.0,Female,Hà Nội,1,1,1,500000,Chăm sóc sức khỏe,Campaign,Android
ZLP007992,2023-12-18,27.0,Male,Hà Nội,1,1,1,5000000,Du lịch & Vận chuyển,Organic,Android
ZLP007993,2023-07-05,37.0,Male,Đồng Nai,3,1,1,1000000,Điện & Nước,Social,Android
ZLP007994,2024-09-27,33.0,Female,Hồ Chí Minh,1,1,1,1000000,Chăm sóc sức khỏe,Campaign,Android
ZLP007995,2023-12-18,23.0,Male,Hồ Chí Minh,1,1,1,2000000,Giải trí,Organic,Android
ZLP007996,2023-12-02,41.0,Female,Đà Nẵng,2,1,1,1000000,Thực phẩm & Ăn uống,Referral,Android
ZLP007997,2024-01-01,29.0,Female,Cần Thơ,2,1,1,2000000,Giải trí,Campaign,iOS
ZLP007998,2023-11-02,22.0,Female,Đà Nẵng,2,1,1,500000,Giải trí,Social,iOS
ZLP007999,2023-07-05,37.0,Male,Bình Dương,3,1,1,5000000,Điện tử,Campaign,Android
ZLP008000,2023-10-03,27.0,Female,Hồ Chí Minh,1,0,1,2000000,Chăm sóc sức khỏe,Campaign,Android
